CASE
KIND 0
PARFLOAT 2.0 1.0 0.3 0.45 0.5 6.0 10.0 20.0 100.0 1.0 0.0 2.0 2.0 0.0 0.0 100.0 0.0 1.0 0.0 10.0 5.0 0.2 1.0 0.5 0.0 2.0 0.1 0.5 0.5 1.0 5.0 1.0 0.5
PARINT 1000 100000 0 2 2 15 2
PARBOOL 1 0 0 1 1 1 0 1 1 0 1 1
PARGP astar_heat
PARDRONEBBOX 0.2 0.2 0.2
PARSFC 3.0 3.0 3.0
WD 8.0 8.0 3.0
CENTER 0.0 0.0 1.5
TMAX 2.0
NCLOUD 0
CLOUD 
NOBST 1
OBSTPOS 0.5 0.0 1.5
OBSTBBOX 0.3 0.3 0.4
START -4.2 0.0 1.95
STARTVEL 0.0 0.0 0.0
GOAL 4.799999999999999 3.299999999999999 1.6500000000000001
CURTIME 0.0
MGRRES 0.3
MGRDRONER 0.1
MGRWEIGHT 2.0
DIM 35 35 8
SUCCESS 1
FINALG 9.590620417887468
NPROC 11
PROC -4.2 0.0 1.95 -3.2615831293652184 0.34408618589941986 1.9187194376455072 -2.3231662587304367 0.6881723717988397 1.8874388752910145 -1.3847493880956554 1.0322585576982597 1.8561583129365218 -0.44633251746087366 1.3763447435976794 1.824877750582029 0.4920843531739081 1.7204309294970992 1.7935971882275363 1.4305012238086894 2.0645171153965194 1.7623166258730438 2.3689180944434716 2.408603301295939 1.731036063518551 3.307334965078253 2.752689487195359 1.6997555011640584 4.245751835713034 3.0967756730947786 1.6684749388095657 4.799999999999999 3.299999999999999 1.6500000000000001
PROCCELL 3 17 4 6 18 4 9 19 4 12 20 4 16 22 4 19 23 3 22 24 3 25 25 3 28 26 3 31 27 3 33 28 3
NRAW 31
RAW -4.2 0.0 1.95 -3.9000000000000004 0.2999999999999998 1.95 -3.6 0.5999999999999996 1.95 -3.3 0.8999999999999995 1.95 -3.0 1.2000000000000002 1.95 -2.7 1.5 1.95 -2.4 1.7999999999999998 1.95 -2.1 1.7999999999999998 1.95 -1.8000000000000003 1.7999999999999998 1.95 -1.5 2.0999999999999996 1.95 -1.2000000000000002 2.0999999999999996 1.95 -0.9000000000000004 2.0999999999999996 1.95 -0.6000000000000005 2.0999999999999996 1.95 -0.2999999999999998 2.0999999999999996 1.95 0.0 2.3999999999999995 1.95 0.2999999999999998 2.3999999999999995 1.95 0.5999999999999996 2.3999999999999995 1.95 0.8999999999999995 2.3999999999999995 1.95 1.2000000000000002 2.3999999999999995 1.95 1.5 2.6999999999999993 1.95 1.7999999999999998 2.6999999999999993 1.95 2.0999999999999996 2.6999999999999993 1.95 2.3999999999999995 2.6999999999999993 1.95 2.6999999999999993 2.6999999999999993 1.95 3.0 3.0 1.95 3.299999999999999 3.0 1.95 3.5999999999999996 3.0 1.95 3.9000000000000004 3.0 1.95 4.199999999999999 3.299999999999999 1.6500000000000001 4.5 3.299999999999999 1.6500000000000001 4.799999999999999 3.299999999999999 1.6500000000000001
RAWCELL 3 17 4 4 18 4 5 19 4 6 20 4 7 21 4 8 22 4 9 23 4 10 23 4 11 23 4 12 24 4 13 24 4 14 24 4 15 24 4 16 24 4 17 25 4 18 25 4 19 25 4 20 25 4 21 25 4 22 26 4 23 26 4 24 26 4 25 26 4 26 26 4 27 27 4 28 27 4 29 27 4 30 27 4 31 28 3 32 28 3 33 28 3
NPROBE 75
PROBE 1 15 3 1 15 4 1 15 5 1 16 3 1 16 4 1 16 5 1 17 3 1 17 4 1 17 5 1 18 3 1 18 4 1 18 5 1 19 3 1 19 4 1 19 5 2 15 3 2 15 4 2 15 5 2 16 3 2 16 4 2 16 5 2 17 3 2 17 4 2 17 5 2 18 3 2 18 4 2 18 5 2 19 3 2 19 4 2 19 5 3 15 3 3 15 4 3 15 5 3 16 3 3 16 4 3 16 5 3 17 3 3 17 4 3 17 5 3 18 3 3 18 4 3 18 5 3 19 3 3 19 4 3 19 5 4 15 3 4 15 4 4 15 5 4 16 3 4 16 4 4 16 5 4 17 3 4 17 4 4 17 5 4 18 3 4 18 4 4 18 5 4 19 3 4 19 4 4 19 5 5 15 3 5 15 4 5 15 5 5 16 3 5 16 4 5 16 5 5 17 3 5 17 4 5 17 5 5 18 3 5 18 4 5 18 5 5 19 3 5 19 4 5 19 5
CARVEBEFORE 1 1 1 1 1 1 1 1 1 1 1 1 1 1 1 1 1 1 1 1 1 1 1 1 1 1 1 1 1 1 1 1 1 1 1 1 1 1 1 1 1 1 1 1 1 1 1 1 1 1 1 1 1 1 1 1 1 1 1 1 1 1 1 1 1 1 1 1 1 1 1 1 1 1 1
CARVEAFTER 1 1 1 1 1 1 1 1 1 1 1 1 1 1 1 1 1 1 1 1 1 1 1 1 1 1 1 1 1 1 1 1 1 1 1 1 1 1 1 1 1 1 1 1 1 1 1 1 1 1 1 1 1 1 1 1 1 1 1 1 1 1 1 1 1 1 1 1 1 1 1 1 1 1 1
END
CASE
KIND 0
PARFLOAT 1.0 1.5 0.25 0.3 0.5 6.0 10.0 20.0 100.0 0.8 0.0 1.0 1.5 0.0 0.0 100.0 0.0 0.4 12.0 10.0 5.0 0.2 1.0 0.5 0.0 2.0 0.1 0.5 0.5 1.0 5.0 1.0 0.5
PARINT 1000 100000 1 2 2 15 2
PARBOOL 1 1 0 1 1 1 0 1 1 0 1 1
PARGP sastar
PARDRONEBBOX 0.3 0.25 0.2
PARSFC 3.0 3.0 3.0
WD 9.0 9.0 3.0
CENTER 0.0 0.0 1.4
TMAX 2.5
NCLOUD 250
CLOUD -0.3 0.39999999999999997 0.8999999999999999 -0.3 0.39999999999999997 0.9999999999999999 -0.3 0.39999999999999997 1.0999999999999999 -0.3 0.39999999999999997 1.2 -0.3 0.39999999999999997 1.2999999999999998 -0.3 0.39999999999999997 1.4 -0.3 0.39999999999999997 1.5 -0.3 0.39999999999999997 1.6 -0.3 0.39999999999999997 1.7 -0.3 0.39999999999999997 1.7999999999999998 -0.3 0.39999999999999997 1.9 -0.3 0.5 0.8999999999999999 -0.3 0.5 0.9999999999999999 -0.3 0.5 1.0999999999999999 -0.3 0.5 1.2 -0.3 0.5 1.2999999999999998 -0.3 0.5 1.4 -0.3 0.5 1.5 -0.3 0.5 1.6 -0.3 0.5 1.7 -0.3 0.5 1.7999999999999998 -0.3 0.5 1.9 -0.3 0.6 0.8999999999999999 -0.3 0.6 0.9999999999999999 -0.3 0.6 1.0999999999999999 -0.3 0.6 1.2 -0.3 0.6 1.2999999999999998 -0.3 0.6 1.4 -0.3 0.6 1.5 -0.3 0.6 1.6 -0.3 0.6 1.7 -0.3 0.6 1.7999999999999998 -0.3 0.6 1.9 -0.3 0.7 0.8999999999999999 -0.3 0.7 0.9999999999999999 -0.3 0.7 1.0999999999999999 -0.3 0.7 1.2 -0.3 0.7 1.2999999999999998 -0.3 0.7 1.4 -0.3 0.7 1.5 -0.3 0.7 1.6 -0.3 0.7 1.7 -0.3 0.7 1.7999999999999998 -0.3 0.7 1.9 -0.3 0.8 0.8999999999999999 -0.3 0.8 0.9999999999999999 -0.3 0.8 1.0999999999999999 -0.3 0.8 1.2 -0.3 0.8 1.2999999999999998 -0.3 0.8 1.4 -0.3 0.8 1.5 -0.3 0.8 1.6 -0.3 0.8 1.7 -0.3 0.8 1.7999999999999998 -0.3 0.8 1.9 -0.2 0.39999999999999997 0.8999999999999999 -0.2 0.39999999999999997 0.9999999999999999 -0.2 0.39999999999999997 1.0999999999999999 -0.2 0.39999999999999997 1.2 -0.2 0.39999999999999997 1.2999999999999998 -0.2 0.39999999999999997 1.4 -0.2 0.39999999999999997 1.5 -0.2 0.39999999999999997 1.6 -0.2 0.39999999999999997 1.7 -0.2 0.39999999999999997 1.7999999999999998 -0.2 0.39999999999999997 1.9 -0.2 0.5 0.8999999999999999 -0.2 0.5 1.9 -0.2 0.6 0.8999999999999999 -0.2 0.6 1.9 -0.2 0.7 0.8999999999999999 -0.2 0.7 1.9 -0.2 0.8 0.8999999999999999 -0.2 0.8 0.9999999999999999 -0.2 0.8 1.0999999999999999 -0.2 0.8 1.2 -0.2 0.8 1.2999999999999998 -0.2 0.8 1.4 -0.2 0.8 1.5 -0.2 0.8 1.6 -0.2 0.8 1.7 -0.2 0.8 1.7999999999999998 -0.2 0.8 1.9 -0.1 0.39999999999999997 0.8999999999999999 -0.1 0.39999999999999997 0.9999999999999999 -0.1 0.39999999999999997 1.0999999999999999 -0.1 0.39999999999999997 1.2 -0.1 0.39999999999999997 1.2999999999999998 -0.1 0.39999999999999997 1.4 -0.1 0.39999999999999997 1.5 -0.1 0.39999999999999997 1.6 -0.1 0.39999999999999997 1.7 -0.1 0.39999999999999997 1.7999999999999998 -0.1 0.39999999999999997 1.9 -0.1 0.5 0.8999999999999999 -0.1 0.5 1.9 -0.1 0.6 0.8999999999999999 -0.1 0.6 1.9 -0.1 0.7 0.8999999999999999 -0.1 0.7 1.9 -0.1 0.8 0.8999999999999999 -0.1 0.8 0.9999999999999999 -0.1 0.8 1.0999999999999999 -0.1 0.8 1.2 -0.1 0.8 1.2999999999999998 -0.1 0.8 1.4 -0.1 0.8 1.5 -0.1 0.8 1.6 -0.1 0.8 1.7 -0.1 0.8 1.7999999999999998 -0.1 0.8 1.9 0.0 0.39999999999999997 0.8999999999999999 0.0 0.39999999999999997 0.9999999999999999 0.0 0.39999999999999997 1.0999999999999999 0.0 0.39999999999999997 1.2 0.0 0.39999999999999997 1.2999999999999998 0.0 0.39999999999999997 1.4 0.0 0.39999999999999997 1.5 0.0 0.39999999999999997 1.6 0.0 0.39999999999999997 1.7 0.0 0.39999999999999997 1.7999999999999998 0.0 0.39999999999999997 1.9 0.0 0.5 0.8999999999999999 0.0 0.5 1.9 0.0 0.6 0.8999999999999999 0.0 0.6 1.9 0.0 0.7 0.8999999999999999 0.0 0.7 1.9 0.0 0.8 0.8999999999999999 0.0 0.8 0.9999999999999999 0.0 0.8 1.0999999999999999 0.0 0.8 1.2 0.0 0.8 1.2999999999999998 0.0 0.8 1.4 0.0 0.8 1.5 0.0 0.8 1.6 0.0 0.8 1.7 0.0 0.8 1.7999999999999998 0.0 0.8 1.9 0.09999999999999998 0.39999999999999997 0.8999999999999999 0.09999999999999998 0.39999999999999997 0.9999999999999999 0.09999999999999998 0.39999999999999997 1.0999999999999999 0.09999999999999998 0.39999999999999997 1.2 0.09999999999999998 0.39999999999999997 1.2999999999999998 0.09999999999999998 0.39999999999999997 1.4 0.09999999999999998 0.39999999999999997 1.5 0.09999999999999998 0.39999999999999997 1.6 0.09999999999999998 0.39999999999999997 1.7 0.09999999999999998 0.39999999999999997 1.7999999999999998 0.09999999999999998 0.39999999999999997 1.9 0.09999999999999998 0.5 0.8999999999999999 0.09999999999999998 0.5 1.9 0.09999999999999998 0.6 0.8999999999999999 0.09999999999999998 0.6 1.9 0.09999999999999998 0.7 0.8999999999999999 0.09999999999999998 0.7 1.9 0.09999999999999998 0.8 0.8999999999999999 0.09999999999999998 0.8 0.9999999999999999 0.09999999999999998 0.8 1.0999999999999999 0.09999999999999998 0.8 1.2 0.09999999999999998 0.8 1.2999999999999998 0.09999999999999998 0.8 1.4 0.09999999999999998 0.8 1.5 0.09999999999999998 0.8 1.6 0.09999999999999998 0.8 1.7 0.09999999999999998 0.8 1.7999999999999998 0.09999999999999998 0.8 1.9 0.19999999999999996 0.39999999999999997 0.8999999999999999 0.19999999999999996 0.39999999999999997 0.9999999999999999 0.19999999999999996 0.39999999999999997 1.0999999999999999 0.19999999999999996 0.39999999999999997 1.2 0.19999999999999996 0.39999999999999997 1.2999999999999998 0.19999999999999996 0.39999999999999997 1.4 0.19999999999999996 0.39999999999999997 1.5 0.19999999999999996 0.39999999999999997 1.6 0.19999999999999996 0.39999999999999997 1.7 0.19999999999999996 0.39999999999999997 1.7999999999999998 0.19999999999999996 0.39999999999999997 1.9 0.19999999999999996 0.5 0.8999999999999999 0.19999999999999996 0.5 1.9 0.19999999999999996 0.6 0.8999999999999999 0.19999999999999996 0.6 1.9 0.19999999999999996 0.7 0.8999999999999999 0.19999999999999996 0.7 1.9 0.19999999999999996 0.8 0.8999999999999999 0.19999999999999996 0.8 0.9999999999999999 0.19999999999999996 0.8 1.0999999999999999 0.19999999999999996 0.8 1.2 0.19999999999999996 0.8 1.2999999999999998 0.19999999999999996 0.8 1.4 0.19999999999999996 0.8 1.5 0.19999999999999996 0.8 1.6 0.19999999999999996 0.8 1.7 0.19999999999999996 0.8 1.7999999999999998 0.19999999999999996 0.8 1.9 0.3 0.39999999999999997 0.8999999999999999 0.3 0.39999999999999997 0.9999999999999999 0.3 0.39999999999999997 1.0999999999999999 0.3 0.39999999999999997 1.2 0.3 0.39999999999999997 1.2999999999999998 0.3 0.39999999999999997 1.4 0.3 0.39999999999999997 1.5 0.3 0.39999999999999997 1.6 0.3 0.39999999999999997 1.7 0.3 0.39999999999999997 1.7999999999999998 0.3 0.39999999999999997 1.9 0.3 0.5 0.8999999999999999 0.3 0.5 0.9999999999999999 0.3 0.5 1.0999999999999999 0.3 0.5 1.2 0.3 0.5 1.2999999999999998 0.3 0.5 1.4 0.3 0.5 1.5 0.3 0.5 1.6 0.3 0.5 1.7 0.3 0.5 1.7999999999999998 0.3 0.5 1.9 0.3 0.6 0.8999999999999999 0.3 0.6 0.9999999999999999 0.3 0.6 1.0999999999999999 0.3 0.6 1.2 0.3 0.6 1.2999999999999998 0.3 0.6 1.4 0.3 0.6 1.5 0.3 0.6 1.6 0.3 0.6 1.7 0.3 0.6 1.7999999999999998 0.3 0.6 1.9 0.3 0.7 0.8999999999999999 0.3 0.7 0.9999999999999999 0.3 0.7 1.0999999999999999 0.3 0.7 1.2 0.3 0.7 1.2999999999999998 0.3 0.7 1.4 0.3 0.7 1.5 0.3 0.7 1.6 0.3 0.7 1.7 0.3 0.7 1.7999999999999998 0.3 0.7 1.9 0.3 0.8 0.8999999999999999 0.3 0.8 0.9999999999999999 0.3 0.8 1.0999999999999999 0.3 0.8 1.2 0.3 0.8 1.2999999999999998 0.3 0.8 1.4 0.3 0.8 1.5 0.3 0.8 1.6 0.3 0.8 1.7 0.3 0.8 1.7999999999999998 0.3 0.8 1.9
NOBST 1
OBSTPOS -0.6 -0.4 1.3
OBSTBBOX 0.25 0.25 0.3
START -4.3125 -4.3125 1.9625
STARTVEL 0.1 0.2 0.0
GOAL 0.1875 0.1875 1.9625
CURTIME 0.5
MGRRES 0.375
MGRDRONER 0.15
MGRWEIGHT 1.0
DIM 28 28 6
SUCCESS 1
FINALG 6.363961030678927
NPROC 13
PROC -4.3125 -4.3125 1.9625 -3.9375 -3.9375 1.9625 -3.5625 -3.5625 1.9625 -3.1875 -3.1875 1.9625 -2.8125 -2.8125 1.9625 -2.4375 -2.4375 1.9625 -2.0625 -2.0625 1.9625 -1.6875 -1.6875 1.9625 -1.3125 -1.3125 1.9625 -0.9375 -0.9375 1.9625 -0.5625 -0.5625 1.9625 -0.1875 -0.1875 1.9625 0.1875 0.1875 1.9625
PROCCELL 2 2 3 3 3 3 4 4 3 5 5 3 6 6 3 7 7 3 8 8 3 9 9 3 10 10 3 11 11 3 12 12 3 13 13 3 14 14 3
NRAW 13
RAW -4.3125 -4.3125 1.9625 -3.9375 -3.9375 1.9625 -3.5625 -3.5625 1.9625 -3.1875 -3.1875 1.9625 -2.8125 -2.8125 1.9625 -2.4375 -2.4375 1.9625 -2.0625 -2.0625 1.9625 -1.6875 -1.6875 1.9625 -1.3125 -1.3125 1.9625 -0.9375 -0.9375 1.9625 -0.5625 -0.5625 1.9625 -0.1875 -0.1875 1.9625 0.1875 0.1875 1.9625
RAWCELL 2 2 3 3 3 3 4 4 3 5 5 3 6 6 3 7 7 3 8 8 3 9 9 3 10 10 3 11 11 3 12 12 3 13 13 3 14 14 3
NPROBE 75
PROBE 0 0 2 0 0 3 0 0 4 0 1 2 0 1 3 0 1 4 0 2 2 0 2 3 0 2 4 0 3 2 0 3 3 0 3 4 0 4 2 0 4 3 0 4 4 1 0 2 1 0 3 1 0 4 1 1 2 1 1 3 1 1 4 1 2 2 1 2 3 1 2 4 1 3 2 1 3 3 1 3 4 1 4 2 1 4 3 1 4 4 2 0 2 2 0 3 2 0 4 2 1 2 2 1 3 2 1 4 2 2 2 2 2 3 2 2 4 2 3 2 2 3 3 2 3 4 2 4 2 2 4 3 2 4 4 3 0 2 3 0 3 3 0 4 3 1 2 3 1 3 3 1 4 3 2 2 3 2 3 3 2 4 3 3 2 3 3 3 3 3 4 3 4 2 3 4 3 3 4 4 4 0 2 4 0 3 4 0 4 4 1 2 4 1 3 4 1 4 4 2 2 4 2 3 4 2 4 4 3 2 4 3 3 4 3 4 4 4 2 4 4 3 4 4 4
CARVEBEFORE 0 0 0 1 1 1 1 1 1 1 1 1 1 1 1 0 0 0 1 1 1 1 1 1 1 1 1 1 1 1 0 0 0 1 1 1 1 1 1 1 1 1 1 1 1 0 0 0 1 1 1 1 1 1 1 1 1 1 1 1 0 0 0 1 1 1 1 1 1 1 1 1 1 1 1
CARVEAFTER 1 1 1 1 1 1 1 1 1 1 1 1 1 1 1 1 1 1 1 1 1 1 1 1 1 1 1 1 1 1 1 1 1 1 1 1 1 1 1 1 1 1 1 1 1 1 1 1 1 1 1 1 1 1 1 1 1 1 1 1 1 1 1 1 1 1 1 1 1 1 1 1 1 1 1
END
CASE
KIND 0
PARFLOAT 1.5 1.0 0.3 0.3 0.5 6.0 10.0 20.0 100.0 1.2 0.0 2.0 2.0 0.5 0.0 100.0 0.0 0.6 20.0 8.0 5.0 0.2 1.0 0.5 0.1 2.0 0.1 0.5 0.5 1.0 5.0 1.0 0.5
PARINT 1000 100000 2 2 2 15 2
PARBOOL 0 0 0 1 1 1 0 1 1 0 1 1
PARGP astar_heat
PARDRONEBBOX 0.2 0.2 0.2
PARSFC 3.0 3.0 3.0
WD 8.0 8.0 3.0
CENTER 0.0 0.0 1.4
TMAX 2.0
NCLOUD 0
CLOUD 
NOBST 2
OBSTPOS 0.4 0.4 1.4 -0.5 0.5 1.3
OBSTBBOX 0.3 0.3 0.4 0.25 0.25 0.3
START -3.75 0.15000000000000036 1.8499999999999999
STARTVEL 0.3 -0.2 0.0
GOAL 0.4500000000000002 -1.35 0.95
CURTIME 1.0
MGRRES 0.3
MGRDRONER 0.1
MGRWEIGHT 1.5
DIM 32 32 8
SUCCESS 1
FINALG 4.602499219237901
NPROC 6
PROC -3.75 0.15000000000000036 1.8499999999999999 -2.67067436784596 -0.2997190133975166 1.5801685919614898 -1.5913487356919194 -0.7494380267950336 1.3103371839229796 -0.5120231035378793 -1.1991570401925504 1.0405057758844696 -0.15000000000000036 -1.35 0.95 0.4500000000000002 -1.35 0.95
PROCCELL 3 16 4 7 15 3 10 13 2 14 12 1 15 11 1 17 11 1
NRAW 15
RAW -3.75 0.15000000000000036 1.8499999999999999 -3.45 0.15000000000000036 1.8499999999999999 -3.15 0.15000000000000036 1.8499999999999999 -2.8499999999999996 0.15000000000000036 1.8499999999999999 -2.55 0.15000000000000036 1.8499999999999999 -2.25 -0.15000000000000036 1.8499999999999999 -1.9499999999999997 -0.4500000000000002 1.8499999999999999 -1.65 -0.75 1.55 -1.35 -1.0499999999999998 1.25 -1.0499999999999998 -1.0499999999999998 1.25 -0.75 -1.0499999999999998 1.25 -0.4500000000000002 -1.35 0.95 -0.15000000000000036 -1.35 0.95 0.15000000000000036 -1.35 0.95 0.4500000000000002 -1.35 0.95
RAWCELL 3 16 4 4 16 4 5 16 4 6 16 4 7 16 4 8 15 4 9 14 4 10 13 3 11 12 2 12 12 2 13 12 2 14 11 1 15 11 1 16 11 1 17 11 1
NPROBE 75
PROBE 1 14 3 1 14 4 1 14 5 1 15 3 1 15 4 1 15 5 1 16 3 1 16 4 1 16 5 1 17 3 1 17 4 1 17 5 1 18 3 1 18 4 1 18 5 2 14 3 2 14 4 2 14 5 2 15 3 2 15 4 2 15 5 2 16 3 2 16 4 2 16 5 2 17 3 2 17 4 2 17 5 2 18 3 2 18 4 2 18 5 3 14 3 3 14 4 3 14 5 3 15 3 3 15 4 3 15 5 3 16 3 3 16 4 3 16 5 3 17 3 3 17 4 3 17 5 3 18 3 3 18 4 3 18 5 4 14 3 4 14 4 4 14 5 4 15 3 4 15 4 4 15 5 4 16 3 4 16 4 4 16 5 4 17 3 4 17 4 4 17 5 4 18 3 4 18 4 4 18 5 5 14 3 5 14 4 5 14 5 5 15 3 5 15 4 5 15 5 5 16 3 5 16 4 5 16 5 5 17 3 5 17 4 5 17 5 5 18 3 5 18 4 5 18 5
CARVEBEFORE 1 1 1 1 1 1 1 1 1 1 1 1 1 1 1 1 1 1 1 1 1 1 1 1 1 1 1 1 1 1 1 1 1 1 1 1 1 1 1 1 1 1 1 1 1 1 1 1 1 1 1 1 1 1 1 1 1 1 1 1 1 1 1 1 1 1 1 1 1 1 1 1 1 1 1
CARVEAFTER 1 1 1 1 1 1 1 1 1 1 1 1 1 1 1 1 1 1 1 1 1 1 1 1 1 1 1 1 1 1 1 1 1 1 1 1 1 1 1 1 1 1 1 1 1 1 1 1 1 1 1 1 1 1 1 1 1 1 1 1 1 1 1 1 1 1 1 1 1 1 1 1 1 1 1
END
CASE
KIND 0
PARFLOAT 1.0 1.0 0.3 0.3 0.5 6.0 10.0 20.0 100.0 0.5 0.0 2.0 2.0 0.0 0.0 100.0 0.0 0.4 10.0 10.0 5.0 0.2 1.0 0.5 0.0 2.0 0.1 0.5 0.5 1.0 5.0 1.0 0.5
PARINT 1000 100000 1 2 2 15 2
PARBOOL 1 0 0 1 1 1 0 1 1 0 1 0
PARGP astar_heat
PARDRONEBBOX 0.2 0.2 0.2
PARSFC 3.0 3.0 3.0
WD 7.0 7.0 2.5
CENTER 0.0 0.0 1.2
TMAX 2.0
NCLOUD 0
CLOUD 
NOBST 2
OBSTPOS 0.3 0.0 1.2 -0.4 0.5 1.1
OBSTBBOX 0.3 0.4 0.5 0.25 0.25 0.4
START -3.1500000000000004 -3.1500000000000004 1.65
STARTVEL 0.0 0.0 0.0
GOAL -3.75 2.25 1.65
CURTIME 0.0
MGRRES 0.3
MGRDRONER 0.1
MGRWEIGHT 1.0
DIM 28 28 6
SUCCESS 1
FINALG 5.43323108288245
NPROC 12
PROC -3.1500000000000004 -3.1500000000000004 1.65 -3.2052157630374234 -2.653058132663191 1.65 -3.260431526074847 -2.1561162653263812 1.65 -3.31564728911227 -1.6591743979895721 1.65 -3.3708630521496934 -1.1622325306527626 1.65 -3.4260788151871164 -0.665290663315953 1.65 -3.48129457822454 -0.16834879597914387 1.65 -3.536510341261963 0.3285930713576657 1.65 -3.5917261042993864 0.8255349386944753 1.65 -3.6469418673368095 1.3224768060312844 1.65 -3.7021576303742325 1.8194186733680944 1.65 -3.75 2.25 1.65
PROCCELL 3 3 3 3 5 3 3 6 3 2 8 3 2 10 3 2 11 3 2 13 3 2 15 3 2 16 3 1 18 3 1 20 3 1 21 3
NRAW 19
RAW -3.1500000000000004 -3.1500000000000004 1.65 -3.1500000000000004 -2.8500000000000005 1.65 -3.1500000000000004 -2.5500000000000003 1.65 -3.1500000000000004 -2.25 1.65 -3.1500000000000004 -1.9500000000000002 1.65 -3.1500000000000004 -1.6500000000000004 1.65 -3.1500000000000004 -1.35 1.65 -3.1500000000000004 -1.0500000000000003 1.65 -3.1500000000000004 -0.7500000000000004 1.65 -3.1500000000000004 -0.4500000000000002 1.65 -3.1500000000000004 -0.15000000000000036 1.65 -3.1500000000000004 0.14999999999999947 1.65 -3.1500000000000004 0.4499999999999993 1.65 -3.1500000000000004 0.75 1.65 -3.1500000000000004 1.0499999999999998 1.65 -3.45 1.3499999999999996 1.65 -3.45 1.6499999999999995 1.65 -3.75 1.9499999999999993 1.65 -3.75 2.25 1.65
RAWCELL 3 3 3 3 4 3 3 5 3 3 6 3 3 7 3 3 8 3 3 9 3 3 10 3 3 11 3 3 12 3 3 13 3 3 14 3 3 15 3 3 16 3 3 17 3 2 18 3 2 19 3 1 20 3 1 21 3
NPROBE 75
PROBE 1 1 2 1 1 3 1 1 4 1 2 2 1 2 3 1 2 4 1 3 2 1 3 3 1 3 4 1 4 2 1 4 3 1 4 4 1 5 2 1 5 3 1 5 4 2 1 2 2 1 3 2 1 4 2 2 2 2 2 3 2 2 4 2 3 2 2 3 3 2 3 4 2 4 2 2 4 3 2 4 4 2 5 2 2 5 3 2 5 4 3 1 2 3 1 3 3 1 4 3 2 2 3 2 3 3 2 4 3 3 2 3 3 3 3 3 4 3 4 2 3 4 3 3 4 4 3 5 2 3 5 3 3 5 4 4 1 2 4 1 3 4 1 4 4 2 2 4 2 3 4 2 4 4 3 2 4 3 3 4 3 4 4 4 2 4 4 3 4 4 4 4 5 2 4 5 3 4 5 4 5 1 2 5 1 3 5 1 4 5 2 2 5 2 3 5 2 4 5 3 2 5 3 3 5 3 4 5 4 2 5 4 3 5 4 4 5 5 2 5 5 3 5 5 4
CARVEBEFORE 1 1 1 1 1 1 1 1 1 1 1 1 1 1 1 1 1 1 1 1 1 1 1 1 1 1 1 1 1 1 1 1 1 1 1 1 1 1 1 1 1 1 1 1 1 1 1 1 1 1 1 1 1 1 1 1 1 1 1 1 1 1 1 1 1 1 1 1 1 1 1 1 1 1 1
CARVEAFTER 1 1 1 1 1 1 1 1 1 1 1 1 1 1 1 1 1 1 1 1 1 1 1 1 1 1 1 1 1 1 1 1 1 1 1 1 1 1 1 1 1 1 1 1 1 1 1 1 1 1 1 1 1 1 1 1 1 1 1 1 1 1 1 1 1 1 1 1 1 1 1 1 1 1 1
END
CASE
KIND 0
PARFLOAT 2.0 1.0 0.3 0.3 0.5 6.0 10.0 20.0 100.0 1.0 0.0 2.0 2.0 0.0 0.0 100.0 0.0 1.0 0.0 10.0 5.0 0.2 1.0 0.5 0.0 2.0 0.1 0.5 0.5 1.0 5.0 1.0 0.5
PARINT 1000 100000 0 2 2 15 2
PARBOOL 1 0 0 1 1 1 0 1 1 0 1 1
PARGP astar_heat
PARDRONEBBOX 0.2 0.2 0.2
PARSFC 3.0 3.0 3.0
WD 5.0 5.0 2.5
CENTER 0.0 0.0 1.4
TMAX 1.5
NCLOUD 0
CLOUD 
NOBST 0
OBSTPOS
OBSTBBOX
START 0.1499999999999999 0.1499999999999999 1.55
STARTVEL 0.0 0.0 0.0
GOAL 0.1499999999999999 0.1499999999999999 1.55
CURTIME 0.0
MGRRES 0.3
MGRDRONER 0.1
MGRWEIGHT 2.0
DIM 22 22 7
SUCCESS 1
FINALG 0.0
NPROC 1
PROC 0.1499999999999999 0.1499999999999999 1.55
PROCCELL 11 11 3
NRAW 1
RAW 0.1499999999999999 0.1499999999999999 1.55
RAWCELL 11 11 3
NPROBE 75
PROBE 9 9 2 9 9 3 9 9 4 9 10 2 9 10 3 9 10 4 9 11 2 9 11 3 9 11 4 9 12 2 9 12 3 9 12 4 9 13 2 9 13 3 9 13 4 10 9 2 10 9 3 10 9 4 10 10 2 10 10 3 10 10 4 10 11 2 10 11 3 10 11 4 10 12 2 10 12 3 10 12 4 10 13 2 10 13 3 10 13 4 11 9 2 11 9 3 11 9 4 11 10 2 11 10 3 11 10 4 11 11 2 11 11 3 11 11 4 11 12 2 11 12 3 11 12 4 11 13 2 11 13 3 11 13 4 12 9 2 12 9 3 12 9 4 12 10 2 12 10 3 12 10 4 12 11 2 12 11 3 12 11 4 12 12 2 12 12 3 12 12 4 12 13 2 12 13 3 12 13 4 13 9 2 13 9 3 13 9 4 13 10 2 13 10 3 13 10 4 13 11 2 13 11 3 13 11 4 13 12 2 13 12 3 13 12 4 13 13 2 13 13 3 13 13 4
CARVEBEFORE 1 1 1 1 1 1 1 1 1 1 1 1 1 1 1 1 1 1 1 1 1 1 1 1 1 1 1 1 1 1 1 1 1 1 1 1 1 1 1 1 1 1 1 1 1 1 1 1 1 1 1 1 1 1 1 1 1 1 1 1 1 1 1 1 1 1 1 1 1 1 1 1 1 1 1
CARVEAFTER 1 1 1 1 1 1 1 1 1 1 1 1 1 1 1 1 1 1 1 1 1 1 1 1 1 1 1 1 1 1 1 1 1 1 1 1 1 1 1 1 1 1 1 1 1 1 1 1 1 1 1 1 1 1 1 1 1 1 1 1 1 1 1 1 1 1 1 1 1 1 1 1 1 1 1
END
CASE
KIND 0
PARFLOAT 1.7005051631263053 1.5086954945536806 0.2135739252560801 0.38547192978466904 0.5 6.0 10.0 20.0 100.0 0.5199503106624136 0.0 2.1018295685349657 2.6603908582911258 0.36243132361194985 0.0 100.0 0.0 0.6799936566314572 19.29613328811606 6.322971488228574 6.119454800752029 0.11645969834525381 1.2984549296168753 0.5 0.09658698537401267 2.0 0.1 0.5 0.5 1.0 5.0 1.0 0.5
PARINT 1000 100000 2 2 2 15 2
PARBOOL 1 0 0 1 1 1 0 1 1 0 1 1
PARGP astar_heat
PARDRONEBBOX 0.306894156493306 0.2836070784470769 0.23443259023955643
PARSFC 3.0 3.0 3.0
WD 7.522493624260074 6.284334161310277 3.103230352271225
CENTER 0.19585073398371078 -0.15504463397805612 1.2912741148522395
TMAX 1.7807822406340297
NCLOUD 238
CLOUD -0.19288903620103837 -0.4907987716528788 1.0228694143003842 -0.19288903620103837 -0.4907987716528788 1.1468926513487285 -0.19288903620103837 -0.4907987716528788 1.270915888397073 -0.19288903620103837 -0.4907987716528788 1.3949391254454175 -0.19288903620103837 -0.4907987716528788 1.5189623624937618 -0.19288903620103837 -0.4907987716528788 1.642985599542106 -0.19288903620103837 -0.4907987716528788 1.7670088365904506 -0.19288903620103837 -0.4907987716528788 1.891032073638795 -0.19288903620103837 -0.4907987716528788 2.0150553106871394 -0.19288903620103837 -0.3771299921991152 1.0228694143003842 -0.19288903620103837 -0.3771299921991152 1.1468926513487285 -0.19288903620103837 -0.3771299921991152 1.270915888397073 -0.19288903620103837 -0.3771299921991152 1.3949391254454175 -0.19288903620103837 -0.3771299921991152 1.5189623624937618 -0.19288903620103837 -0.3771299921991152 1.642985599542106 -0.19288903620103837 -0.3771299921991152 1.7670088365904506 -0.19288903620103837 -0.3771299921991152 1.891032073638795 -0.19288903620103837 -0.3771299921991152 2.0150553106871394 -0.19288903620103837 -0.2634612127453516 1.0228694143003842 -0.19288903620103837 -0.2634612127453516 1.1468926513487285 -0.19288903620103837 -0.2634612127453516 1.270915888397073 -0.19288903620103837 -0.2634612127453516 1.3949391254454175 -0.19288903620103837 -0.2634612127453516 1.5189623624937618 -0.19288903620103837 -0.2634612127453516 1.642985599542106 -0.19288903620103837 -0.2634612127453516 1.7670088365904506 -0.19288903620103837 -0.2634612127453516 1.891032073638795 -0.19288903620103837 -0.2634612127453516 2.0150553106871394 -0.19288903620103837 -0.1497924332915881 1.0228694143003842 -0.19288903620103837 -0.1497924332915881 1.1468926513487285 -0.19288903620103837 -0.1497924332915881 1.270915888397073 -0.19288903620103837 -0.1497924332915881 1.3949391254454175 -0.19288903620103837 -0.1497924332915881 1.5189623624937618 -0.19288903620103837 -0.1497924332915881 1.642985599542106 -0.19288903620103837 -0.1497924332915881 1.7670088365904506 -0.19288903620103837 -0.1497924332915881 1.891032073638795 -0.19288903620103837 -0.1497924332915881 2.0150553106871394 -0.19288903620103837 -0.03612365383782451 1.0228694143003842 -0.19288903620103837 -0.03612365383782451 1.1468926513487285 -0.19288903620103837 -0.03612365383782451 1.270915888397073 -0.19288903620103837 -0.03612365383782451 1.3949391254454175 -0.19288903620103837 -0.03612365383782451 1.5189623624937618 -0.19288903620103837 -0.03612365383782451 1.642985599542106 -0.19288903620103837 -0.03612365383782451 1.7670088365904506 -0.19288903620103837 -0.03612365383782451 1.891032073638795 -0.19288903620103837 -0.03612365383782451 2.0150553106871394 -0.19288903620103837 0.07754512561593907 1.0228694143003842 -0.19288903620103837 0.07754512561593907 1.1468926513487285 -0.19288903620103837 0.07754512561593907 1.270915888397073 -0.19288903620103837 0.07754512561593907 1.3949391254454175 -0.19288903620103837 0.07754512561593907 1.5189623624937618 -0.19288903620103837 0.07754512561593907 1.642985599542106 -0.19288903620103837 0.07754512561593907 1.7670088365904506 -0.19288903620103837 0.07754512561593907 1.891032073638795 -0.19288903620103837 0.07754512561593907 2.0150553106871394 -0.06296880225998289 -0.4907987716528788 1.0228694143003842 -0.06296880225998289 -0.4907987716528788 1.1468926513487285 -0.06296880225998289 -0.4907987716528788 1.270915888397073 -0.06296880225998289 -0.4907987716528788 1.3949391254454175 -0.06296880225998289 -0.4907987716528788 1.5189623624937618 -0.06296880225998289 -0.4907987716528788 1.642985599542106 -0.06296880225998289 -0.4907987716528788 1.7670088365904506 -0.06296880225998289 -0.4907987716528788 1.891032073638795 -0.06296880225998289 -0.4907987716528788 2.0150553106871394 -0.06296880225998289 -0.3771299921991152 1.0228694143003842 -0.06296880225998289 -0.3771299921991152 2.0150553106871394 -0.06296880225998289 -0.2634612127453516 1.0228694143003842 -0.06296880225998289 -0.2634612127453516 2.0150553106871394 -0.06296880225998289 -0.1497924332915881 1.0228694143003842 -0.06296880225998289 -0.1497924332915881 2.0150553106871394 -0.06296880225998289 -0.03612365383782451 1.0228694143003842 -0.06296880225998289 -0.03612365383782451 2.0150553106871394 -0.06296880225998289 0.07754512561593907 1.0228694143003842 -0.06296880225998289 0.07754512561593907 1.1468926513487285 -0.06296880225998289 0.07754512561593907 1.270915888397073 -0.06296880225998289 0.07754512561593907 1.3949391254454175 -0.06296880225998289 0.07754512561593907 1.5189623624937618 -0.06296880225998289 0.07754512561593907 1.642985599542106 -0.06296880225998289 0.07754512561593907 1.7670088365904506 -0.06296880225998289 0.07754512561593907 1.891032073638795 -0.06296880225998289 0.07754512561593907 2.0150553106871394 0.06695143168107259 -0.4907987716528788 1.0228694143003842 0.06695143168107259 -0.4907987716528788 1.1468926513487285 0.06695143168107259 -0.4907987716528788 1.270915888397073 0.06695143168107259 -0.4907987716528788 1.3949391254454175 0.06695143168107259 -0.4907987716528788 1.5189623624937618 0.06695143168107259 -0.4907987716528788 1.642985599542106 0.06695143168107259 -0.4907987716528788 1.7670088365904506 0.06695143168107259 -0.4907987716528788 1.891032073638795 0.06695143168107259 -0.4907987716528788 2.0150553106871394 0.06695143168107259 -0.3771299921991152 1.0228694143003842 0.06695143168107259 -0.3771299921991152 2.0150553106871394 0.06695143168107259 -0.2634612127453516 1.0228694143003842 0.06695143168107259 -0.2634612127453516 2.0150553106871394 0.06695143168107259 -0.1497924332915881 1.0228694143003842 0.06695143168107259 -0.1497924332915881 2.0150553106871394 0.06695143168107259 -0.03612365383782451 1.0228694143003842 0.06695143168107259 -0.03612365383782451 2.0150553106871394 0.06695143168107259 0.07754512561593907 1.0228694143003842 0.06695143168107259 0.07754512561593907 1.1468926513487285 0.06695143168107259 0.07754512561593907 1.270915888397073 0.06695143168107259 0.07754512561593907 1.3949391254454175 0.06695143168107259 0.07754512561593907 1.5189623624937618 0.06695143168107259 0.07754512561593907 1.642985599542106 0.06695143168107259 0.07754512561593907 1.7670088365904506 0.06695143168107259 0.07754512561593907 1.891032073638795 0.06695143168107259 0.07754512561593907 2.0150553106871394 0.1968716656221281 -0.4907987716528788 1.0228694143003842 0.1968716656221281 -0.4907987716528788 1.1468926513487285 0.1968716656221281 -0.4907987716528788 1.270915888397073 0.1968716656221281 -0.4907987716528788 1.3949391254454175 0.1968716656221281 -0.4907987716528788 1.5189623624937618 0.1968716656221281 -0.4907987716528788 1.642985599542106 0.1968716656221281 -0.4907987716528788 1.7670088365904506 0.1968716656221281 -0.4907987716528788 1.891032073638795 0.1968716656221281 -0.4907987716528788 2.0150553106871394 0.1968716656221281 -0.3771299921991152 1.0228694143003842 0.1968716656221281 -0.3771299921991152 2.0150553106871394 0.1968716656221281 -0.2634612127453516 1.0228694143003842 0.1968716656221281 -0.2634612127453516 2.0150553106871394 0.1968716656221281 -0.1497924332915881 1.0228694143003842 0.1968716656221281 -0.1497924332915881 2.0150553106871394 0.1968716656221281 -0.03612365383782451 1.0228694143003842 0.1968716656221281 -0.03612365383782451 2.0150553106871394 0.1968716656221281 0.07754512561593907 1.0228694143003842 0.1968716656221281 0.07754512561593907 1.1468926513487285 0.1968716656221281 0.07754512561593907 1.270915888397073 0.1968716656221281 0.07754512561593907 1.3949391254454175 0.1968716656221281 0.07754512561593907 1.5189623624937618 0.1968716656221281 0.07754512561593907 1.642985599542106 0.1968716656221281 0.07754512561593907 1.7670088365904506 0.1968716656221281 0.07754512561593907 1.891032073638795 0.1968716656221281 0.07754512561593907 2.0150553106871394 0.32679189956318355 -0.4907987716528788 1.0228694143003842 0.32679189956318355 -0.4907987716528788 1.1468926513487285 0.32679189956318355 -0.4907987716528788 1.270915888397073 0.32679189956318355 -0.4907987716528788 1.3949391254454175 0.32679189956318355 -0.4907987716528788 1.5189623624937618 0.32679189956318355 -0.4907987716528788 1.642985599542106 0.32679189956318355 -0.4907987716528788 1.7670088365904506 0.32679189956318355 -0.4907987716528788 1.891032073638795 0.32679189956318355 -0.4907987716528788 2.0150553106871394 0.32679189956318355 -0.3771299921991152 1.0228694143003842 0.32679189956318355 -0.3771299921991152 2.0150553106871394 0.32679189956318355 -0.2634612127453516 1.0228694143003842 0.32679189956318355 -0.2634612127453516 2.0150553106871394 0.32679189956318355 -0.1497924332915881 1.0228694143003842 0.32679189956318355 -0.1497924332915881 2.0150553106871394 0.32679189956318355 -0.03612365383782451 1.0228694143003842 0.32679189956318355 -0.03612365383782451 2.0150553106871394 0.32679189956318355 0.07754512561593907 1.0228694143003842 0.32679189956318355 0.07754512561593907 1.1468926513487285 0.32679189956318355 0.07754512561593907 1.270915888397073 0.32679189956318355 0.07754512561593907 1.3949391254454175 0.32679189956318355 0.07754512561593907 1.5189623624937618 0.32679189956318355 0.07754512561593907 1.642985599542106 0.32679189956318355 0.07754512561593907 1.7670088365904506 0.32679189956318355 0.07754512561593907 1.891032073638795 0.32679189956318355 0.07754512561593907 2.0150553106871394 0.456712133504239 -0.4907987716528788 1.0228694143003842 0.456712133504239 -0.4907987716528788 1.1468926513487285 0.456712133504239 -0.4907987716528788 1.270915888397073 0.456712133504239 -0.4907987716528788 1.3949391254454175 0.456712133504239 -0.4907987716528788 1.5189623624937618 0.456712133504239 -0.4907987716528788 1.642985599542106 0.456712133504239 -0.4907987716528788 1.7670088365904506 0.456712133504239 -0.4907987716528788 1.891032073638795 0.456712133504239 -0.4907987716528788 2.0150553106871394 0.456712133504239 -0.3771299921991152 1.0228694143003842 0.456712133504239 -0.3771299921991152 2.0150553106871394 0.456712133504239 -0.2634612127453516 1.0228694143003842 0.456712133504239 -0.2634612127453516 2.0150553106871394 0.456712133504239 -0.1497924332915881 1.0228694143003842 0.456712133504239 -0.1497924332915881 2.0150553106871394 0.456712133504239 -0.03612365383782451 1.0228694143003842 0.456712133504239 -0.03612365383782451 2.0150553106871394 0.456712133504239 0.07754512561593907 1.0228694143003842 0.456712133504239 0.07754512561593907 1.1468926513487285 0.456712133504239 0.07754512561593907 1.270915888397073 0.456712133504239 0.07754512561593907 1.3949391254454175 0.456712133504239 0.07754512561593907 1.5189623624937618 0.456712133504239 0.07754512561593907 1.642985599542106 0.456712133504239 0.07754512561593907 1.7670088365904506 0.456712133504239 0.07754512561593907 1.891032073638795 0.456712133504239 0.07754512561593907 2.0150553106871394 0.5866323674452946 -0.4907987716528788 1.0228694143003842 0.5866323674452946 -0.4907987716528788 1.1468926513487285 0.5866323674452946 -0.4907987716528788 1.270915888397073 0.5866323674452946 -0.4907987716528788 1.3949391254454175 0.5866323674452946 -0.4907987716528788 1.5189623624937618 0.5866323674452946 -0.4907987716528788 1.642985599542106 0.5866323674452946 -0.4907987716528788 1.7670088365904506 0.5866323674452946 -0.4907987716528788 1.891032073638795 0.5866323674452946 -0.4907987716528788 2.0150553106871394 0.5866323674452946 -0.3771299921991152 1.0228694143003842 0.5866323674452946 -0.3771299921991152 1.1468926513487285 0.5866323674452946 -0.3771299921991152 1.270915888397073 0.5866323674452946 -0.3771299921991152 1.3949391254454175 0.5866323674452946 -0.3771299921991152 1.5189623624937618 0.5866323674452946 -0.3771299921991152 1.642985599542106 0.5866323674452946 -0.3771299921991152 1.7670088365904506 0.5866323674452946 -0.3771299921991152 1.891032073638795 0.5866323674452946 -0.3771299921991152 2.0150553106871394 0.5866323674452946 -0.2634612127453516 1.0228694143003842 0.5866323674452946 -0.2634612127453516 1.1468926513487285 0.5866323674452946 -0.2634612127453516 1.270915888397073 0.5866323674452946 -0.2634612127453516 1.3949391254454175 0.5866323674452946 -0.2634612127453516 1.5189623624937618 0.5866323674452946 -0.2634612127453516 1.642985599542106 0.5866323674452946 -0.2634612127453516 1.7670088365904506 0.5866323674452946 -0.2634612127453516 1.891032073638795 0.5866323674452946 -0.2634612127453516 2.0150553106871394 0.5866323674452946 -0.1497924332915881 1.0228694143003842 0.5866323674452946 -0.1497924332915881 1.1468926513487285 0.5866323674452946 -0.1497924332915881 1.270915888397073 0.5866323674452946 -0.1497924332915881 1.3949391254454175 0.5866323674452946 -0.1497924332915881 1.5189623624937618 0.5866323674452946 -0.1497924332915881 1.642985599542106 0.5866323674452946 -0.1497924332915881 1.7670088365904506 0.5866323674452946 -0.1497924332915881 1.891032073638795 0.5866323674452946 -0.1497924332915881 2.0150553106871394 0.5866323674452946 -0.03612365383782451 1.0228694143003842 0.5866323674452946 -0.03612365383782451 1.1468926513487285 0.5866323674452946 -0.03612365383782451 1.270915888397073 0.5866323674452946 -0.03612365383782451 1.3949391254454175 0.5866323674452946 -0.03612365383782451 1.5189623624937618 0.5866323674452946 -0.03612365383782451 1.642985599542106 0.5866323674452946 -0.03612365383782451 1.7670088365904506 0.5866323674452946 -0.03612365383782451 1.891032073638795 0.5866323674452946 -0.03612365383782451 2.0150553106871394 0.5866323674452946 0.07754512561593907 1.0228694143003842 0.5866323674452946 0.07754512561593907 1.1468926513487285 0.5866323674452946 0.07754512561593907 1.270915888397073 0.5866323674452946 0.07754512561593907 1.3949391254454175 0.5866323674452946 0.07754512561593907 1.5189623624937618 0.5866323674452946 0.07754512561593907 1.642985599542106 0.5866323674452946 0.07754512561593907 1.7670088365904506 0.5866323674452946 0.07754512561593907 1.891032073638795 0.5866323674452946 0.07754512561593907 2.0150553106871394
NOBST 3
OBSTPOS -0.09661797060625421 0.17390633434400526 1.5634883842651415 0.45021270572741545 1.0543772340170456 1.6656925428032094 0.8487160188397691 0.7504992651130113 1.284411903231313
OBSTBBOX 0.30321888238047334 0.3292748616621164 0.4433034558661309 0.29691836335582833 0.18812369793032166 0.3394377001196722 0.2474119996157509 0.3855710250883213 0.29818510511979274
START -3.6707654914722 -3.538333831251978 1.7746011430342286
STARTVEL 0.07697320018338388 -0.18763559534951196 0.10626802926454693
GOAL -3.026329453896215 -1.28280769973603 1.4523831242462357
CURTIME 0.882288071178108
MGRRES 0.32221801878799256
MGRDRONER 0.153447078246653
MGRWEIGHT 1.7005051631263053
DIM 29 26 7
SUCCESS 1
FINALG 2.3678091958833156
NPROC 6
PROC -3.6707654914722 -3.538333831251978 1.7746011430342286 -3.529252941169477 -3.0430399051924466 1.7038448678828668 -3.3877403908667536 -2.5477459791329156 1.6330885927315053 -3.2462278405640306 -2.0524520530733845 1.5623323175801436 -3.104715290261307 -1.557158127013853 1.4915760424287818 -3.026329453896215 -1.28280769973603 1.4523831242462357
PROCCELL 2 2 3 2 4 3 3 5 3 3 7 2 4 8 2 4 9 2
NRAW 8
RAW -3.6707654914722 -3.538333831251978 1.7746011430342286 -3.6707654914722 -3.2161158124639853 1.7746011430342286 -3.3485474726842073 -2.893897793675993 1.7746011430342286 -3.3485474726842073 -2.5716797748880005 1.7746011430342286 -3.3485474726842073 -2.2494617561000076 1.7746011430342286 -3.3485474726842073 -1.9272437373120153 1.7746011430342286 -3.026329453896215 -1.6050257185240224 1.4523831242462357 -3.026329453896215 -1.28280769973603 1.4523831242462357
RAWCELL 2 2 3 2 3 3 3 4 3 3 5 3 3 6 3 3 7 3 4 8 2 4 9 2
NPROBE 75
PROBE 0 0 2 0 0 3 0 0 4 0 1 2 0 1 3 0 1 4 0 2 2 0 2 3 0 2 4 0 3 2 0 3 3 0 3 4 0 4 2 0 4 3 0 4 4 1 0 2 1 0 3 1 0 4 1 1 2 1 1 3 1 1 4 1 2 2 1 2 3 1 2 4 1 3 2 1 3 3 1 3 4 1 4 2 1 4 3 1 4 4 2 0 2 2 0 3 2 0 4 2 1 2 2 1 3 2 1 4 2 2 2 2 2 3 2 2 4 2 3 2 2 3 3 2 3 4 2 4 2 2 4 3 2 4 4 3 0 2 3 0 3 3 0 4 3 1 2 3 1 3 3 1 4 3 2 2 3 2 3 3 2 4 3 3 2 3 3 3 3 3 4 3 4 2 3 4 3 3 4 4 4 0 2 4 0 3 4 0 4 4 1 2 4 1 3 4 1 4 4 2 2 4 2 3 4 2 4 4 3 2 4 3 3 4 3 4 4 4 2 4 4 3 4 4 4
CARVEBEFORE 0 0 0 0 0 0 1 1 1 1 1 1 1 1 1 0 0 0 0 0 0 1 1 1 1 1 1 1 1 1 0 0 0 0 0 0 1 1 1 1 1 1 1 1 1 0 0 0 0 0 0 1 1 1 1 1 1 1 1 1 0 0 0 0 0 0 1 1 1 1 1 1 1 1 1
CARVEAFTER 1 1 1 1 1 1 1 1 1 1 1 1 1 1 1 1 1 1 1 1 1 1 1 1 1 1 1 1 1 1 1 1 1 1 1 1 1 1 1 1 1 1 1 1 1 1 1 1 1 1 1 1 1 1 1 1 1 1 1 1 1 1 1 1 1 1 1 1 1 1 1 1 1 1 1
END
CASE
KIND 0
PARFLOAT 1.5006189686409388 1.5846190442193429 0.2178154177271816 0.28343996751428957 0.5 6.0 10.0 20.0 100.0 1.210495761572854 0.0 2.525320794640016 1.803227187352491 0.14737927831324876 0.0 100.0 0.0 0.4212674104441334 15.63593442376618 8.538150343848756 4.8349624035008 0.49011239011135777 0.6633373548163332 0.5 0.06379598322322558 2.0 0.1 0.5 0.5 1.0 5.0 1.0 0.5
PARINT 1000 100000 2 1 3 15 2
PARBOOL 1 1 0 1 1 1 0 1 1 0 1 1
PARGP astar_heat
PARDRONEBBOX 0.1801404402879231 0.34028489382839827 0.3227263320024517
PARSFC 3.0 3.0 3.0
WD 7.38359203356375 9.202772396517243 3.275935091680106
CENTER -0.3638987491820891 0.0410962305062359 1.5694481919533572
TMAX 2.043849301816092
NCLOUD 168
CLOUD -0.7523880354503543 -0.7601607418494147 1.1107157921062485 -0.7523880354503543 -0.7601607418494147 1.2362738796757795 -0.7523880354503543 -0.7601607418494147 1.3618319672453107 -0.7523880354503543 -0.7601607418494147 1.4873900548148418 -0.7523880354503543 -0.7601607418494147 1.612948142384373 -0.7523880354503543 -0.7601607418494147 1.738506229953904 -0.7523880354503543 -0.6330258651237879 1.1107157921062485 -0.7523880354503543 -0.6330258651237879 1.2362738796757795 -0.7523880354503543 -0.6330258651237879 1.3618319672453107 -0.7523880354503543 -0.6330258651237879 1.4873900548148418 -0.7523880354503543 -0.6330258651237879 1.612948142384373 -0.7523880354503543 -0.6330258651237879 1.738506229953904 -0.7523880354503543 -0.5058909883981609 1.1107157921062485 -0.7523880354503543 -0.5058909883981609 1.2362738796757795 -0.7523880354503543 -0.5058909883981609 1.3618319672453107 -0.7523880354503543 -0.5058909883981609 1.4873900548148418 -0.7523880354503543 -0.5058909883981609 1.612948142384373 -0.7523880354503543 -0.5058909883981609 1.738506229953904 -0.7523880354503543 -0.37875611167253403 1.1107157921062485 -0.7523880354503543 -0.37875611167253403 1.2362738796757795 -0.7523880354503543 -0.37875611167253403 1.3618319672453107 -0.7523880354503543 -0.37875611167253403 1.4873900548148418 -0.7523880354503543 -0.37875611167253403 1.612948142384373 -0.7523880354503543 -0.37875611167253403 1.738506229953904 -0.7523880354503543 -0.2516212349469072 1.1107157921062485 -0.7523880354503543 -0.2516212349469072 1.2362738796757795 -0.7523880354503543 -0.2516212349469072 1.3618319672453107 -0.7523880354503543 -0.2516212349469072 1.4873900548148418 -0.7523880354503543 -0.2516212349469072 1.612948142384373 -0.7523880354503543 -0.2516212349469072 1.738506229953904 -0.6401996283834572 -0.7601607418494147 1.1107157921062485 -0.6401996283834572 -0.7601607418494147 1.2362738796757795 -0.6401996283834572 -0.7601607418494147 1.3618319672453107 -0.6401996283834572 -0.7601607418494147 1.4873900548148418 -0.6401996283834572 -0.7601607418494147 1.612948142384373 -0.6401996283834572 -0.7601607418494147 1.738506229953904 -0.6401996283834572 -0.6330258651237879 1.1107157921062485 -0.6401996283834572 -0.6330258651237879 1.738506229953904 -0.6401996283834572 -0.5058909883981609 1.1107157921062485 -0.6401996283834572 -0.5058909883981609 1.738506229953904 -0.6401996283834572 -0.37875611167253403 1.1107157921062485 -0.6401996283834572 -0.37875611167253403 1.738506229953904 -0.6401996283834572 -0.2516212349469072 1.1107157921062485 -0.6401996283834572 -0.2516212349469072 1.2362738796757795 -0.6401996283834572 -0.2516212349469072 1.3618319672453107 -0.6401996283834572 -0.2516212349469072 1.4873900548148418 -0.6401996283834572 -0.2516212349469072 1.612948142384373 -0.6401996283834572 -0.2516212349469072 1.738506229953904 -0.5280112213165602 -0.7601607418494147 1.1107157921062485 -0.5280112213165602 -0.7601607418494147 1.2362738796757795 -0.5280112213165602 -0.7601607418494147 1.3618319672453107 -0.5280112213165602 -0.7601607418494147 1.4873900548148418 -0.5280112213165602 -0.7601607418494147 1.612948142384373 -0.5280112213165602 -0.7601607418494147 1.738506229953904 -0.5280112213165602 -0.6330258651237879 1.1107157921062485 -0.5280112213165602 -0.6330258651237879 1.738506229953904 -0.5280112213165602 -0.5058909883981609 1.1107157921062485 -0.5280112213165602 -0.5058909883981609 1.738506229953904 -0.5280112213165602 -0.37875611167253403 1.1107157921062485 -0.5280112213165602 -0.37875611167253403 1.738506229953904 -0.5280112213165602 -0.2516212349469072 1.1107157921062485 -0.5280112213165602 -0.2516212349469072 1.2362738796757795 -0.5280112213165602 -0.2516212349469072 1.3618319672453107 -0.5280112213165602 -0.2516212349469072 1.4873900548148418 -0.5280112213165602 -0.2516212349469072 1.612948142384373 -0.5280112213165602 -0.2516212349469072 1.738506229953904 -0.41582281424966305 -0.7601607418494147 1.1107157921062485 -0.41582281424966305 -0.7601607418494147 1.2362738796757795 -0.41582281424966305 -0.7601607418494147 1.3618319672453107 -0.41582281424966305 -0.7601607418494147 1.4873900548148418 -0.41582281424966305 -0.7601607418494147 1.612948142384373 -0.41582281424966305 -0.7601607418494147 1.738506229953904 -0.41582281424966305 -0.6330258651237879 1.1107157921062485 -0.41582281424966305 -0.6330258651237879 1.738506229953904 -0.41582281424966305 -0.5058909883981609 1.1107157921062485 -0.41582281424966305 -0.5058909883981609 1.738506229953904 -0.41582281424966305 -0.37875611167253403 1.1107157921062485 -0.41582281424966305 -0.37875611167253403 1.738506229953904 -0.41582281424966305 -0.2516212349469072 1.1107157921062485 -0.41582281424966305 -0.2516212349469072 1.2362738796757795 -0.41582281424966305 -0.2516212349469072 1.3618319672453107 -0.41582281424966305 -0.2516212349469072 1.4873900548148418 -0.41582281424966305 -0.2516212349469072 1.612948142384373 -0.41582281424966305 -0.2516212349469072 1.738506229953904 -0.303634407182766 -0.7601607418494147 1.1107157921062485 -0.303634407182766 -0.7601607418494147 1.2362738796757795 -0.303634407182766 -0.7601607418494147 1.3618319672453107 -0.303634407182766 -0.7601607418494147 1.4873900548148418 -0.303634407182766 -0.7601607418494147 1.612948142384373 -0.303634407182766 -0.7601607418494147 1.738506229953904 -0.303634407182766 -0.6330258651237879 1.1107157921062485 -0.303634407182766 -0.6330258651237879 1.738506229953904 -0.303634407182766 -0.5058909883981609 1.1107157921062485 -0.303634407182766 -0.5058909883981609 1.738506229953904 -0.303634407182766 -0.37875611167253403 1.1107157921062485 -0.303634407182766 -0.37875611167253403 1.738506229953904 -0.303634407182766 -0.2516212349469072 1.1107157921062485 -0.303634407182766 -0.2516212349469072 1.2362738796757795 -0.303634407182766 -0.2516212349469072 1.3618319672453107 -0.303634407182766 -0.2516212349469072 1.4873900548148418 -0.303634407182766 -0.2516212349469072 1.612948142384373 -0.303634407182766 -0.2516212349469072 1.738506229953904 -0.191446000115869 -0.7601607418494147 1.1107157921062485 -0.191446000115869 -0.7601607418494147 1.2362738796757795 -0.191446000115869 -0.7601607418494147 1.3618319672453107 -0.191446000115869 -0.7601607418494147 1.4873900548148418 -0.191446000115869 -0.7601607418494147 1.612948142384373 -0.191446000115869 -0.7601607418494147 1.738506229953904 -0.191446000115869 -0.6330258651237879 1.1107157921062485 -0.191446000115869 -0.6330258651237879 1.738506229953904 -0.191446000115869 -0.5058909883981609 1.1107157921062485 -0.191446000115869 -0.5058909883981609 1.738506229953904 -0.191446000115869 -0.37875611167253403 1.1107157921062485 -0.191446000115869 -0.37875611167253403 1.738506229953904 -0.191446000115869 -0.2516212349469072 1.1107157921062485 -0.191446000115869 -0.2516212349469072 1.2362738796757795 -0.191446000115869 -0.2516212349469072 1.3618319672453107 -0.191446000115869 -0.2516212349469072 1.4873900548148418 -0.191446000115869 -0.2516212349469072 1.612948142384373 -0.191446000115869 -0.2516212349469072 1.738506229953904 -0.07925759304897184 -0.7601607418494147 1.1107157921062485 -0.07925759304897184 -0.7601607418494147 1.2362738796757795 -0.07925759304897184 -0.7601607418494147 1.3618319672453107 -0.07925759304897184 -0.7601607418494147 1.4873900548148418 -0.07925759304897184 -0.7601607418494147 1.612948142384373 -0.07925759304897184 -0.7601607418494147 1.738506229953904 -0.07925759304897184 -0.6330258651237879 1.1107157921062485 -0.07925759304897184 -0.6330258651237879 1.738506229953904 -0.07925759304897184 -0.5058909883981609 1.1107157921062485 -0.07925759304897184 -0.5058909883981609 1.738506229953904 -0.07925759304897184 -0.37875611167253403 1.1107157921062485 -0.07925759304897184 -0.37875611167253403 1.738506229953904 -0.07925759304897184 -0.2516212349469072 1.1107157921062485 -0.07925759304897184 -0.2516212349469072 1.2362738796757795 -0.07925759304897184 -0.2516212349469072 1.3618319672453107 -0.07925759304897184 -0.2516212349469072 1.4873900548148418 -0.07925759304897184 -0.2516212349469072 1.612948142384373 -0.07925759304897184 -0.2516212349469072 1.738506229953904 0.03293081401792525 -0.7601607418494147 1.1107157921062485 0.03293081401792525 -0.7601607418494147 1.2362738796757795 0.03293081401792525 -0.7601607418494147 1.3618319672453107 0.03293081401792525 -0.7601607418494147 1.4873900548148418 0.03293081401792525 -0.7601607418494147 1.612948142384373 0.03293081401792525 -0.7601607418494147 1.738506229953904 0.03293081401792525 -0.6330258651237879 1.1107157921062485 0.03293081401792525 -0.6330258651237879 1.2362738796757795 0.03293081401792525 -0.6330258651237879 1.3618319672453107 0.03293081401792525 -0.6330258651237879 1.4873900548148418 0.03293081401792525 -0.6330258651237879 1.612948142384373 0.03293081401792525 -0.6330258651237879 1.738506229953904 0.03293081401792525 -0.5058909883981609 1.1107157921062485 0.03293081401792525 -0.5058909883981609 1.2362738796757795 0.03293081401792525 -0.5058909883981609 1.3618319672453107 0.03293081401792525 -0.5058909883981609 1.4873900548148418 0.03293081401792525 -0.5058909883981609 1.612948142384373 0.03293081401792525 -0.5058909883981609 1.738506229953904 0.03293081401792525 -0.37875611167253403 1.1107157921062485 0.03293081401792525 -0.37875611167253403 1.2362738796757795 0.03293081401792525 -0.37875611167253403 1.3618319672453107 0.03293081401792525 -0.37875611167253403 1.4873900548148418 0.03293081401792525 -0.37875611167253403 1.612948142384373 0.03293081401792525 -0.37875611167253403 1.738506229953904 0.03293081401792525 -0.2516212349469072 1.1107157921062485 0.03293081401792525 -0.2516212349469072 1.2362738796757795 0.03293081401792525 -0.2516212349469072 1.3618319672453107 0.03293081401792525 -0.2516212349469072 1.4873900548148418 0.03293081401792525 -0.2516212349469072 1.612948142384373 0.03293081401792525 -0.2516212349469072 1.738506229953904
NOBST 1
OBSTPOS -0.896890031908302 0.21646828027440645 1.426776931618073
OBSTBBOX 0.3475805141156498 0.2152928884023676 0.47394654808031395
START -3.988020569260464 -4.61848896673739 1.742025421480899
STARTVEL 0.07475236904799792 0.05012172909535206 -0.21621748454257048
GOAL 2.5699141527861205 1.5942912962541111 1.742025421480899
CURTIME 0.1090844129952373
MGRRES 0.3451544590550834
MGRDRONER 0.17014244691419914
MGRWEIGHT 1.5006189686409388
DIM 26 32 7
SUCCESS 1
FINALG 9.063977678975863
NPROC 11
PROC -3.988020569260464 -4.61848896673739 1.742025421480899 -3.051148538936471 -3.8519573055632135 1.742025421480899 -2.1142765086124777 -3.085425644389037 1.742025421480899 -1.1774044782884845 -2.3188939832148607 1.742025421480899 -0.24053244796449125 -1.5523623220406844 1.742025421480899 -0.19132151965454725 -1.5120988352416393 1.742025421480899 0.15383293940053644 -1.1669443761865557 1.742025421480899 0.4989873984556201 -0.8217899171314729 1.742025421480899 1.2867675976922464 0.09728698197792451 1.742025421480899 2.0745477969288726 1.016363881087322 1.742025421480899 2.5699141527861205 1.5942912962541111 1.742025421480899
PROCCELL 2 2 3 5 4 3 7 6 3 10 9 3 13 11 3 13 11 3 14 12 3 15 13 3 17 16 3 20 18 3 21 20 3
NRAW 21
RAW -3.988020569260464 -4.61848896673739 1.742025421480899 -3.642866110205381 -4.273334507682307 1.742025421480899 -3.2977116511502977 -3.9281800486272234 1.742025421480899 -2.952557192095214 -3.5830255895721397 1.742025421480899 -2.607402733040131 -3.2378711305170564 1.742025421480899 -2.2622482739850476 -2.892716671461973 1.742025421480899 -1.917093814929964 -2.5475622124068895 1.742025421480899 -1.5719393558748807 -2.2024077533518063 1.742025421480899 -1.2267848968197974 -1.857253294296723 1.742025421480899 -0.8816304377647137 -1.5120988352416393 1.742025421480899 -0.53647597870963 -1.5120988352416393 1.742025421480899 -0.19132151965454725 -1.5120988352416393 1.742025421480899 0.15383293940053644 -1.1669443761865557 1.742025421480899 0.4989873984556201 -0.8217899171314729 1.742025421480899 0.8441418575107029 -0.4766354580763892 1.742025421480899 1.1892963165657866 -0.1314809990213055 1.742025421480899 1.5344507756208703 0.2136734600337773 1.742025421480899 1.879605234675953 0.558827919088861 1.742025421480899 2.2247596937310368 0.9039823781439447 1.742025421480899 2.5699141527861205 1.2491368371990275 1.742025421480899 2.5699141527861205 1.5942912962541111 1.742025421480899
RAWCELL 2 2 3 3 3 3 4 4 3 5 5 3 6 6 3 7 7 3 8 8 3 9 9 3 10 10 3 11 11 3 12 11 3 13 11 3 14 12 3 15 13 3 16 14 3 17 15 3 18 16 3 19 17 3 20 18 3 21 19 3 21 20 3
NPROBE 75
PROBE 0 0 2 0 0 3 0 0 4 0 1 2 0 1 3 0 1 4 0 2 2 0 2 3 0 2 4 0 3 2 0 3 3 0 3 4 0 4 2 0 4 3 0 4 4 1 0 2 1 0 3 1 0 4 1 1 2 1 1 3 1 1 4 1 2 2 1 2 3 1 2 4 1 3 2 1 3 3 1 3 4 1 4 2 1 4 3 1 4 4 2 0 2 2 0 3 2 0 4 2 1 2 2 1 3 2 1 4 2 2 2 2 2 3 2 2 4 2 3 2 2 3 3 2 3 4 2 4 2 2 4 3 2 4 4 3 0 2 3 0 3 3 0 4 3 1 2 3 1 3 3 1 4 3 2 2 3 2 3 3 2 4 3 3 2 3 3 3 3 3 4 3 4 2 3 4 3 3 4 4 4 0 2 4 0 3 4 0 4 4 1 2 4 1 3 4 1 4 4 2 2 4 2 3 4 2 4 4 3 2 4 3 3 4 3 4 4 4 2 4 4 3 4 4 4
CARVEBEFORE 0 0 0 1 1 1 1 1 1 1 1 1 1 1 1 0 0 0 1 1 1 1 1 1 1 1 1 1 1 1 0 0 0 1 1 1 1 1 1 1 1 1 1 1 1 0 0 0 1 1 1 1 1 1 1 1 1 1 1 1 0 0 0 1 1 1 1 1 1 1 1 1 1 1 1
CARVEAFTER 1 1 1 1 1 1 1 1 1 1 1 1 1 1 1 1 1 1 1 1 1 1 1 1 1 1 1 1 1 1 1 1 1 1 1 1 1 1 1 1 1 1 1 1 1 1 1 1 1 1 1 1 1 1 1 1 1 1 1 1 1 1 1 1 1 1 1 1 1 1 1 1 1 1 1
END
CASE
KIND 0
PARFLOAT 1.6371444851545331 1.3800294760263372 0.21847570092435717 0.37198309985845396 0.5 6.0 10.0 20.0 100.0 0.9337170433204901 0.0 1.4193298163536234 2.5575780698623296 0.34520854196618944 0.0 100.0 0.0 0.33660998846481316 19.37899786452237 4.569872973984985 5.4467656024781945 0.12267260783418399 0.7865287316979925 0.5 0.06603763156481839 2.0 0.1 0.5 0.5 1.0 5.0 1.0 0.5
PARINT 1000 100000 3 2 1 15 2
PARBOOL 1 0 0 1 1 1 0 1 1 0 1 0
PARGP astar_heat
PARDRONEBBOX 0.3253305596514978 0.31503854841384815 0.36446203009464284
PARSFC 3.0 3.0 3.0
WD 6.587775891128608 8.890883617940666 3.214616003377977
CENTER 0.30041794503754393 0.4612803654126638 1.202162263134396
TMAX 1.929620020602845
NCLOUD 0
CLOUD 
NOBST 2
OBSTPOS 1.1910158931921566 0.9057847269513581 1.3743327379251813 0.3097531649693106 -0.9287581907938569 1.4281305523321564
OBSTBBOX 0.2613499124505586 0.3719949679063534 0.3917401556162129 0.38578307743751206 0.2210396668057531 0.4340998834469191
START -3.3176169398159847 -4.21201469418981 1.6544166237410871
STARTVEL 0.155912997497835 -0.22528659125905487 -0.16434781735482762
GOAL 0.3004179450375437 0.6120318189482283 1.6544166237410871
CURTIME 1.1277245651587036
MGRRES 0.30150290707112737
MGRDRONER 0.18223101504732142
MGRWEIGHT 1.6371444851545331
DIM 29 36 7
SUCCESS 1
FINALG 6.105092643046263
NPROC 9
PROC -3.3176169398159847 -4.21201469418981 1.6544166237410871 -2.8127023605016346 -3.4265920152563765 1.6544166237410871 -2.307787781187285 -2.6411693363229434 1.6544166237410871 -1.802873201872935 -1.8557466573895098 1.6544166237410871 -1.297958622558585 -1.0703239784560767 1.6544166237410871 -0.7930440432442349 -0.28490129952264365 1.6544166237410871 -0.6040907761758385 0.009026004805972931 1.6544166237410871 0.17280876454723615 0.5269590319546898 1.6544166237410871 0.3004179450375437 0.6120318189482283 1.6544166237410871
PROCCELL 2 2 3 4 5 3 5 7 3 7 10 3 9 12 3 10 15 3 11 16 3 14 18 3 14 18 3
NRAW 18
RAW -3.3176169398159847 -4.21201469418981 1.6544166237410871 -3.0161140327448575 -3.9105117871186827 1.6544166237410871 -2.7146111256737298 -3.609008880047555 1.6544166237410871 -2.4131082186026025 -3.307505972976428 1.6544166237410871 -2.1116053115314752 -3.0060030659053005 1.6544166237410871 -1.810102404460348 -2.7045001588341733 1.6544166237410871 -1.5085994973892203 -2.4029972517630456 1.6544166237410871 -1.207096590318093 -2.1014943446919183 1.6544166237410871 -0.9055936832469658 -1.799991437620791 1.6544166237410871 -0.9055936832469658 -1.4984885305496638 1.6544166237410871 -0.9055936832469658 -1.196985623478536 1.6544166237410871 -0.9055936832469658 -0.8954827164074093 1.6544166237410871 -0.6040907761758385 -0.5939798093362816 1.6544166237410871 -0.6040907761758385 -0.2924769022651539 1.6544166237410871 -0.6040907761758385 0.009026004805972931 1.6544166237410871 -0.3025878691047108 0.31052891187710063 1.6544166237410871 -0.0010849620335839916 0.6120318189482283 1.6544166237410871 0.3004179450375437 0.6120318189482283 1.6544166237410871
RAWCELL 2 2 3 3 3 3 4 4 3 5 5 3 6 6 3 7 7 3 8 8 3 9 9 3 10 10 3 10 11 3 10 12 3 10 13 3 11 14 3 11 15 3 11 16 3 12 17 3 13 18 3 14 18 3
NPROBE 75
PROBE 0 0 2 0 0 3 0 0 4 0 1 2 0 1 3 0 1 4 0 2 2 0 2 3 0 2 4 0 3 2 0 3 3 0 3 4 0 4 2 0 4 3 0 4 4 1 0 2 1 0 3 1 0 4 1 1 2 1 1 3 1 1 4 1 2 2 1 2 3 1 2 4 1 3 2 1 3 3 1 3 4 1 4 2 1 4 3 1 4 4 2 0 2 2 0 3 2 0 4 2 1 2 2 1 3 2 1 4 2 2 2 2 2 3 2 2 4 2 3 2 2 3 3 2 3 4 2 4 2 2 4 3 2 4 4 3 0 2 3 0 3 3 0 4 3 1 2 3 1 3 3 1 4 3 2 2 3 2 3 3 2 4 3 3 2 3 3 3 3 3 4 3 4 2 3 4 3 3 4 4 4 0 2 4 0 3 4 0 4 4 1 2 4 1 3 4 1 4 4 2 2 4 2 3 4 2 4 4 3 2 4 3 3 4 3 4 4 4 2 4 4 3 4 4 4
CARVEBEFORE 0 0 0 0 0 0 1 1 1 1 1 1 1 1 1 0 0 0 0 0 0 1 1 1 1 1 1 1 1 1 0 0 0 0 0 0 1 1 1 1 1 1 1 1 1 0 0 0 0 0 0 1 1 1 1 1 1 1 1 1 0 0 0 0 0 0 1 1 1 1 1 1 1 1 1
CARVEAFTER 1 1 1 1 1 1 1 1 1 1 1 1 1 1 1 1 1 1 1 1 1 1 1 1 1 1 1 1 1 1 1 1 1 1 1 1 1 1 1 1 1 1 1 1 1 1 1 1 1 1 1 1 1 1 1 1 1 1 1 1 1 1 1 1 1 1 1 1 1 1 1 1 1 1 1
END
CASE
KIND 0
PARFLOAT 1.0030117787548156 1.1078677738116143 0.24412090701059552 0.39193014950319216 0.5 6.0 10.0 20.0 100.0 1.1431492619227939 0.0 2.4525237818911565 2.276967418852694 0.10726085221947906 0.0 100.0 0.0 0.6025233428375505 24.4056159928548 8.494097693273076 5.732243171994189 0.3686693531053955 1.0941267765186178 0.5 0.12896673546916443 2.0 0.1 0.5 0.5 1.0 5.0 1.0 0.5
PARINT 1000 100000 0 2 2 15 2
PARBOOL 0 1 0 1 1 1 0 1 1 0 1 0
PARGP astar_heat
PARDRONEBBOX 0.3185548288588164 0.18420396007714082 0.15461711090291314
PARSFC 3.0 3.0 3.0
WD 6.444422605449747 8.441273654578955 3.1221753624022797
CENTER -0.06280958788230728 -0.47813285820375506 1.6784838896046224
TMAX 2.38456396922604
NCLOUD 0
CLOUD 
NOBST 1
OBSTPOS -0.12092605671602596 0.7746803503564677 1.2852525642956105
OBSTBBOX 0.18191269143852717 0.3124594147128983 0.32658813573042833
START -3.7139343460567646 -5.075845516645664 2.084164418290673
STARTVEL -0.06848056510677455 -0.13299536279029464 0.15604303503364064
GOAL 0.0724172550130433 -0.47813285820375473 2.084164418290673
CURTIME 0.09247885918858012
MGRRES 0.27045368579070056
MGRDRONER 0.1592774144294082
MGRWEIGHT 1.0030117787548156
DIM 32 39 10
SUCCESS 1
FINALG 5.956124590412869
NPROC 7
PROC -3.7139343460567646 -5.075845516645664 2.084164418290673 -2.9872260691496315 -4.193414037544145 2.084164418290673 -2.2605177922424984 -3.310982558442627 2.084164418290673 -1.5338095153353652 -2.428551079341108 2.084164418290673 -0.8071012384282326 -1.5461196002395896 2.084164418290673 -0.08039296152109943 -0.6636881211380707 2.084164418290673 0.0724172550130433 -0.47813285820375473 2.084164418290673
PROCCELL 2 2 5 5 5 5 7 9 5 10 12 5 13 15 5 15 18 5 16 19 5
NRAW 18
RAW -3.7139343460567646 -5.075845516645664 2.084164418290673 -3.443480660266064 -4.805391830854964 2.084164418290673 -3.1730269744753636 -4.534938145064263 2.084164418290673 -2.902573288684663 -4.264484459273563 2.084164418290673 -2.632119602893962 -3.9940307734828617 2.084164418290673 -2.3616659171032617 -3.7235770876921612 2.084164418290673 -2.091212231312561 -3.4531234019014607 2.084164418290673 -1.8207585455218607 -3.18266971611076 2.084164418290673 -1.5503048597311602 -2.9122160303200597 2.084164418290673 -1.2798511739404597 -2.641762344529359 2.084164418290673 -1.2798511739404597 -2.3713086587386583 2.084164418290673 -1.2798511739404597 -2.1008549729479578 2.084164418290673 -1.0093974881497587 -1.8304012871572573 2.084164418290673 -1.0093974881497587 -1.5599476013665567 2.084164418290673 -0.7389438023590582 -1.2894939155758562 2.084164418290673 -0.4684901165683577 -1.0190402297851557 2.084164418290673 -0.1980364307776572 -0.7485865439944552 2.084164418290673 0.0724172550130433 -0.47813285820375473 2.084164418290673
RAWCELL 2 2 5 3 3 5 4 4 5 5 5 5 6 6 5 7 7 5 8 8 5 9 9 5 10 10 5 11 11 5 11 12 5 11 13 5 12 14 5 12 15 5 13 16 5 14 17 5 15 18 5 16 19 5
NPROBE 75
PROBE 0 0 4 0 0 5 0 0 6 0 1 4 0 1 5 0 1 6 0 2 4 0 2 5 0 2 6 0 3 4 0 3 5 0 3 6 0 4 4 0 4 5 0 4 6 1 0 4 1 0 5 1 0 6 1 1 4 1 1 5 1 1 6 1 2 4 1 2 5 1 2 6 1 3 4 1 3 5 1 3 6 1 4 4 1 4 5 1 4 6 2 0 4 2 0 5 2 0 6 2 1 4 2 1 5 2 1 6 2 2 4 2 2 5 2 2 6 2 3 4 2 3 5 2 3 6 2 4 4 2 4 5 2 4 6 3 0 4 3 0 5 3 0 6 3 1 4 3 1 5 3 1 6 3 2 4 3 2 5 3 2 6 3 3 4 3 3 5 3 3 6 3 4 4 3 4 5 3 4 6 4 0 4 4 0 5 4 0 6 4 1 4 4 1 5 4 1 6 4 2 4 4 2 5 4 2 6 4 3 4 4 3 5 4 3 6 4 4 4 4 4 5 4 4 6
CARVEBEFORE 0 0 0 0 0 0 1 1 1 1 1 1 1 1 1 0 0 0 0 0 0 1 1 1 1 1 1 1 1 1 0 0 0 0 0 0 1 1 1 1 1 1 1 1 1 0 0 0 0 0 0 1 1 1 1 1 1 1 1 1 0 0 0 0 0 0 1 1 1 1 1 1 1 1 1
CARVEAFTER 0 0 0 0 0 0 1 1 1 1 1 1 1 1 1 0 0 0 0 0 0 1 1 1 1 1 1 1 1 1 0 0 0 0 0 0 1 1 1 1 1 1 1 1 1 0 0 0 0 0 0 1 1 1 1 1 1 1 1 1 0 0 0 0 0 0 1 1 1 1 1 1 1 1 1
END
CASE
KIND 0
PARFLOAT 1.437658199181337 1.1712044969154678 0.28318937058664484 0.21777739376431487 0.5 6.0 10.0 20.0 100.0 1.4111940159856995 0.0 1.034404448634162 1.425295544317235 0.3853355154413628 0.0 100.0 0.0 0.30899929458046854 12.254101185421813 4.06062163849123 3.769129645237617 0.36360508559737525 1.1595047543709747 0.5 0.0011183005416009362 2.0 0.1 0.5 0.5 1.0 5.0 1.0 0.5
PARINT 1000 100000 0 2 3 15 2
PARBOOL 0 1 0 1 1 1 0 1 1 0 1 0
PARGP astar_heat
PARDRONEBBOX 0.283584053016669 0.3729997159145776 0.1508584139237956
PARSFC 3.0 3.0 3.0
WD 6.814608940562769 8.894637048958648 3.364252564068961
CENTER 0.4042337902044685 -0.39113980828527717 1.5357093006698017
TMAX 1.820714572605305
NCLOUD 0
CLOUD 
NOBST 2
OBSTPOS -0.7255500200031335 0.33845150961236925 1.5942630858028832 0.4249393337017824 0.9753415856705276 1.5992663365068724
OBSTBBOX 0.18649898509552448 0.28020510103798363 0.26678366208474863 0.24793409399052171 0.2549178645509007 0.38003662558696527
START -2.9124928528929246 -4.702884444311889 2.033218297134411
STARTVEL -0.08337532956599161 0.18398564845653692 -0.2960209906658315
GOAL 0.4042337902044686 -0.39113980828527684 2.033218297134411
CURTIME 1.552977525003313
MGRRES 0.33167266430973935
MGRDRONER 0.1864998579572888
MGRWEIGHT 1.437658199181337
DIM 25 31 8
SUCCESS 1
FINALG 5.439836158501133
NPROC 5
PROC -2.9124928528929246 -4.702884444311889 2.033218297134411 -2.0520726756997507 -3.5843382139607627 2.033218297134411 -1.191652498506577 -2.4657919836096367 2.033218297134411 -0.33123232131340385 -1.3472457532585107 2.033218297134411 0.4042337902044686 -0.39113980828527684 2.033218297134411
PROCCELL 2 2 4 5 5 4 7 9 4 10 12 4 12 15 4
NRAW 14
RAW -2.9124928528929246 -4.702884444311889 2.033218297134411 -2.580820188583185 -4.371211780002149 2.033218297134411 -2.2491475242734458 -4.03953911569241 2.033218297134411 -1.9174748599637064 -3.7078664513826705 2.033218297134411 -1.585802195653967 -3.376193787072931 2.033218297134411 -1.2541295313442276 -3.0445211227631916 2.033218297134411 -0.9224568670344886 -2.7128484584534527 2.033218297134411 -0.5907842027247492 -2.3811757941437133 2.033218297134411 -0.2591115384150098 -2.049503129833974 2.033218297134411 0.07256112589472963 -1.7178304655242345 2.033218297134411 0.07256112589472963 -1.3861578012144955 2.033218297134411 0.07256112589472963 -1.0544851369047556 2.033218297134411 0.4042337902044686 -0.7228124725950167 2.033218297134411 0.4042337902044686 -0.39113980828527684 2.033218297134411
RAWCELL 2 2 4 3 3 4 4 4 4 5 5 4 6 6 4 7 7 4 8 8 4 9 9 4 10 10 4 11 11 4 11 12 4 11 13 4 12 14 4 12 15 4
NPROBE 75
PROBE 0 0 3 0 0 4 0 0 5 0 1 3 0 1 4 0 1 5 0 2 3 0 2 4 0 2 5 0 3 3 0 3 4 0 3 5 0 4 3 0 4 4 0 4 5 1 0 3 1 0 4 1 0 5 1 1 3 1 1 4 1 1 5 1 2 3 1 2 4 1 2 5 1 3 3 1 3 4 1 3 5 1 4 3 1 4 4 1 4 5 2 0 3 2 0 4 2 0 5 2 1 3 2 1 4 2 1 5 2 2 3 2 2 4 2 2 5 2 3 3 2 3 4 2 3 5 2 4 3 2 4 4 2 4 5 3 0 3 3 0 4 3 0 5 3 1 3 3 1 4 3 1 5 3 2 3 3 2 4 3 2 5 3 3 3 3 3 4 3 3 5 3 4 3 3 4 4 3 4 5 4 0 3 4 0 4 4 0 5 4 1 3 4 1 4 4 1 5 4 2 3 4 2 4 4 2 5 4 3 3 4 3 4 4 3 5 4 4 3 4 4 4 4 4 5
CARVEBEFORE 0 0 0 1 1 1 1 1 1 1 1 1 1 1 1 0 0 0 1 1 1 1 1 1 1 1 1 1 1 1 0 0 0 1 1 1 1 1 1 1 1 1 1 1 1 0 0 0 1 1 1 1 1 1 1 1 1 1 1 1 0 0 0 1 1 1 1 1 1 1 1 1 1 1 1
CARVEAFTER 0 0 0 1 1 1 1 1 1 1 1 1 1 1 1 0 0 0 1 1 1 1 1 1 1 1 1 1 1 1 0 0 0 1 1 1 1 1 1 1 1 1 1 1 1 0 0 0 1 1 1 1 1 1 1 1 1 1 1 1 0 0 0 1 1 1 1 1 1 1 1 1 1 1 1
END
CASE
KIND 0
PARFLOAT 1.8470502152871724 1.2509695809781296 0.3129158080623375 0.3643461978640868 0.5 6.0 10.0 20.0 100.0 0.41256065363831923 0.0 1.6396898164121418 1.731692870818105 0.4887184569268872 0.0 100.0 0.0 0.28871414988793676 8.256537960864055 4.174759908241526 4.716369058258875 0.41367704405120154 0.6420103033812865 0.5 0.023689094311666815 2.0 0.1 0.5 0.5 1.0 5.0 1.0 0.5
PARINT 1000 100000 3 3 3 15 2
PARBOOL 1 0 0 1 1 1 0 1 1 0 1 1
PARGP sastar
PARDRONEBBOX 0.30571433133178466 0.3704734920851146 0.26358543051240524
PARSFC 3.0 3.0 3.0
WD 9.352474038824619 9.823635736703274 3.4076382772065488
CENTER -0.2547086661877801 -0.22699871721079223 1.4898602225908544
TMAX 1.8578610130843647
NCLOUD 212
CLOUD -0.6546748083415173 -0.5762090202327934 0.8319374112391803 -0.6546748083415173 -0.5762090202327934 0.9464667372064522 -0.6546748083415173 -0.5762090202327934 1.0609960631737243 -0.6546748083415173 -0.5762090202327934 1.1755253891409962 -0.6546748083415173 -0.5762090202327934 1.2900547151082682 -0.6546748083415173 -0.5762090202327934 1.4045840410755401 -0.6546748083415173 -0.5762090202327934 1.519113367042812 -0.6546748083415173 -0.5762090202327934 1.633642693010084 -0.6546748083415173 -0.5762090202327934 1.748172018977356 -0.6546748083415173 -0.44606698592584976 0.8319374112391803 -0.6546748083415173 -0.44606698592584976 0.9464667372064522 -0.6546748083415173 -0.44606698592584976 1.0609960631737243 -0.6546748083415173 -0.44606698592584976 1.1755253891409962 -0.6546748083415173 -0.44606698592584976 1.2900547151082682 -0.6546748083415173 -0.44606698592584976 1.4045840410755401 -0.6546748083415173 -0.44606698592584976 1.519113367042812 -0.6546748083415173 -0.44606698592584976 1.633642693010084 -0.6546748083415173 -0.44606698592584976 1.748172018977356 -0.6546748083415173 -0.3159249516189061 0.8319374112391803 -0.6546748083415173 -0.3159249516189061 0.9464667372064522 -0.6546748083415173 -0.3159249516189061 1.0609960631737243 -0.6546748083415173 -0.3159249516189061 1.1755253891409962 -0.6546748083415173 -0.3159249516189061 1.2900547151082682 -0.6546748083415173 -0.3159249516189061 1.4045840410755401 -0.6546748083415173 -0.3159249516189061 1.519113367042812 -0.6546748083415173 -0.3159249516189061 1.633642693010084 -0.6546748083415173 -0.3159249516189061 1.748172018977356 -0.6546748083415173 -0.18578291731196245 0.8319374112391803 -0.6546748083415173 -0.18578291731196245 0.9464667372064522 -0.6546748083415173 -0.18578291731196245 1.0609960631737243 -0.6546748083415173 -0.18578291731196245 1.1755253891409962 -0.6546748083415173 -0.18578291731196245 1.2900547151082682 -0.6546748083415173 -0.18578291731196245 1.4045840410755401 -0.6546748083415173 -0.18578291731196245 1.519113367042812 -0.6546748083415173 -0.18578291731196245 1.633642693010084 -0.6546748083415173 -0.18578291731196245 1.748172018977356 -0.6546748083415173 -0.05564088300501879 0.8319374112391803 -0.6546748083415173 -0.05564088300501879 0.9464667372064522 -0.6546748083415173 -0.05564088300501879 1.0609960631737243 -0.6546748083415173 -0.05564088300501879 1.1755253891409962 -0.6546748083415173 -0.05564088300501879 1.2900547151082682 -0.6546748083415173 -0.05564088300501879 1.4045840410755401 -0.6546748083415173 -0.05564088300501879 1.519113367042812 -0.6546748083415173 -0.05564088300501879 1.633642693010084 -0.6546748083415173 -0.05564088300501879 1.748172018977356 -0.6546748083415173 0.07450115130192492 0.8319374112391803 -0.6546748083415173 0.07450115130192492 0.9464667372064522 -0.6546748083415173 0.07450115130192492 1.0609960631737243 -0.6546748083415173 0.07450115130192492 1.1755253891409962 -0.6546748083415173 0.07450115130192492 1.2900547151082682 -0.6546748083415173 0.07450115130192492 1.4045840410755401 -0.6546748083415173 0.07450115130192492 1.519113367042812 -0.6546748083415173 0.07450115130192492 1.633642693010084 -0.6546748083415173 0.07450115130192492 1.748172018977356 -0.5344898629146121 -0.5762090202327934 0.8319374112391803 -0.5344898629146121 -0.5762090202327934 0.9464667372064522 -0.5344898629146121 -0.5762090202327934 1.0609960631737243 -0.5344898629146121 -0.5762090202327934 1.1755253891409962 -0.5344898629146121 -0.5762090202327934 1.2900547151082682 -0.5344898629146121 -0.5762090202327934 1.4045840410755401 -0.5344898629146121 -0.5762090202327934 1.519113367042812 -0.5344898629146121 -0.5762090202327934 1.633642693010084 -0.5344898629146121 -0.5762090202327934 1.748172018977356 -0.5344898629146121 -0.44606698592584976 0.8319374112391803 -0.5344898629146121 -0.44606698592584976 1.748172018977356 -0.5344898629146121 -0.3159249516189061 0.8319374112391803 -0.5344898629146121 -0.3159249516189061 1.748172018977356 -0.5344898629146121 -0.18578291731196245 0.8319374112391803 -0.5344898629146121 -0.18578291731196245 1.748172018977356 -0.5344898629146121 -0.05564088300501879 0.8319374112391803 -0.5344898629146121 -0.05564088300501879 1.748172018977356 -0.5344898629146121 0.07450115130192492 0.8319374112391803 -0.5344898629146121 0.07450115130192492 0.9464667372064522 -0.5344898629146121 0.07450115130192492 1.0609960631737243 -0.5344898629146121 0.07450115130192492 1.1755253891409962 -0.5344898629146121 0.07450115130192492 1.2900547151082682 -0.5344898629146121 0.07450115130192492 1.4045840410755401 -0.5344898629146121 0.07450115130192492 1.519113367042812 -0.5344898629146121 0.07450115130192492 1.633642693010084 -0.5344898629146121 0.07450115130192492 1.748172018977356 -0.41430491748770704 -0.5762090202327934 0.8319374112391803 -0.41430491748770704 -0.5762090202327934 0.9464667372064522 -0.41430491748770704 -0.5762090202327934 1.0609960631737243 -0.41430491748770704 -0.5762090202327934 1.1755253891409962 -0.41430491748770704 -0.5762090202327934 1.2900547151082682 -0.41430491748770704 -0.5762090202327934 1.4045840410755401 -0.41430491748770704 -0.5762090202327934 1.519113367042812 -0.41430491748770704 -0.5762090202327934 1.633642693010084 -0.41430491748770704 -0.5762090202327934 1.748172018977356 -0.41430491748770704 -0.44606698592584976 0.8319374112391803 -0.41430491748770704 -0.44606698592584976 1.748172018977356 -0.41430491748770704 -0.3159249516189061 0.8319374112391803 -0.41430491748770704 -0.3159249516189061 1.748172018977356 -0.41430491748770704 -0.18578291731196245 0.8319374112391803 -0.41430491748770704 -0.18578291731196245 1.748172018977356 -0.41430491748770704 -0.05564088300501879 0.8319374112391803 -0.41430491748770704 -0.05564088300501879 1.748172018977356 -0.41430491748770704 0.07450115130192492 0.8319374112391803 -0.41430491748770704 0.07450115130192492 0.9464667372064522 -0.41430491748770704 0.07450115130192492 1.0609960631737243 -0.41430491748770704 0.07450115130192492 1.1755253891409962 -0.41430491748770704 0.07450115130192492 1.2900547151082682 -0.41430491748770704 0.07450115130192492 1.4045840410755401 -0.41430491748770704 0.07450115130192492 1.519113367042812 -0.41430491748770704 0.07450115130192492 1.633642693010084 -0.41430491748770704 0.07450115130192492 1.748172018977356 -0.29411997206080187 -0.5762090202327934 0.8319374112391803 -0.29411997206080187 -0.5762090202327934 0.9464667372064522 -0.29411997206080187 -0.5762090202327934 1.0609960631737243 -0.29411997206080187 -0.5762090202327934 1.1755253891409962 -0.29411997206080187 -0.5762090202327934 1.2900547151082682 -0.29411997206080187 -0.5762090202327934 1.4045840410755401 -0.29411997206080187 -0.5762090202327934 1.519113367042812 -0.29411997206080187 -0.5762090202327934 1.633642693010084 -0.29411997206080187 -0.5762090202327934 1.748172018977356 -0.29411997206080187 -0.44606698592584976 0.8319374112391803 -0.29411997206080187 -0.44606698592584976 1.748172018977356 -0.29411997206080187 -0.3159249516189061 0.8319374112391803 -0.29411997206080187 -0.3159249516189061 1.748172018977356 -0.29411997206080187 -0.18578291731196245 0.8319374112391803 -0.29411997206080187 -0.18578291731196245 1.748172018977356 -0.29411997206080187 -0.05564088300501879 0.8319374112391803 -0.29411997206080187 -0.05564088300501879 1.748172018977356 -0.29411997206080187 0.07450115130192492 0.8319374112391803 -0.29411997206080187 0.07450115130192492 0.9464667372064522 -0.29411997206080187 0.07450115130192492 1.0609960631737243 -0.29411997206080187 0.07450115130192492 1.1755253891409962 -0.29411997206080187 0.07450115130192492 1.2900547151082682 -0.29411997206080187 0.07450115130192492 1.4045840410755401 -0.29411997206080187 0.07450115130192492 1.519113367042812 -0.29411997206080187 0.07450115130192492 1.633642693010084 -0.29411997206080187 0.07450115130192492 1.748172018977356 -0.17393502663389676 -0.5762090202327934 0.8319374112391803 -0.17393502663389676 -0.5762090202327934 0.9464667372064522 -0.17393502663389676 -0.5762090202327934 1.0609960631737243 -0.17393502663389676 -0.5762090202327934 1.1755253891409962 -0.17393502663389676 -0.5762090202327934 1.2900547151082682 -0.17393502663389676 -0.5762090202327934 1.4045840410755401 -0.17393502663389676 -0.5762090202327934 1.519113367042812 -0.17393502663389676 -0.5762090202327934 1.633642693010084 -0.17393502663389676 -0.5762090202327934 1.748172018977356 -0.17393502663389676 -0.44606698592584976 0.8319374112391803 -0.17393502663389676 -0.44606698592584976 1.748172018977356 -0.17393502663389676 -0.3159249516189061 0.8319374112391803 -0.17393502663389676 -0.3159249516189061 1.748172018977356 -0.17393502663389676 -0.18578291731196245 0.8319374112391803 -0.17393502663389676 -0.18578291731196245 1.748172018977356 -0.17393502663389676 -0.05564088300501879 0.8319374112391803 -0.17393502663389676 -0.05564088300501879 1.748172018977356 -0.17393502663389676 0.07450115130192492 0.8319374112391803 -0.17393502663389676 0.07450115130192492 0.9464667372064522 -0.17393502663389676 0.07450115130192492 1.0609960631737243 -0.17393502663389676 0.07450115130192492 1.1755253891409962 -0.17393502663389676 0.07450115130192492 1.2900547151082682 -0.17393502663389676 0.07450115130192492 1.4045840410755401 -0.17393502663389676 0.07450115130192492 1.519113367042812 -0.17393502663389676 0.07450115130192492 1.633642693010084 -0.17393502663389676 0.07450115130192492 1.748172018977356 -0.05375008120699165 -0.5762090202327934 0.8319374112391803 -0.05375008120699165 -0.5762090202327934 0.9464667372064522 -0.05375008120699165 -0.5762090202327934 1.0609960631737243 -0.05375008120699165 -0.5762090202327934 1.1755253891409962 -0.05375008120699165 -0.5762090202327934 1.2900547151082682 -0.05375008120699165 -0.5762090202327934 1.4045840410755401 -0.05375008120699165 -0.5762090202327934 1.519113367042812 -0.05375008120699165 -0.5762090202327934 1.633642693010084 -0.05375008120699165 -0.5762090202327934 1.748172018977356 -0.05375008120699165 -0.44606698592584976 0.8319374112391803 -0.05375008120699165 -0.44606698592584976 0.9464667372064522 -0.05375008120699165 -0.44606698592584976 1.0609960631737243 -0.05375008120699165 -0.44606698592584976 1.1755253891409962 -0.05375008120699165 -0.44606698592584976 1.2900547151082682 -0.05375008120699165 -0.44606698592584976 1.4045840410755401 -0.05375008120699165 -0.44606698592584976 1.519113367042812 -0.05375008120699165 -0.44606698592584976 1.633642693010084 -0.05375008120699165 -0.44606698592584976 1.748172018977356 -0.05375008120699165 -0.3159249516189061 0.8319374112391803 -0.05375008120699165 -0.3159249516189061 0.9464667372064522 -0.05375008120699165 -0.3159249516189061 1.0609960631737243 -0.05375008120699165 -0.3159249516189061 1.1755253891409962 -0.05375008120699165 -0.3159249516189061 1.2900547151082682 -0.05375008120699165 -0.3159249516189061 1.4045840410755401 -0.05375008120699165 -0.3159249516189061 1.519113367042812 -0.05375008120699165 -0.3159249516189061 1.633642693010084 -0.05375008120699165 -0.3159249516189061 1.748172018977356 -0.05375008120699165 -0.18578291731196245 0.8319374112391803 -0.05375008120699165 -0.18578291731196245 0.9464667372064522 -0.05375008120699165 -0.18578291731196245 1.0609960631737243 -0.05375008120699165 -0.18578291731196245 1.1755253891409962 -0.05375008120699165 -0.18578291731196245 1.2900547151082682 -0.05375008120699165 -0.18578291731196245 1.4045840410755401 -0.05375008120699165 -0.18578291731196245 1.519113367042812 -0.05375008120699165 -0.18578291731196245 1.633642693010084 -0.05375008120699165 -0.18578291731196245 1.748172018977356 -0.05375008120699165 -0.05564088300501879 0.8319374112391803 -0.05375008120699165 -0.05564088300501879 0.9464667372064522 -0.05375008120699165 -0.05564088300501879 1.0609960631737243 -0.05375008120699165 -0.05564088300501879 1.1755253891409962 -0.05375008120699165 -0.05564088300501879 1.2900547151082682 -0.05375008120699165 -0.05564088300501879 1.4045840410755401 -0.05375008120699165 -0.05564088300501879 1.519113367042812 -0.05375008120699165 -0.05564088300501879 1.633642693010084 -0.05375008120699165 -0.05564088300501879 1.748172018977356 -0.05375008120699165 0.07450115130192492 0.8319374112391803 -0.05375008120699165 0.07450115130192492 0.9464667372064522 -0.05375008120699165 0.07450115130192492 1.0609960631737243 -0.05375008120699165 0.07450115130192492 1.1755253891409962 -0.05375008120699165 0.07450115130192492 1.2900547151082682 -0.05375008120699165 0.07450115130192492 1.4045840410755401 -0.05375008120699165 0.07450115130192492 1.519113367042812 -0.05375008120699165 0.07450115130192492 1.633642693010084 -0.05375008120699165 0.07450115130192492 1.748172018977356
NOBST 3
OBSTPOS 0.7688566888107502 -0.5596958536313393 1.673438292611066 -0.8289476746826954 -0.6857813448566737 1.5652929735705827 -0.5469789319557646 -1.1340232823171823 1.3299939420007767
OBSTBBOX 0.2399397833628001 0.242414575572035 0.29738255118396334 0.27981309566189294 0.2459996119456091 0.3867757041971329 0.3982189170398793 0.3775023773582459 0.2972238914166931
START -4.9520865537058825 -5.120100683375481 2.077032458530617
STARTVEL 0.08827511691460949 -0.2529414730934035 0.011604262751764516
GOAL 2.876876592157621 5.057551406247073 0.9026879866510916
CURTIME 1.6324718364398714
MGRRES 0.39144815729317517
MGRDRONER 0.1852367460425573
MGRWEIGHT 1.8470502152871724
DIM 29 30 6
SUCCESS 1
FINALG 13.30591196902186
NPROC 45
PROC -4.9520865537058825 -5.120100683375481 2.077032458530617 -4.660362117867472 -4.828376247537071 2.077032458530617 -4.560638396412708 -4.728652526082307 2.077032458530617 -4.268913960574298 -4.436928090243897 2.077032458530617 -4.169190239119532 -4.337204368789131 2.077032458530617 -3.8774658032811216 -4.0454799329507205 2.077032458530617 -3.777742081826357 -3.945756211495956 2.077032458530617 -3.486017645987947 -3.654031775657546 2.077032458530617 -3.386293924533182 -3.5543080542027807 2.077032458530617 -3.0945694886947717 -3.2625836183643706 2.077032458530617 -2.994845767240007 -3.162859896909606 2.077032458530617 -2.7031213314015967 -2.8711354610711957 2.077032458530617 -2.6033976099468314 -2.7714117396164304 2.077032458530617 -2.3116731741084213 -2.4796873037780203 2.077032458530617 -2.2119494526536565 -2.3799635823232554 2.077032458530617 -1.9202250168152464 -2.0882391464848453 2.077032458530617 -1.820501295360481 -1.98851542503008 2.077032458530617 -1.528776859522071 -1.69679098919167 2.077032458530617 -1.4290531380673057 -1.5970672677369047 2.077032458530617 -1.1373287022288956 -1.3053428318984945 2.077032458530617 -1.0376049807741312 -1.2056191104437302 2.077032458530617 -0.7458805449357212 -0.9138946746053201 2.077032458530617 -0.6461568234809558 -0.8141709531505548 2.077032458530617 -0.3544323876425458 -0.5224465173121448 2.077032458530617 -0.25470866618778043 -0.4227227958573794 2.077032458530617 0.03701576965062958 -0.13099836001896936 2.077032458530617 0.13673949110539496 -0.03127463856420398 2.077032458530617 0.428463926943805 0.26044979727420603 2.077032458530617 0.5281876483985695 0.3601735187289705 2.077032458530617 0.8199120842369795 0.6518979545673805 2.077032458530617 0.9196358056917449 0.7516216760221459 2.077032458530617 1.211360241530155 1.043346111860556 2.077032458530617 1.3110839629849202 1.1430698333153213 2.077032458530617 1.6028083988233304 1.4347942691537314 2.077032458530617 1.7025321202780956 1.5345179906084967 2.077032458530617 1.8269238376764663 1.9076931428036086 1.9526407411322464 1.951315555074837 2.2808682949987205 1.8282490237338758 2.0757072724732075 2.654043447193833 1.7038573063355051 2.200098989871578 3.027218599388944 1.5794655889371345 2.324490707269949 3.4003937515840565 1.4550738715387637 2.4488824246683194 3.7735689037791684 1.330682154140393 2.5732741420666905 4.14674405597428 1.2062904367420222 2.6976658594650607 4.519919208169393 1.0818987193436518 2.8220575768634317 4.893094360364504 0.9575070019452812 2.876876592157621 5.057551406247073 0.9026879866510916
PROCCELL 2 2 3 3 3 3 3 3 3 4 4 3 4 4 3 5 5 3 5 5 3 6 6 3 6 6 3 7 7 3 7 7 3 8 8 3 8 8 3 9 9 3 9 9 3 10 10 3 10 10 3 11 11 3 11 11 3 12 12 3 12 12 3 13 13 3 13 13 3 14 14 3 14 14 3 15 15 3 15 15 3 16 16 3 16 16 3 17 17 3 17 17 3 18 18 3 18 18 3 19 19 3 19 19 3 19 20 3 20 21 2 20 22 2 20 23 2 21 24 1 21 25 1 21 26 1 22 27 0 22 28 0 22 28 0
NRAW 27
RAW -4.9520865537058825 -5.120100683375481 2.077032458530617 -4.560638396412708 -4.728652526082307 2.077032458530617 -4.169190239119532 -4.337204368789131 2.077032458530617 -3.777742081826357 -3.945756211495956 2.077032458530617 -3.386293924533182 -3.5543080542027807 2.077032458530617 -2.994845767240007 -3.162859896909606 2.077032458530617 -2.6033976099468314 -2.7714117396164304 2.077032458530617 -2.2119494526536565 -2.3799635823232554 2.077032458530617 -1.820501295360481 -1.98851542503008 2.077032458530617 -1.4290531380673057 -1.5970672677369047 2.077032458530617 -1.0376049807741312 -1.2056191104437302 2.077032458530617 -0.6461568234809558 -0.8141709531505548 2.077032458530617 -0.25470866618778043 -0.4227227958573794 2.077032458530617 0.13673949110539496 -0.03127463856420398 2.077032458530617 0.5281876483985695 0.3601735187289705 2.077032458530617 0.9196358056917449 0.7516216760221459 2.077032458530617 1.3110839629849202 1.1430698333153213 2.077032458530617 1.7025321202780956 1.5345179906084967 2.077032458530617 1.7025321202780956 1.9259661479016712 2.077032458530617 2.09398027757127 2.3174143051948475 1.685584301237442 2.09398027757127 2.708862462488022 1.685584301237442 2.09398027757127 3.1003106197811965 1.685584301237442 2.4854284348644464 3.4917587770743728 1.2941361439442667 2.4854284348644464 3.8832069343675473 1.2941361439442667 2.4854284348644464 4.274655091660722 1.2941361439442667 2.876876592157621 4.666103248953898 0.9026879866510916 2.876876592157621 5.057551406247073 0.9026879866510916
RAWCELL 2 2 3 3 3 3 4 4 3 5 5 3 6 6 3 7 7 3 8 8 3 9 9 3 10 10 3 11 11 3 12 12 3 13 13 3 14 14 3 15 15 3 16 16 3 17 17 3 18 18 3 19 19 3 19 20 3 20 21 2 20 22 2 20 23 2 21 24 1 21 25 1 21 26 1 22 27 0 22 28 0
NPROBE 75
PROBE 0 0 2 0 0 3 0 0 4 0 1 2 0 1 3 0 1 4 0 2 2 0 2 3 0 2 4 0 3 2 0 3 3 0 3 4 0 4 2 0 4 3 0 4 4 1 0 2 1 0 3 1 0 4 1 1 2 1 1 3 1 1 4 1 2 2 1 2 3 1 2 4 1 3 2 1 3 3 1 3 4 1 4 2 1 4 3 1 4 4 2 0 2 2 0 3 2 0 4 2 1 2 2 1 3 2 1 4 2 2 2 2 2 3 2 2 4 2 3 2 2 3 3 2 3 4 2 4 2 2 4 3 2 4 4 3 0 2 3 0 3 3 0 4 3 1 2 3 1 3 3 1 4 3 2 2 3 2 3 3 2 4 3 3 2 3 3 3 3 3 4 3 4 2 3 4 3 3 4 4 4 0 2 4 0 3 4 0 4 4 1 2 4 1 3 4 1 4 4 2 2 4 2 3 4 2 4 4 3 2 4 3 3 4 3 4 4 4 2 4 4 3 4 4 4
CARVEBEFORE 0 0 0 1 1 1 1 1 1 1 1 1 1 1 1 0 0 0 1 1 1 1 1 1 1 1 1 1 1 1 0 0 0 1 1 1 1 1 1 1 1 1 1 1 1 0 0 0 1 1 1 1 1 1 1 1 1 1 1 1 0 0 0 1 1 1 1 1 1 1 1 1 1 1 1
CARVEAFTER 1 1 1 1 1 1 1 1 1 1 1 1 1 1 1 1 1 1 1 1 1 1 1 1 1 1 1 1 1 1 1 1 1 1 1 1 1 1 1 1 1 1 1 1 1 1 1 1 1 1 1 1 1 1 1 1 1 1 1 1 1 1 1 1 1 1 1 1 1 1 1 1 1 1 1
END
CASE
KIND 0
PARFLOAT 1.9319167783973077 1.2007710748130394 0.23356361521049648 0.23319472331007732 0.5 6.0 10.0 20.0 100.0 0.5646623685367982 0.0 1.445691380960122 1.8116198898353308 0.44754443687790546 0.0 100.0 0.0 0.5277603790434106 11.698223081544297 8.330462074503352 5.543908251669979 0.20682432756443925 1.2769952976377366 0.5 0.023492116857667368 2.0 0.1 0.5 0.5 1.0 5.0 1.0 0.5
PARINT 1000 100000 1 1 1 15 2
PARBOOL 0 1 0 1 1 1 0 1 1 0 1 0
PARGP astar_heat
PARDRONEBBOX 0.3160115076241475 0.39361456164387454 0.3606244814310076
PARSFC 3.0 3.0 3.0
WD 6.483149213047991 9.785534018626864 3.155040154403615
CENTER -0.4556146937952895 -0.1853605118582946 1.6287513056308802
TMAX 2.7546793729486727
NCLOUD 190
CLOUD -0.7004647608165904 0.08155654333017193 1.1998607152982568 -0.7004647608165904 0.08155654333017193 1.3120832920759493 -0.7004647608165904 0.08155654333017193 1.4243058688536416 -0.7004647608165904 0.08155654333017193 1.5365284456313342 -0.7004647608165904 0.08155654333017193 1.6487510224090265 -0.7004647608165904 0.08155654333017193 1.760973599186719 -0.7004647608165904 0.08155654333017193 1.8731961759644116 -0.7004647608165904 0.08155654333017193 1.9854187527421039 -0.7004647608165904 0.21054316736526577 1.1998607152982568 -0.7004647608165904 0.21054316736526577 1.3120832920759493 -0.7004647608165904 0.21054316736526577 1.4243058688536416 -0.7004647608165904 0.21054316736526577 1.5365284456313342 -0.7004647608165904 0.21054316736526577 1.6487510224090265 -0.7004647608165904 0.21054316736526577 1.760973599186719 -0.7004647608165904 0.21054316736526577 1.8731961759644116 -0.7004647608165904 0.21054316736526577 1.9854187527421039 -0.7004647608165904 0.3395297914003596 1.1998607152982568 -0.7004647608165904 0.3395297914003596 1.3120832920759493 -0.7004647608165904 0.3395297914003596 1.4243058688536416 -0.7004647608165904 0.3395297914003596 1.5365284456313342 -0.7004647608165904 0.3395297914003596 1.6487510224090265 -0.7004647608165904 0.3395297914003596 1.760973599186719 -0.7004647608165904 0.3395297914003596 1.8731961759644116 -0.7004647608165904 0.3395297914003596 1.9854187527421039 -0.7004647608165904 0.4685164154354534 1.1998607152982568 -0.7004647608165904 0.4685164154354534 1.3120832920759493 -0.7004647608165904 0.4685164154354534 1.4243058688536416 -0.7004647608165904 0.4685164154354534 1.5365284456313342 -0.7004647608165904 0.4685164154354534 1.6487510224090265 -0.7004647608165904 0.4685164154354534 1.760973599186719 -0.7004647608165904 0.4685164154354534 1.8731961759644116 -0.7004647608165904 0.4685164154354534 1.9854187527421039 -0.7004647608165904 0.5975030394705473 1.1998607152982568 -0.7004647608165904 0.5975030394705473 1.3120832920759493 -0.7004647608165904 0.5975030394705473 1.4243058688536416 -0.7004647608165904 0.5975030394705473 1.5365284456313342 -0.7004647608165904 0.5975030394705473 1.6487510224090265 -0.7004647608165904 0.5975030394705473 1.760973599186719 -0.7004647608165904 0.5975030394705473 1.8731961759644116 -0.7004647608165904 0.5975030394705473 1.9854187527421039 -0.7004647608165904 0.7264896635056411 1.1998607152982568 -0.7004647608165904 0.7264896635056411 1.3120832920759493 -0.7004647608165904 0.7264896635056411 1.4243058688536416 -0.7004647608165904 0.7264896635056411 1.5365284456313342 -0.7004647608165904 0.7264896635056411 1.6487510224090265 -0.7004647608165904 0.7264896635056411 1.760973599186719 -0.7004647608165904 0.7264896635056411 1.8731961759644116 -0.7004647608165904 0.7264896635056411 1.9854187527421039 -0.7004647608165904 0.8554762875407349 1.1998607152982568 -0.7004647608165904 0.8554762875407349 1.3120832920759493 -0.7004647608165904 0.8554762875407349 1.4243058688536416 -0.7004647608165904 0.8554762875407349 1.5365284456313342 -0.7004647608165904 0.8554762875407349 1.6487510224090265 -0.7004647608165904 0.8554762875407349 1.760973599186719 -0.7004647608165904 0.8554762875407349 1.8731961759644116 -0.7004647608165904 0.8554762875407349 1.9854187527421039 -0.5890370081738627 0.08155654333017193 1.1998607152982568 -0.5890370081738627 0.08155654333017193 1.3120832920759493 -0.5890370081738627 0.08155654333017193 1.4243058688536416 -0.5890370081738627 0.08155654333017193 1.5365284456313342 -0.5890370081738627 0.08155654333017193 1.6487510224090265 -0.5890370081738627 0.08155654333017193 1.760973599186719 -0.5890370081738627 0.08155654333017193 1.8731961759644116 -0.5890370081738627 0.08155654333017193 1.9854187527421039 -0.5890370081738627 0.21054316736526577 1.1998607152982568 -0.5890370081738627 0.21054316736526577 1.9854187527421039 -0.5890370081738627 0.3395297914003596 1.1998607152982568 -0.5890370081738627 0.3395297914003596 1.9854187527421039 -0.5890370081738627 0.4685164154354534 1.1998607152982568 -0.5890370081738627 0.4685164154354534 1.9854187527421039 -0.5890370081738627 0.5975030394705473 1.1998607152982568 -0.5890370081738627 0.5975030394705473 1.9854187527421039 -0.5890370081738627 0.7264896635056411 1.1998607152982568 -0.5890370081738627 0.7264896635056411 1.9854187527421039 -0.5890370081738627 0.8554762875407349 1.1998607152982568 -0.5890370081738627 0.8554762875407349 1.3120832920759493 -0.5890370081738627 0.8554762875407349 1.4243058688536416 -0.5890370081738627 0.8554762875407349 1.5365284456313342 -0.5890370081738627 0.8554762875407349 1.6487510224090265 -0.5890370081738627 0.8554762875407349 1.760973599186719 -0.5890370081738627 0.8554762875407349 1.8731961759644116 -0.5890370081738627 0.8554762875407349 1.9854187527421039 -0.477609255531135 0.08155654333017193 1.1998607152982568 -0.477609255531135 0.08155654333017193 1.3120832920759493 -0.477609255531135 0.08155654333017193 1.4243058688536416 -0.477609255531135 0.08155654333017193 1.5365284456313342 -0.477609255531135 0.08155654333017193 1.6487510224090265 -0.477609255531135 0.08155654333017193 1.760973599186719 -0.477609255531135 0.08155654333017193 1.8731961759644116 -0.477609255531135 0.08155654333017193 1.9854187527421039 -0.477609255531135 0.21054316736526577 1.1998607152982568 -0.477609255531135 0.21054316736526577 1.9854187527421039 -0.477609255531135 0.3395297914003596 1.1998607152982568 -0.477609255531135 0.3395297914003596 1.9854187527421039 -0.477609255531135 0.4685164154354534 1.1998607152982568 -0.477609255531135 0.4685164154354534 1.9854187527421039 -0.477609255531135 0.5975030394705473 1.1998607152982568 -0.477609255531135 0.5975030394705473 1.9854187527421039 -0.477609255531135 0.7264896635056411 1.1998607152982568 -0.477609255531135 0.7264896635056411 1.9854187527421039 -0.477609255531135 0.8554762875407349 1.1998607152982568 -0.477609255531135 0.8554762875407349 1.3120832920759493 -0.477609255531135 0.8554762875407349 1.4243058688536416 -0.477609255531135 0.8554762875407349 1.5365284456313342 -0.477609255531135 0.8554762875407349 1.6487510224090265 -0.477609255531135 0.8554762875407349 1.760973599186719 -0.477609255531135 0.8554762875407349 1.8731961759644116 -0.477609255531135 0.8554762875407349 1.9854187527421039 -0.3661815028884073 0.08155654333017193 1.1998607152982568 -0.3661815028884073 0.08155654333017193 1.3120832920759493 -0.3661815028884073 0.08155654333017193 1.4243058688536416 -0.3661815028884073 0.08155654333017193 1.5365284456313342 -0.3661815028884073 0.08155654333017193 1.6487510224090265 -0.3661815028884073 0.08155654333017193 1.760973599186719 -0.3661815028884073 0.08155654333017193 1.8731961759644116 -0.3661815028884073 0.08155654333017193 1.9854187527421039 -0.3661815028884073 0.21054316736526577 1.1998607152982568 -0.3661815028884073 0.21054316736526577 1.9854187527421039 -0.3661815028884073 0.3395297914003596 1.1998607152982568 -0.3661815028884073 0.3395297914003596 1.9854187527421039 -0.3661815028884073 0.4685164154354534 1.1998607152982568 -0.3661815028884073 0.4685164154354534 1.9854187527421039 -0.3661815028884073 0.5975030394705473 1.1998607152982568 -0.3661815028884073 0.5975030394705473 1.9854187527421039 -0.3661815028884073 0.7264896635056411 1.1998607152982568 -0.3661815028884073 0.7264896635056411 1.9854187527421039 -0.3661815028884073 0.8554762875407349 1.1998607152982568 -0.3661815028884073 0.8554762875407349 1.3120832920759493 -0.3661815028884073 0.8554762875407349 1.4243058688536416 -0.3661815028884073 0.8554762875407349 1.5365284456313342 -0.3661815028884073 0.8554762875407349 1.6487510224090265 -0.3661815028884073 0.8554762875407349 1.760973599186719 -0.3661815028884073 0.8554762875407349 1.8731961759644116 -0.3661815028884073 0.8554762875407349 1.9854187527421039 -0.2547537502456796 0.08155654333017193 1.1998607152982568 -0.2547537502456796 0.08155654333017193 1.3120832920759493 -0.2547537502456796 0.08155654333017193 1.4243058688536416 -0.2547537502456796 0.08155654333017193 1.5365284456313342 -0.2547537502456796 0.08155654333017193 1.6487510224090265 -0.2547537502456796 0.08155654333017193 1.760973599186719 -0.2547537502456796 0.08155654333017193 1.8731961759644116 -0.2547537502456796 0.08155654333017193 1.9854187527421039 -0.2547537502456796 0.21054316736526577 1.1998607152982568 -0.2547537502456796 0.21054316736526577 1.3120832920759493 -0.2547537502456796 0.21054316736526577 1.4243058688536416 -0.2547537502456796 0.21054316736526577 1.5365284456313342 -0.2547537502456796 0.21054316736526577 1.6487510224090265 -0.2547537502456796 0.21054316736526577 1.760973599186719 -0.2547537502456796 0.21054316736526577 1.8731961759644116 -0.2547537502456796 0.21054316736526577 1.9854187527421039 -0.2547537502456796 0.3395297914003596 1.1998607152982568 -0.2547537502456796 0.3395297914003596 1.3120832920759493 -0.2547537502456796 0.3395297914003596 1.4243058688536416 -0.2547537502456796 0.3395297914003596 1.5365284456313342 -0.2547537502456796 0.3395297914003596 1.6487510224090265 -0.2547537502456796 0.3395297914003596 1.760973599186719 -0.2547537502456796 0.3395297914003596 1.8731961759644116 -0.2547537502456796 0.3395297914003596 1.9854187527421039 -0.2547537502456796 0.4685164154354534 1.1998607152982568 -0.2547537502456796 0.4685164154354534 1.3120832920759493 -0.2547537502456796 0.4685164154354534 1.4243058688536416 -0.2547537502456796 0.4685164154354534 1.5365284456313342 -0.2547537502456796 0.4685164154354534 1.6487510224090265 -0.2547537502456796 0.4685164154354534 1.760973599186719 -0.2547537502456796 0.4685164154354534 1.8731961759644116 -0.2547537502456796 0.4685164154354534 1.9854187527421039 -0.2547537502456796 0.5975030394705473 1.1998607152982568 -0.2547537502456796 0.5975030394705473 1.3120832920759493 -0.2547537502456796 0.5975030394705473 1.4243058688536416 -0.2547537502456796 0.5975030394705473 1.5365284456313342 -0.2547537502456796 0.5975030394705473 1.6487510224090265 -0.2547537502456796 0.5975030394705473 1.760973599186719 -0.2547537502456796 0.5975030394705473 1.8731961759644116 -0.2547537502456796 0.5975030394705473 1.9854187527421039 -0.2547537502456796 0.7264896635056411 1.1998607152982568 -0.2547537502456796 0.7264896635056411 1.3120832920759493 -0.2547537502456796 0.7264896635056411 1.4243058688536416 -0.2547537502456796 0.7264896635056411 1.5365284456313342 -0.2547537502456796 0.7264896635056411 1.6487510224090265 -0.2547537502456796 0.7264896635056411 1.760973599186719 -0.2547537502456796 0.7264896635056411 1.8731961759644116 -0.2547537502456796 0.7264896635056411 1.9854187527421039 -0.2547537502456796 0.8554762875407349 1.1998607152982568 -0.2547537502456796 0.8554762875407349 1.3120832920759493 -0.2547537502456796 0.8554762875407349 1.4243058688536416 -0.2547537502456796 0.8554762875407349 1.5365284456313342 -0.2547537502456796 0.8554762875407349 1.6487510224090265 -0.2547537502456796 0.8554762875407349 1.760973599186719 -0.2547537502456796 0.8554762875407349 1.8731961759644116 -0.2547537502456796 0.8554762875407349 1.9854187527421039
NOBST 2
OBSTPOS -0.9264537793111955 1.0974294590622147 1.591404069609956 -0.7194028084932701 0.10572146484130318 1.1842319148573113
OBSTBBOX 0.2392534558799659 0.3473787590641281 0.4170455035450506 0.15665306907791218 0.3446960820558046 0.23120724511824753
START -3.68086367644085 -5.093348094145016 1.7689795222676437
STARTVEL -0.08303837634597974 0.17349807567346182 0.2725377251214068
GOAL -4.241776542987904 0.23532413805199592 0.9276102224470628
CURTIME 0.25908061069704247
MGRRES 0.280456433273527
MGRDRONER 0.19680728082193727
MGRWEIGHT 1.9319167783973077
DIM 28 40 9
SUCCESS 1
FINALG 5.4237692890393205
NPROC 11
PROC -3.68086367644085 -5.093348094145016 1.7689795222676437 -3.739259668395612 -4.538586170574779 1.6813855343355009 -3.7976556603503737 -3.9838242470045415 1.593791546403358 -3.8560516523051356 -3.429062323434304 1.5061975584712155 -3.9144476442598974 -2.8743003998640666 1.4186035705390727 -3.9728436362146593 -2.3195384762938294 1.33100958260693 -4.031239628169422 -1.7647765527235917 1.2434155946747874 -4.089635620124183 -1.2100146291533544 1.1558216067426446 -4.148031612078945 -0.6552527055831172 1.0682276188105018 -4.206427604033706 -0.10049078201287998 0.980633630878359 -4.241776542987904 0.23532413805199592 0.9276102224470628
PROCCELL 2 2 4 2 4 4 2 6 3 1 8 3 1 10 3 1 12 2 1 14 2 1 16 2 0 18 2 0 20 1 0 21 1
NRAW 20
RAW -3.68086367644085 -5.093348094145016 1.7689795222676437 -3.68086367644085 -4.81289166087149 1.7689795222676437 -3.68086367644085 -4.532435227597962 1.7689795222676437 -3.68086367644085 -4.251978794324435 1.7689795222676437 -3.68086367644085 -3.9715223610509085 1.7689795222676437 -3.68086367644085 -3.6910659277773816 1.7689795222676437 -3.68086367644085 -3.4106094945038543 1.7689795222676437 -3.68086367644085 -3.1301530612303274 1.7689795222676437 -3.68086367644085 -2.8496966279568006 1.7689795222676437 -3.68086367644085 -2.5692401946832737 1.7689795222676437 -3.68086367644085 -2.2887837614097464 1.7689795222676437 -3.68086367644085 -2.0083273281362195 1.7689795222676437 -3.68086367644085 -1.7278708948626926 1.4885230889941168 -3.68086367644085 -1.4474144615891653 1.4885230889941168 -3.68086367644085 -1.1669580283156389 1.4885230889941168 -3.961320109714377 -0.8865015950421116 1.2080666557205897 -3.961320109714377 -0.6060451617685843 1.2080666557205897 -4.241776542987904 -0.3255887284950578 0.9276102224470628 -4.241776542987904 -0.045132295221530505 0.9276102224470628 -4.241776542987904 0.23532413805199592 0.9276102224470628
RAWCELL 2 2 4 2 3 4 2 4 4 2 5 4 2 6 4 2 7 4 2 8 4 2 9 4 2 10 4 2 11 4 2 12 4 2 13 4 2 14 3 2 15 3 2 16 3 1 17 2 1 18 2 0 19 1 0 20 1 0 21 1
NPROBE 75
PROBE 0 0 3 0 0 4 0 0 5 0 1 3 0 1 4 0 1 5 0 2 3 0 2 4 0 2 5 0 3 3 0 3 4 0 3 5 0 4 3 0 4 4 0 4 5 1 0 3 1 0 4 1 0 5 1 1 3 1 1 4 1 1 5 1 2 3 1 2 4 1 2 5 1 3 3 1 3 4 1 3 5 1 4 3 1 4 4 1 4 5 2 0 3 2 0 4 2 0 5 2 1 3 2 1 4 2 1 5 2 2 3 2 2 4 2 2 5 2 3 3 2 3 4 2 3 5 2 4 3 2 4 4 2 4 5 3 0 3 3 0 4 3 0 5 3 1 3 3 1 4 3 1 5 3 2 3 3 2 4 3 2 5 3 3 3 3 3 4 3 3 5 3 4 3 3 4 4 3 4 5 4 0 3 4 0 4 4 0 5 4 1 3 4 1 4 4 1 5 4 2 3 4 2 4 4 2 5 4 3 3 4 3 4 4 3 5 4 4 3 4 4 4 4 4 5
CARVEBEFORE 0 0 0 1 1 1 1 1 1 1 1 1 1 1 1 0 0 0 1 1 1 1 1 1 1 1 1 1 1 1 0 0 0 1 1 1 1 1 1 1 1 1 1 1 1 0 0 0 1 1 1 1 1 1 1 1 1 1 1 1 0 0 0 1 1 1 1 1 1 1 1 1 1 1 1
CARVEAFTER 0 0 0 1 1 1 1 1 1 1 1 1 1 1 1 0 0 0 1 1 1 1 1 1 1 1 1 1 1 1 0 0 0 1 1 1 1 1 1 1 1 1 1 1 1 0 0 0 1 1 1 1 1 1 1 1 1 1 1 1 0 0 0 1 1 1 1 1 1 1 1 1 1 1 1
END
CASE
KIND 0
PARFLOAT 1.1551542770880792 1.5451324399531363 0.26122107221089785 0.36468202408081485 0.5 6.0 10.0 20.0 100.0 1.0106922064583614 0.0 1.5545457022910043 2.0722147974339435 0.36485792051893357 0.0 100.0 0.0 0.6796037226325905 14.066951028929704 9.50780256586446 3.0214808686831445 0.4905512144797858 0.9484728919235949 0.5 0.10747830364130131 2.0 0.1 0.5 0.5 1.0 5.0 1.0 0.5
PARINT 1000 100000 3 1 2 15 2
PARBOOL 1 0 0 1 1 1 0 1 1 0 1 0
PARGP astar_heat
PARDRONEBBOX 0.17648344082648537 0.25480316522720275 0.24613686311535085
PARSFC 3.0 3.0 3.0
WD 6.706197406568976 7.4518879422664455 3.4731933810354607
CENTER 0.08273637898521502 0.3188167870709606 1.281307984291627
TMAX 2.6309322058751414
NCLOUD 0
CLOUD 
NOBST 2
OBSTPOS -0.9056061278131182 1.0730968832227303 1.1466272277519847 -0.6161671195772108 -0.9597779282764421 1.3218557715391757
OBSTBBOX 0.3819028081624488 0.38993996103262113 0.47191504488177094 0.2309970429678992 0.18279161792809925 0.24862533261873082
START -3.348043418730176 -3.31377358698063 1.8867397133002257
STARTVEL -0.0425188506128073 0.13131399425913637 -0.014382430078404729
GOAL 0.2845469553214146 0.3188167870709604 1.8867397133002257
CURTIME 0.03865669584145115
MGRRES 0.403621152672399
MGRDRONER 0.12740158261360138
MGRWEIGHT 1.1551542770880792
DIM 22 23 5
SUCCESS 1
FINALG 6.693026906092407
NPROC 10
PROC -3.348043418730176 -3.31377358698063 1.8867397133002257 -2.4109572473888816 -3.0460346808831176 2.154478619397738 -1.473871076047587 -2.778295774785605 2.4222175254952507 -0.5367849047062925 -2.5105568686880924 2.6899564315927638 -0.5226953500233829 -2.5065312816358323 2.6939820186450234 0.1919719628557185 -1.7918639687567306 2.6939820186450234 0.2845469553214146 -1.6992889762910344 2.6939820186450234 0.688168107993814 -0.892046670946236 2.6939820186450234 0.688168107993814 -0.08480436560143811 2.290360865972625 0.2845469553214146 0.3188167870709604 1.8867397133002257
PROCCELL 2 2 2 4 3 3 7 3 3 9 4 4 9 4 4 11 6 4 11 6 4 12 8 4 12 10 3 11 11 2
NRAW 15
RAW -3.348043418730176 -3.31377358698063 1.8867397133002257 -2.944422266057777 -2.9101524343082312 2.290360865972625 -2.540801113385378 -2.5065312816358323 2.6939820186450234 -2.137179960712979 -2.5065312816358323 2.6939820186450234 -1.7335588080405802 -2.5065312816358323 2.6939820186450234 -1.3299376553681812 -2.5065312816358323 2.6939820186450234 -0.9263165026957818 -2.5065312816358323 2.6939820186450234 -0.5226953500233829 -2.5065312816358323 2.6939820186450234 -0.1190741973509839 -2.1029101289634333 2.6939820186450234 0.2845469553214146 -1.6992889762910344 2.6939820186450234 0.688168107993814 -1.2956678236186354 2.6939820186450234 0.688168107993814 -0.892046670946236 2.6939820186450234 0.688168107993814 -0.48842551827383707 2.6939820186450234 0.688168107993814 -0.08480436560143811 2.290360865972625 0.2845469553214146 0.3188167870709604 1.8867397133002257
RAWCELL 2 2 2 3 3 3 4 4 4 5 4 4 6 4 4 7 4 4 8 4 4 9 4 4 10 5 4 11 6 4 12 7 4 12 8 4 12 9 4 12 10 3 11 11 2
NPROBE 75
PROBE 0 0 1 0 0 2 0 0 3 0 1 1 0 1 2 0 1 3 0 2 1 0 2 2 0 2 3 0 3 1 0 3 2 0 3 3 0 4 1 0 4 2 0 4 3 1 0 1 1 0 2 1 0 3 1 1 1 1 1 2 1 1 3 1 2 1 1 2 2 1 2 3 1 3 1 1 3 2 1 3 3 1 4 1 1 4 2 1 4 3 2 0 1 2 0 2 2 0 3 2 1 1 2 1 2 2 1 3 2 2 1 2 2 2 2 2 3 2 3 1 2 3 2 2 3 3 2 4 1 2 4 2 2 4 3 3 0 1 3 0 2 3 0 3 3 1 1 3 1 2 3 1 3 3 2 1 3 2 2 3 2 3 3 3 1 3 3 2 3 3 3 3 4 1 3 4 2 3 4 3 4 0 1 4 0 2 4 0 3 4 1 1 4 1 2 4 1 3 4 2 1 4 2 2 4 2 3 4 3 1 4 3 2 4 3 3 4 4 1 4 4 2 4 4 3
CARVEBEFORE 0 0 0 1 1 1 1 1 1 1 1 1 1 1 1 0 0 0 1 1 1 1 1 1 1 1 1 1 1 1 0 0 0 1 1 1 1 1 1 1 1 1 1 1 1 0 0 0 1 1 1 1 1 1 1 1 1 1 1 1 0 0 0 1 1 1 1 1 1 1 1 1 1 1 1
CARVEAFTER 1 1 1 1 1 1 1 1 1 1 1 1 1 1 1 1 1 1 1 1 1 1 1 1 1 1 1 1 1 1 1 1 1 1 1 1 1 1 1 1 1 1 1 1 1 1 1 1 1 1 1 1 1 1 1 1 1 1 1 1 1 1 1 1 1 1 1 1 1 1 1 1 1 1 1
END
CASE
KIND 1
NIN 2
IN 0.0 0.0 0.0 4.0 0.0 0.0
D 1.0
NOUT 5
OUT 0.0 0.0 0.0 1.0 0.0 0.0 2.0 0.0 0.0 3.0 0.0 0.0 4.0 0.0 0.0
END
CASE
KIND 1
NIN 2
IN 0.0 0.0 0.0 3.5 0.0 0.0
D 1.0
NOUT 5
OUT 0.0 0.0 0.0 1.0 0.0 0.0 2.0 0.0 0.0 3.0 0.0 0.0 3.5 0.0 0.0
END
CASE
KIND 1
NIN 4
IN 0.0 0.0 0.0 2.0 2.0 0.0 2.0 2.0 3.0 5.0 2.0 3.0
D 0.7
NOUT 16
OUT 0.0 0.0 0.0 0.4949747468305832 0.4949747468305832 0.0 0.9899494936611664 0.9899494936611664 0.0 1.4849242404917493 1.4849242404917493 0.0 1.9798989873223327 1.9798989873223327 0.0 2.0 2.0 0.0 2.0 2.0 0.7 2.0 2.0 1.4 2.0 2.0 2.0999999999999996 2.0 2.0 2.8 2.0 2.0 3.0 2.7 2.0 3.0 3.4 2.0 3.0 4.1 2.0 3.0 4.8 2.0 3.0 5.0 2.0 3.0
END
CASE
KIND 1
NIN 2
IN 0.0 0.0 0.0 0.4 0.3 0.0
D 1.0
NOUT 2
OUT 0.0 0.0 0.0 0.4 0.3 0.0
END
CASE
KIND 1
NIN 3
IN 0.0 0.0 0.0 0.0 0.0 0.0 2.0 0.0 0.0
D 0.5
NOUT 5
OUT 0.0 0.0 0.0 0.5 0.0 0.0 1.0 0.0 0.0 1.5 0.0 0.0 2.0 0.0 0.0
END
CASE
KIND 1
NIN 1
IN 1.0 2.0 3.0
D 0.5
NOUT 1
OUT 1.0 2.0 3.0
END
CASE
KIND 1
NIN 0
IN 
D 0.5
NOUT 0
OUT 
END
CASE
KIND 1
NIN 2
IN 0.0 0.0 0.0 2.0 2.0 2.0
D 0.0
NOUT 2
OUT 0.0 0.0 0.0 2.0 2.0 2.0
END
CASE
KIND 1
NIN 2
IN 0.0 0.0 0.0 2.0 2.0 2.0
D -1.0
NOUT 2
OUT 0.0 0.0 0.0 2.0 2.0 2.0
END
CASE
KIND 1
NIN 2
IN 0.0 0.0 0.0 2.0 0.0 0.0
D 1.0
NOUT 3
OUT 0.0 0.0 0.0 1.0 0.0 0.0 2.0 0.0 0.0
END
CASE
KIND 1
NIN 3
IN 0.0 0.0 0.0 0.5 0.0 0.0 1.0 0.5 0.0
D 5.0
NOUT 3
OUT 0.0 0.0 0.0 0.5 0.0 0.0 1.0 0.5 0.0
END
CASE
KIND 1
NIN 6
IN 2.9336376859020508 -0.7574937803566062 2.2373227820513852 1.7081644922091668 -2.7239123094499442 2.6410386676185063 -0.9379815775565659 -0.6996178230947869 -2.8946227112357956 0.06701075840911397 -3.151714469348823 -1.3021589358828018 -2.90484747564298 -0.6844336455883973 1.9201923973030421 -1.6022527623702896 -4.453714034203159 0.16834937902881464
D 0.38020660539163265
NOUT 60
OUT 2.9336376859020508 -0.7574937803566062 2.2373227820513852 2.7355309905556187 -1.075379702685725 2.3025864045934252 2.537424295209186 -1.3932656250148439 2.367850027135465 2.339317599862754 -1.711151547343963 2.4331136496775057 2.1412109045163215 -2.0290374696730815 2.4983772722195456 1.9431042091698894 -2.346923392002201 2.5636408947615856 1.744997513823457 -2.6648093143313196 2.6289045173036256 1.7081644922091668 -2.7239123094499442 2.6410386676185063 1.5524462327910589 -2.6047882680500662 2.3152805530184497 1.396727973372951 -2.485664226650188 1.989522438418393 1.241009713954843 -2.36654018525031 1.6637643238183362 1.0852914545367351 -2.247416143850432 1.3380062092182796 0.9295731951186272 -2.128292102450554 1.012248094618223 0.7738549357005193 -2.0091680610506755 0.6864899800181663 0.6181366762824114 -1.8900440196507975 0.36073186541810953 0.4624184168643035 -1.7709199782509195 0.034973750818052984 0.3067001574461956 -1.6517959368510413 -0.29078436378200356 0.1509818980280877 -1.5326718954511631 -0.6165424783820601 -0.004736361390019983 -1.4135478540512851 -0.9423005929821167 -0.1604546208081281 -1.294423812651407 -1.2680587075821736 -0.31617288022623624 -1.1752997712515287 -1.5938168221822302 -0.4718911396443439 -1.0561757298516508 -1.9195749367822872 -0.6276093990624516 -0.9370516884517728 -2.2453330513823433 -0.7833276584805597 -0.8179276470518946 -2.5710911659824003 -0.9379815775565659 -0.6996178230947869 -2.8946227112357956 -0.8143918582602695 -1.001166327847041 -2.6987882317655782 -0.6908021389639732 -1.3027148325992954 -2.502953752295361 -0.5672124196676769 -1.6042633373515498 -2.307119272825143 -0.4436227003713806 -1.905811842103804 -2.111284793354926 -0.32003298107508427 -2.207360346856058 -1.9154503138847083 -0.19644326177878801 -2.5089088516083127 -1.719615834414491 -0.07285354248249165 -2.810457356360567 -1.5237813549442736 0.05073617681380471 -3.112005861112821 -1.3279468754740562 0.06701075840911397 -3.151714469348823 -1.3021589358828018 -0.15761628774607364 -2.9652257609958097 -1.058598441188263 -0.38224333390126125 -2.7787370526427964 -0.8150379464937239 -0.6068703800564489 -2.5922483442897826 -0.571477451799185 -0.8314974262116365 -2.4057596359367692 -0.32791695710464597 -1.0561244723668242 -2.219270927583756 -0.08435646241010697 -1.2807515185220117 -2.032782219230742 0.15920403228443192 -1.5053785646771993 -1.846293510877729 0.4027645269789708 -1.730005610832387 -1.6598048025247156 0.6463250216735099 -1.9546326569875747 -1.473316094171702 0.8898855163680488 -2.1792597031427623 -1.2868273858186887 1.133446011062588 -2.4038867492979494 -1.1003386774656754 1.3770065057571266 -2.6285137954531375 -0.9138499691126616 1.6205670004516657 -2.8531408416083255 -0.7273612607596482 1.8641274951462048 -2.90484747564298 -0.6844336455883973 1.9201923973030421 -2.7911478886478225 -1.0134428294025248 1.767279272730555 -2.6774483016526647 -1.3424520132166524 1.6143661481580682 -2.5637487146575073 -1.67146119703078 1.4614530235855812 -2.45004912766235 -2.0004703808449076 1.3085398990130943 -2.336349540667192 -2.329479564659035 1.155626774440607 -2.2226499536720348 -2.6584887484731627 1.0027136498681202 -2.108950366676877 -2.9874979322872903 0.8498005252956331 -1.9952507796817196 -3.316507116101418 0.6968874007231463 -1.881551192686562 -3.645516299915545 0.5439742761506592 -1.7678516056914044 -3.9745254837296726 0.3910611515781721 -1.654152018696247 -4.303534667543801 0.23814802700568527 -1.6022527623702896 -4.453714034203159 0.16834937902881464
END
CASE
KIND 1
NIN 5
IN -1.4760372781653865 0.7021463043016105 -1.280851635368593 0.611779318902971 3.5371823387985266 2.161750440228152 1.0906067646742645 -1.236243433206119 -0.5370332163355469 -3.0788740978820304 0.48660869645772653 -1.599585305157307 -3.0788740978820304 0.48660869645772653 -1.599585305157307
D 1.6671400186418122
NOUT 11
OUT -1.4760372781653865 0.7021463043016105 -1.280851635368593 -0.7691873661680523 1.6619743726804563 -0.11532637917784183 -0.06233745417071801 2.621802441059302 1.0501988770129094 0.611779318902971 3.5371823387985266 2.161750440228152 0.756804014726079 2.091432671078329 1.3443572804541217 0.9018287105491872 0.6456830033581311 0.526964120680091 1.0468534063722954 -0.8000666643620669 -0.29042903909393925 1.0906067646742645 -1.236243433206119 -0.5370332163355469 -0.40914249263343416 -0.6165388975363734 -0.9192298874779997 -1.9088917499411329 0.0031656381333722283 -1.3014265586204525 -3.0788740978820304 0.48660869645772653 -1.599585305157307
END
CASE
KIND 1
NIN 4
IN 1.9055397986328524 1.9272039908063077 -2.4301889355569424 1.7248668804865916 3.9519727094547683 1.731513778351938 1.7558379556137558 -2.9770035992813257 -2.6864775054426175 4.835145320138212 -2.951120637039666 -2.6898262034714824
D 0.31264072001128673
NOUT 53
OUT 1.9055397986328524 1.9272039908063077 -2.4301889355569424 1.8933441840919156 2.063878037368133 -2.1492695667132105 1.881148569550979 2.200552083929958 -1.8683501978694785 1.8689529550100423 2.337226130491784 -1.5874308290257466 1.8567573404691056 2.473900177053609 -1.306511460182015 1.844561725928169 2.6105742236154343 -1.0255920913382832 1.8323661113872323 2.7472482701772596 -0.7446727224945511 1.8201704968462957 2.8839223167390853 -0.46375335365081916 1.807974882305359 3.0205963633009105 -0.18283398480708746 1.7957792677644222 3.1572704098627358 0.09808538403664446 1.7835836532234857 3.293944456424561 0.37900475288037594 1.771388038682549 3.4306185029863867 0.6599241217241083 1.7591924241416121 3.5672925495482115 0.9408434905678402 1.7469968096006756 3.703966596110037 1.2217628594115717 1.7348011950597388 3.840640642671863 1.502682228255304 1.7248668804865916 3.9519727094547683 1.731513778351938 1.7260451711154168 3.6883606837690897 1.5634318597697694 1.727223461744242 3.4247486580834106 1.3953499411876007 1.728401752373067 3.1611366323977315 1.2272680226054322 1.7295800430018922 2.897524606712053 1.0591861040232633 1.7307583336307173 2.633912581026374 0.8911041854410948 1.7319366242595424 2.370300555340695 0.7230222668589261 1.7331149148883676 2.106688529655016 0.5549403482767574 1.7342932055171927 1.8430765039693373 0.3868584296945887 1.7354714961460178 1.5794644782836587 0.21877651111242025 1.736649786774843 1.31585245259798 0.05069459253025155 1.737828077403668 1.0522404269123005 -0.11738732605191737 1.7390063680324932 0.7886284012266218 -0.28546924463408585 1.7401846586613183 0.5250163755409432 -0.4535511632162543 1.7413629492901435 0.26140434985526406 -0.6216330817984232 1.7425412399189686 -0.0022076758304145905 -0.7897150003805917 1.7437195305477937 -0.2658197015160937 -0.9577969189627606 1.7448978211766188 -0.5294317272017723 -1.1258788375449296 1.746076111805444 -0.793043752887451 -1.2939607561270976 1.747254402434269 -1.0566557785731305 -1.4620426747092665 1.7484326930630942 -1.3202678042588083 -1.630124593291435 1.7496109836919194 -1.5838798299444878 -1.798206511873604 1.7507892743207445 -1.8474918556301674 -1.9662884304557728 1.7519675649495696 -2.111103881315845 -2.134370349037941 1.7531458555783948 -2.3747159070015247 -2.30245226762011 1.7543241462072199 -2.6383279326872033 -2.4705341862022783 1.755502436836045 -2.901939958372882 -2.6386161047844467 1.7558379556137558 -2.9770035992813257 -2.6864775054426175 2.0684674470817512 -2.9743758079096305 -2.6868174850672255 2.3810969385497467 -2.971748016537935 -2.6871574646918335 2.693726430017742 -2.9691202251662396 -2.687497444316442 3.0063559214857376 -2.966492433794544 -2.68783742394105 3.318985412953733 -2.9638646424228487 -2.688177403565658 3.6316149044217285 -2.9612368510511535 -2.688517383190266 3.9442443958897244 -2.958609059679458 -2.688857362814874 4.25687388735772 -2.9559812683077626 -2.689197342439482 4.569503378825715 -2.953353476936067 -2.68953732206409 4.835145320138212 -2.951120637039666 -2.6898262034714824
END
CASE
KIND 1
NIN 1
IN -1.5873164484877478 -2.2047618199876684 -0.7847212928484302
D 2.6616744722474803
NOUT 1
OUT -1.5873164484877478 -2.2047618199876684 -0.7847212928484302
END
CASE
KIND 1
NIN 1
IN 1.4667795683541467 -0.8235117758191439 -1.4948726434270863
D 1.1676024242007954
NOUT 1
OUT 1.4667795683541467 -0.8235117758191439 -1.4948726434270863
END
CASE
KIND 1
NIN 1
IN -0.9713851358308148 -2.0790120283814906 -1.0250445851162413
D 0.7411196376922066
NOUT 1
OUT -0.9713851358308148 -2.0790120283814906 -1.0250445851162413
END
CASE
KIND 1
NIN 2
IN 3.207356860197038 -4.01865219158715 -1.0591467185484038 -0.8640524456063803 0.27877571899264275 1.7341496070495674
D 2.2151621460964392
NOUT 4
OUT 3.207356860197038 -4.01865219158715 -1.0591467185484038 1.8295407171946723 -2.5643485085489863 -0.11386009160274568 0.4517245741923066 -1.1100448255108226 0.8314265353429124 -0.8640524456063803 0.27877571899264275 1.7341496070495674
END
CASE
KIND 1
NIN 3
IN 0.9019773709299468 -1.1792370403889905 1.021812178731114 1.7207412282062595 1.7643932296803202 1.589184783246047 -0.05030391860324812 -0.5629030726361854 -1.1801648173436183
D 1.991850901795768
NOUT 6
OUT 0.9019773709299468 -1.1792370403889905 1.021812178731114 1.4267713733939609 0.7075090555400685 1.3854747138634376 1.7207412282062595 1.7643932296803202 1.589184783246047 0.8448876671586272 0.6134509413547113 0.2196292336137562 -0.03096589388900517 -0.5374913469708975 -1.1499263160185347 -0.05030391860324812 -0.5629030726361854 -1.1801648173436183
END
CASE
KIND 1
NIN 3
IN 0.40366574047734893 2.965561563365892 0.6692212106200914 -4.575517034267814 1.151109806829897 1.4841721549094578 2.1275174717607728 -3.613876364599312 -1.090786986654458
D 0.3522382063147409
NOUT 42
OUT 0.40366574047734893 2.965561563365892 0.6692212106200914 0.07656173122539067 2.8463623953482933 0.7227588559085524 -0.2505422780265676 2.7271632273306943 0.7762965011970132 -0.577646287278526 2.6079640593130957 0.8298341464854742 -0.9047502965304841 2.488764891295497 0.883371791773935 -1.2318543057824425 2.369565723277898 0.9369094370623958 -1.5589583150344009 2.2503665552602996 0.9904470823508569 -1.886062324286359 2.131167387242701 1.0439847276393177 -2.213166333538317 2.011968219225102 1.0975223729277785 -2.5402703427902757 1.8927690512075035 1.1510600182162394 -2.867374352042234 1.7735698831899047 1.2045976635047002 -3.194478361294192 1.6543707151723062 1.2581353087931613 -3.5215823705461506 1.5351715471547074 1.3116729540816223 -3.8486863797981092 1.4159723791371086 1.3652105993700832 -4.175790389050067 1.29677321111951 1.418748244658544 -4.5028943983020255 1.1775740431019113 1.4722858899470048 -4.575517034267814 1.151109806829897 1.4841721549094578 -4.301541126307575 0.9563485518249938 1.3789247825237125 -4.027565218347337 0.7615872968200905 1.273677410137967 -3.7535893103870976 0.5668260418151871 1.1684300377522219 -3.4796134024268586 0.3720647868102839 1.0631826653664764 -3.20563749446662 0.1773035318053805 0.9579352929807312 -2.9316615865063813 -0.017457723199522768 0.8526879205949859 -2.6576856785461427 -0.21221897820442592 0.7474405482092407 -2.3837097705859036 -0.4069802332093293 0.6421931758234953 -2.1097338626256645 -0.6017414882142327 0.5369458034377499 -1.835757954665426 -0.7965027432191361 0.43169843105200467 -1.5617820467051873 -0.991263998224039 0.32645105866625945 -1.2878061387449482 -1.1860252532289426 0.221203686280514 -1.0138302307847091 -1.3807865082338462 0.11595631389476879 -0.739854322824471 -1.575547763238749 0.010708941509023573 -0.46587841486423187 -1.7703090182436525 -0.09453843087672187 -0.19190250690399324 -1.9650702732485557 -0.1997858032624671 0.08207340105624628 -2.1598315282534593 -0.30503317564821253 0.3560493090164849 -2.3545927832583624 -0.41028054803395797 0.6300252169767235 -2.5493540382632656 -0.515527920419703 0.9040011249369622 -2.744115293268169 -0.6207752928054484 1.1779770328972017 -2.9388765482730728 -0.7260226651911936 1.4519529408574394 -3.133637803277975 -0.8312700375769388 1.725928848817679 -3.328399058282879 -0.9365174099626841 1.9999047567779176 -3.5231603132877822 -1.0417647823484297 2.1275174717607728 -3.613876364599312 -1.090786986654458
END
CASE
KIND 1
NIN 6
IN -0.3345276212604791 -4.92431646524527 -2.1918225997263687 -1.8359202504723768 -2.5481343672205794 0.29187920826196656 -3.45635569878643 2.7453759895987773 1.5825425540182971 2.136956237600333 1.7607184620024459 1.9843461785298695 3.5250700163718065 -1.2544952327154335 2.03368306454065 -1.8739935430571384 4.792232161831967 0.3252268653185757
D 2.070242371720688
NOUT 16
OUT -0.3345276212604791 -4.92431646524527 -2.1918225997263687 -1.1631961294577051 -3.612822565472586 -0.8209849973646153 -1.8359202504723768 -2.5481343672205794 0.29187920826196656 -2.4260739435242926 -0.6202669600148247 0.7619317122215188 -3.0162276365762084 1.30760044719093 1.231984216181071 -3.45635569878643 2.7453759895987773 1.5825425540182971 -1.422549263496815 2.387340743405187 1.72864397059372 0.6112571717927997 2.029305497211597 1.8747453871691429 2.136956237600333 1.7607184620024459 1.9843461785298695 3.0026006849576965 -0.11960506215307443 2.0151132540234458 3.5250700163718065 -1.2544952327154335 2.03368306454065 2.1758663847656114 0.25655690998594105 1.6067469332915594 0.8266627531594168 1.7676090526873156 1.1798108020424685 -0.5225408784467778 3.2786611953886893 0.7528746707933778 -1.8717445100529728 4.789713338090065 0.32593853954428686 -1.8739935430571384 4.792232161831967 0.3252268653185757
END
CASE
KIND 1
NIN 6
IN -0.35885622856738486 0.2886182746674528 0.6823143547930339 -3.904432411040194 -3.424943003768488 -1.2091225513403252 -3.160635401956138 3.2852369234997134 2.65346224502583 2.1121457684582987 -0.6522850158237343 2.3709040712437215 2.488539123574867 -2.5282095488653065 -1.5460107078947212 -0.41728217535192513 -3.379952919333401 -0.6187091591040339
D 0.5884250114636639
NOUT 51
OUT -0.35885622856738486 0.2886182746674528 0.6823143547930339 -0.7401484846184889 -0.11073914566904319 0.4789086999708251 -1.121440740669593 -0.5100965660055392 0.2755030451486163 -1.5027329967206973 -0.9094539863420354 0.0720973903264075 -1.8840252527718013 -1.3088114066785312 -0.13130826449580135 -2.2653175088229056 -1.7081688270150273 -0.3347139193180102 -2.6466097648740097 -2.1075262473515237 -0.5381195741402189 -3.0279020209251137 -2.5068836676880193 -0.7415252289624279 -3.409194276976218 -2.9062410880245153 -0.9449308837846366 -3.7904865330273223 -3.3055985083610113 -1.1483365386068454 -3.904432411040194 -3.424943003768488 -1.2091225513403252 -3.8481632627537943 -2.917309731861626 -0.9169133141142067 -3.7918941144673943 -2.409676459954764 -0.6247040768880884 -3.7356249661809944 -1.9020431880479018 -0.3324948396619699 -3.679355817894595 -1.39440991614104 -0.04028560243585155 -3.6230866696081954 -0.8867766442341778 0.2519236347902667 -3.5668175213217954 -0.37914337232731565 0.5441328720163854 -3.510548373035396 0.12848989957954648 0.8363421092425036 -3.454279224748996 0.6361231714864082 1.128551346468622 -3.3980100764625965 1.1437564433932708 1.4207605836947406 -3.3417409281761965 1.6513897153001325 1.7129698209208586 -3.285471779889797 2.159022987206994 2.005179058146977 -3.229202631603397 2.6666562591138567 2.297388295373096 -3.1729334833169975 3.1742895310207193 2.5895975325992144 -3.160635401956138 3.2852369234997134 2.65346224502583 -2.6895980265426043 2.9334832777503026 2.628220260524982 -2.218560651129071 2.581729632000892 2.6029782760241336 -1.7475232757155377 2.229975986251481 2.5777362915232853 -1.2764859003020044 1.8782223405020706 2.552494307022437 -0.8054485248884711 1.52646869475266 2.527252322521589 -0.33441114947493755 1.174715049003249 2.5020103380207406 0.13662622593859597 0.8229614032538386 2.4767683535198928 0.607663601352129 0.4712077575044278 2.4515263690190445 1.0787009767656626 0.11945411175501741 2.4262843845181963 1.5497383521791956 -0.2322995339943934 2.401042400017348 2.0207757275927287 -0.5840531797438042 2.3758004155165 2.1121457684582987 -0.6522850158237343 2.3709040712437215 2.162952603958484 -0.9055035911928113 1.8421857978026335 2.2137594394586686 -1.1587221665618883 1.3134675243615452 2.2645662749588538 -1.4119407419309655 0.7847492509204572 2.315373110459039 -1.6651593173000423 0.256030977479369 2.3661799459592237 -1.9183778926691193 -0.2726872959617186 2.416986781459409 -2.1715964680381967 -0.801405569402807 2.467793616959594 -2.424815043407273 -1.330123842843895 2.488539123574867 -2.5282095488653065 -1.5460107078947212 1.9486209912673382 -2.68646831376537 -1.3737128035143458 1.4087028589598094 -2.844727078665434 -1.2014148991339704 0.8687847266522803 -3.0029858435654977 -1.029116994753595 0.32886659434475174 -3.1612446084655614 -0.8568190903732196 -0.2110515379627773 -3.3195033733656256 -0.6845211859928442 -0.41728217535192513 -3.379952919333401 -0.6187091591040339
END
CASE
KIND 1
NIN 5
IN 3.879246221102676 -4.479393107103304 -2.368288010265073 3.879246221102676 -4.479393107103304 -2.368288010265073 -2.36597816346241 1.5783140891657705 1.5517184356662597 -1.9873754787344966 0.28308786918559825 -2.436015585593302 2.9512531856408595 3.10710651914124 -1.480235545752405
D 1.679838226622884
NOUT 14
OUT 3.879246221102676 -4.479393107103304 -2.368288010265073 2.7798872239010626 -3.4130431253331714 -1.6782416500296047 1.6805282266994497 -2.3466931435630394 -0.9881952897941366 0.5811692294978368 -1.2803431617929069 -0.29814892955866856 -0.5181897677037766 -0.2139931800227748 0.3918974306767997 -1.617548764905389 0.8523568017473577 1.0819437909122676 -2.36597816346241 1.5783140891657705 1.5517184356662597 -2.2149065546533016 1.061487567016921 -0.03948368305997807 -2.063834945844193 0.5446610448680713 -1.6306858017862158 -1.9873754787344966 0.28308786918559825 -2.436015585593302 -0.5492691972843868 1.1054292994553183 -2.157696770312688 0.8888370841657229 1.9277707297250384 -1.8793779550320742 2.3269433656158327 2.7501121599947584 -1.6010591397514602 2.9512531856408595 3.10710651914124 -1.480235545752405
END
