CASE
NAME stage3_static
M 3
T 1.2274566831363285 0.8123708936192144 1.0090459847901965
START 0.6698358312437263 -3.4230800651953075 -3.6916325567280106
GOAL 1.4224279292530255 -0.2602011865099936 -3.4985003595528106
Q 0.4422060920555948 -2.8290769055120295 -2.3869174333508605 3.0285790419446137 3.24562301942653 3.1713301660617867
V0 -0.48234755178304456 0.600433739798519 -0.6810148716606721
A0 -0.4002515585117364 0.1154516765310103 -0.12525032333587885
VF 0.2532273875189254 -0.3596788761807239 -0.6868692640524828
AF -0.20187229815124072 -0.08455612640412084 0.24655283128350738
AVOID_OVERRIDE _
TAU_TRUST 0.75
SPACETIME_HARD 1
Q_CONFORMAL 0.0
EPSILON_TRACK 0.0
SAFETY_MODE conformal
REACH_MODEL accel
A_MAX_HUMAN 0.0
V_MAX_HUMAN 0.0
EST_POS_ERR 0.0
EST_VEL_ERR 0.0
NCLASS 1
CLASS0 human 0.8
H 1
OBS0_KIND sphere
OBS0_C0 1.346131880248376 -1.6416406258526506 -3.5950664581404106
OBS0_R 0.5
OBS0_VEL 0.0 0.0 0.0
OBS0_ACC 0.0 0.0 0.0
OBS0_CLASS human
RHO 10.0
NC 18
LAM 1.3940931359117947 1.889857824031563 0.14709033757208959 0.09305690955513685 0.8362666931434404 1.8875388367561032 0.6382652533661342 1.1577938124436 2.031134068910689 0.8434117879075531 0.21873627543983948 0.010005277392869756 1.8308279175141964 0.9198829752549014 2.190513812011205 1.2778619034534564 4.010965500272221 1.5336921282571614
FREEZE 0
COST 4.0889954075692705
DCC 1.1905528097351987 2.1474756550685554 0.442245216138504 1.4613520029362035 2.6359333446864635 0.5428368461342767 1.7937462824187025 3.235494000237295 0.666308714640165 2.2017458622057804 3.971428733838761 0.8178650848170472 2.702547673132243 4.874756740950034 1.0038939642625446 3.3172602028807057 5.983552740342988 1.232236355594283 -1.0135557525588146 -3.788637701298518 -7.9764802124390135 0.0 0.0 0.0 0.0 0.0 0.0 0.0 0.0 0.0 0.0 0.0 0.0 0.0 0.0 0.0 -1.7469253312456092 -7.033495368431623 -6.786527881318941 -1.5180049541831961 -6.11181292270279 -5.897208519037804 -1.3012216435964177 -5.238996904929327 -5.055039735296608 -1.0969622653246824 -4.4166049198016095 -4.261524442531581 -0.9056210349781697 -3.6462241637605874 -3.518194105872842 -0.727599631408303 -2.9294718818542047 -2.826609183959215
DTEXP 22.781226988470934 0.0 17.148486645510875
G -0.5731908675879822 -0.5324566666375403 -0.5002971121674966 -2.805543770655354 -2.1808498013454347 0.06073857138221084 0.8250227727712082 -1.0087992223121451 -3.5651720581066737 -6.335015950923095 -7.4015086097844085 -7.047124112288674 -7.08318503816253 -6.819779340796964 -4.3055831896251435 -0.03611942797913614 0.10477941003426294 0.24195646435761553
NRM -0.4771899051854221 -0.8607377143212074 -0.17725795196332145 -0.4771899051854221 -0.8607377143212074 -0.17725795196332145 -0.4771899051854221 -0.8607377143212074 -0.17725795196332145 -0.4771899051854221 -0.8607377143212074 -0.17725795196332145 -0.4771899051854221 -0.8607377143212074 -0.17725795196332145 -0.4771899051854221 -0.8607377143212074 -0.17725795196332145 0.11403010102122685 0.42624072599975643 0.8973939934946575 0.11403010102122685 0.42624072599975643 0.8973939934946575 0.11403010102122685 0.42624072599975643 0.8973939934946575 0.11403010102122685 0.42624072599975643 0.8973939934946575 0.11403010102122685 0.42624072599975643 0.8973939934946575 0.11403010102122685 0.42624072599975643 0.8973939934946575 0.17594731909384953 0.7084015737822977 0.6835274326363578 0.17594731909384953 0.7084015737822977 0.6835274326363578 0.17594731909384953 0.7084015737822977 0.6835274326363578 0.17594731909384953 0.7084015737822977 0.6835274326363578 0.17594731909384953 0.7084015737822977 0.6835274326363578 0.17594731909384953 0.7084015737822977 0.6835274326363578
DIST 1.4079381104588296 1.3360842941491777 1.3077588624366707 3.8008054874106136 2.9984902947126386 1.4200809396770773 1.4200809396770722 2.172317824420293 4.3888535695596875 7.162467896960851 8.307467066002697 8.014698918128685 8.0146989181287 7.677360303672632 5.107330324190393 1.0709861965557625 0.9731384785367265 0.8869106038463688
RARR 1.3 1.3 1.3 1.3 1.3 1.3 1.3 1.3 1.3 1.3 1.3 1.3 1.3 1.3 1.3 1.3 1.3 1.3
DGDT 0.0 0.0 0.0 0.0 0.0 0.0 0.0 0.0 0.0 0.0 0.0 0.0 0.0 0.0 0.0 0.0 0.0 0.0
TRUST 1.0 1.0 1.0 1.0 1.0 1.0 1.0 1.0 1.0 1.0 1.0 1.0 1.0 1.0 1.0 1.0 1.0 1.0
END
CASE
NAME stage4_moving_cv
M 4
T 1.2175579509136094 1.1399085143536327 1.0178369856641614 0.4004376320720917
START -3.7702989978975285 -1.191432241348136 -3.604248585591666
GOAL 3.0095571621002515 3.154033382908671 3.863655683397008
Q -0.05388721190910584 2.8290967270484666 3.982051909031372 -1.1643577984727376 1.584783999967934 0.07348822360582563 2.6464966093379907 -2.108678314238202 -3.4233835277966422
V0 0.48292407816115496 -1.0342817291409678 -0.21686749976799874
A0 -0.08710970228964204 -0.028991432943563517 -0.03741806521049784
VF -0.2362571140650804 -0.500916283248161 0.3171720467621566
AF 0.12210994290867706 0.03941121090624207 0.06553047291267647
AVOID_OVERRIDE _
TAU_TRUST 2.0
SPACETIME_HARD 1
Q_CONFORMAL 0.0
EPSILON_TRACK 0.0
SAFETY_MODE conformal
REACH_MODEL accel
A_MAX_HUMAN 0.0
V_MAX_HUMAN 0.0
EST_POS_ERR 0.0
EST_VEL_ERR 0.0
NCLASS 1
CLASS0 human 0.8
H 1
OBS0_KIND sphere
OBS0_C0 -0.3803709178986385 0.9813005707802676 0.129703548902671
OBS0_R 0.4
OBS0_VEL 0.6 -0.3 0.1
OBS0_ACC 0.0 0.0 0.0
OBS0_CLASS human
RHO 20.0
NC 24
LAM 1.4992536304679194 1.370191701557868 2.90388774201785 4.363291301497947 0.7168431053470719 1.3054336509574176 6.542741305344267 0.8980650492663828 2.9757476152697606 2.3601269275493824 2.63859128947394 2.86856236687544 0.3937977900415175 0.17026119723354308 4.6295777791564525 1.9983541937392344 5.666668173986687 3.187984911699525 2.8981147350610104 1.4690160034158097 0.6982762381562247 7.832571254248045 5.363514937021576 0.16352597882778624
FREEZE 0
COST -5.911806118146804
DCC 4.86165392837255 2.473417740050772 -3.1450213628754007 4.735476316064306 2.4092235482636712 -3.0633966129296804 4.324287629990388 2.200026965037548 -2.7973971771557644 3.510047190621443 1.7857735490038695 -2.270662116606192 2.136842932511558 1.0871413915604375 -1.382331356956097 0.0 0.0 0.0 0.0 0.0 0.0 0.0 0.0 0.0 0.0 0.0 0.0 0.0 0.0 0.0 0.0 0.0 0.0 0.0 0.0 0.0 0.0 0.0 0.0 0.0 0.0 0.0 0.0 0.0 0.0 0.0 0.0 0.0 0.0 0.0 0.0 0.0 0.0 0.0 0.0 0.0 0.0 0.0 0.0 0.0 0.0 0.0 0.0 0.0 0.0 0.0 0.0 0.0 0.0 0.0 0.0 0.0
DTEXP 0.6599614318609293 0.0 0.0 0.0
G -4.291336704588344 -4.433829280234321 -4.586170758105693 -2.970918513132668 0.2789777678990526 -3.1564008525371614 -3.156400852537163 -7.017740447815892 -11.138095030048863 -13.31572542371439 -1000000000.0 -1000000000.0 -1000000000.0 -1000000000.0 -1000000000.0 -1000000000.0 -1000000000.0 -1000000000.0 -1000000000.0 -1000000000.0 -1000000000.0 -1000000000.0 -1000000000.0 -1000000000.0
NRM -0.6173229328965386 -0.39566555995609476 -0.6799714414478343 -0.6067697925975835 -0.41739619833419983 -0.6764693876349784 -0.5968374750063248 -0.43768047205629984 -0.6724736670001654 -0.4289157446689969 -0.598684826640214 -0.676467118436526 -0.772132506652509 -0.392830560908209 0.4994952878527034 -0.09274882597713843 0.5080027335531796 0.8563474049603699 -0.09274882597713986 0.50800273355318 0.8563474049603697 -0.014181045919773995 0.5626511555500673 0.8265727887456706 -0.040895463837491146 0.6013654529849344 0.7979267842313236 -0.11844012937173515 0.63645485666539 0.7621660915977857 -0.2593509307745836 0.6770022855194276 0.6887706440520155 -0.8533959204623377 0.5087936721391395 -0.11333314664919988 -0.8533959204623373 0.5087936721391406 -0.11333314664919948 -0.302468036458 -0.41161737219141603 -0.8597000789993422 -0.09690815603538207 -0.5357802033799859 -0.8387779103910181 -0.013699289752080257 -0.5701854160828682 -0.8214018022543503 0.04611912348325523 -0.5554866583095793 -0.8302455051905989 0.22147409887955474 -0.45931344912426825 -0.8602211221418931 0.22147409887955485 -0.4593134491242679 -0.860221122141893 0.683018431115857 -0.05719263139214718 -0.7281585168563746 0.4706124578378232 0.7092098068742166 0.5249241510554449 0.25834656737368605 0.6847243459514376 0.6814760606122635 0.24525207035565022 0.6837140634338386 0.6873037912372201 0.232181820508076 0.6825059140168566 0.6930204034208306
DIST 5.091336704588344 5.233829280234322 5.386170758105691 3.7709185131326675 0.5210222321009476 3.9564008525371617 3.9564008525371617 7.817740447815893 11.93809503004886 14.11572542371439 8.45590667514732 2.1761392889520703 2.1761392889520716 6.578175208868347 14.913708609966534 20.837292291499093 12.399717243991981 4.122810846710063 4.122810846710061 1.3035092087718056 2.2617317056984683 4.474885657298779 4.458092297369567 4.443115743240019
RARR 1.2000000000000002 1.2000000000000002 1.2000000000000002 1.2000000000000002 1.2000000000000002 1.2000000000000002 1.2000000000000002 1.2000000000000002 1.2000000000000002 1.2000000000000002 1.2000000000000002 1.2000000000000002 1.2000000000000002 1.2000000000000002 1.2000000000000002 1.2000000000000002 1.2000000000000002 1.2000000000000002 1.2000000000000002 1.2000000000000002 1.2000000000000002 1.2000000000000002 1.2000000000000002 1.2000000000000002
DGDT -0.31969123589587817 -0.306489954821788 -0.2940457100869215 -0.14539071065298656 -0.2954808069337723 -0.12241537515619993 -0.12241537515620096 -0.09464669534231751 -0.12515423577484264 -0.18578392546287953 0.0 0.0 0.0 0.0 0.0 0.0 0.0 0.0 0.0 0.0 0.0 0.0 0.0 0.0
TRUST 1.0 1.0 1.0 1.0 1.0 1.0 1.0 1.0 1.0 1.0 0.0 0.0 0.0 0.0 0.0 0.0 0.0 0.0 0.0 0.0 0.0 0.0 0.0 0.0
END
CASE
NAME stage4_moving_ca
M 4
T 0.7895103790042739 1.0225841121906858 1.0906282474878959 1.344434213720135
START -3.7708266924466987 2.145163298302969 -3.044139513336436
GOAL -0.4859684235781785 2.953855084252602 1.4446635999793465
Q 3.0204942558147865 3.514622341568362 1.5413759811280565 2.547284723377107 1.2313207085242412 2.3545174934118966 -1.1771006185775228 -3.454979457220457 2.8196036783085816
V0 -0.41902199996942946 0.46211037131480737 -0.1967589991241059
A0 -0.141649704217693 -0.2593767700945501 0.37259014141845925
VF 0.027366741393003654 -0.17284919124800213 0.5693604678127268
AF -0.00859947105768929 -0.10249864304392775 0.006762617807360321
AVOID_OVERRIDE _
TAU_TRUST 3.0
SPACETIME_HARD 1
Q_CONFORMAL 0.0
EPSILON_TRACK 0.0
SAFETY_MODE conformal
REACH_MODEL accel
A_MAX_HUMAN 0.0
V_MAX_HUMAN 0.0
EST_POS_ERR 0.0
EST_VEL_ERR 0.0
NCLASS 1
CLASS0 human 0.8
H 1
OBS0_KIND sphere
OBS0_C0 -2.1283975580124386 2.5495091912777856 -0.7997379566785447
OBS0_R 0.45
OBS0_VEL 0.3 0.4 -0.2
OBS0_ACC 0.2 -0.1 0.15
OBS0_CLASS human
RHO 15.0
NC 24
LAM 3.126040216692491 0.12630343301031985 0.8636924629632718 2.9112030528826645 0.7356424443213905 3.2334419520063706 1.3264148073681041 1.029335080745515 5.3013878815627145 4.337126348344783 1.0898086853053792 4.070335178821299 1.7656421500848485 1.0658555233224456 5.7587808634891156 0.31372742721098523 2.970390772332923 0.3837995841314628 0.7291745625105944 3.647960421893339 0.21746616831973734 3.78486910833717 2.140544961475131 0.7693893331508379
FREEZE 0
COST -2.2499014844327987
DCC -5.7389879019602095 0.3862702093087136 8.762682509958228 -2.7185943081465287 0.1829786036096296 4.150937273718746 -1.0731792112918137 0.07223175334275572 1.6386040300983271 -0.28242870861550257 0.019009239652594104 0.4312316296136203 0.0 0.0 0.0 0.0 0.0 0.0 0.0 0.0 0.0 0.0 0.0 0.0 0.0 0.0 0.0 0.0 0.0 0.0 0.0 0.0 0.0 0.0 0.0 0.0 0.0 0.0 0.0 0.0 0.0 0.0 0.0 0.0 0.0 0.0 0.0 0.0 0.0 0.0 0.0 0.0 0.0 0.0 0.0 0.0 0.0 0.0 0.0 0.0 0.0 0.0 0.0 0.0 0.0 0.0 0.0 0.0 0.0 0.0 0.0 0.0
DTEXP 4.356052285651273 0.0 0.0 0.0
G -1.5604105412434746 -1.6292860714183188 -1.7018914392023703 0.5047117432059667 -1.9029311964774056 -4.22688838465021 -4.226888384650192 -7.261127619239527 -9.098111024090148 -7.609994272154941 -5.519377912135902 -4.106638038563013 -4.106638038563007 -3.5246891540177447 -4.659637402833094 -6.507763065067253 -7.000624515749937 -6.417886918095071 -6.417886918095071 -1000000000.0 -1000000000.0 -1000000000.0 -1000000000.0 -1000000000.0
NRM -0.5844089716897953 -0.14387431552826174 -0.7986027392513441 -0.6107269176153559 -0.13659354207364388 -0.7799710484138638 -0.6381966389463908 -0.13138301229788737 -0.7585799589476796 0.5475151727972533 -0.0368512364913429 -0.8359839244422426 0.9276508077688557 0.1239614113794507 0.35227481791153376 0.8854856436115129 0.12424487826404823 0.44774812694533567 0.8854856436115125 0.12424487826404815 0.4477481269453366 0.8618637615615484 0.12446276578484648 0.4916298164678021 0.8531259480348469 0.11811843655694448 0.5081576052121889 0.8525519568486158 0.08622409602026904 0.5154809076377932 0.8285883156152002 -0.06067157306940152 0.5565611947012205 0.7100881676428406 -0.35075021747868496 0.610531800246546 0.7100881676428407 -0.35075021747868523 0.6105318002465459 0.3914379014612876 -0.7204777340357544 0.5724405681451027 0.015683798772690875 -0.9027809920203961 0.4298144935931399 -0.07006471296477335 -0.9089002928463517 0.41108538487883534 -0.08787320087924813 -0.8974969229908847 0.43217771088885343 -0.09938850430072829 -0.8795497183419001 0.46531088336460413 -0.09938850430072836 -0.8795497183419001 0.46531088336460424 -0.1179497893890041 -0.8510738671089109 0.5116259570304984 -0.14070752215274274 -0.7587485500965783 0.6360047412841949 -0.45704023637124797 -0.16319866427390697 0.8743457086970384 -0.5493913902685165 -0.16810656902136334 0.818479860320761 -0.6267724994712105 -0.17141191390463048 0.7601145898337716
DIST 2.3604105412434744 2.4292860714183186 2.50189143920237 0.2952882567940333 2.702931196477405 5.02688838465021 5.026888384650192 8.061127619239528 9.898111024090147 8.409994272154943 6.3193779121359 4.906638038563012 4.906638038563007 4.324689154017745 5.459637402833094 7.3077630650672525 7.800624515749937 7.217886918095071 7.21788691809507 6.509890476367787 4.243061781569218 1.4356820278841758 1.6269778738900122 1.840387932355483
RARR 1.25 1.25 1.25 1.25 1.25 1.25 1.25 1.25 1.25 1.25 1.25 1.25 1.25 1.25 1.25 1.25 1.25 1.25 1.25 1.25 1.25 1.25 1.25 1.25
DGDT -0.07315186986797448 -0.11746530879700179 -0.1643905094173104 0.31092715889021194 0.4001526831621159 0.40883004713582083 0.40883004713582055 0.4422935501904548 0.48325581383064664 0.5227853944226524 0.5233603698559371 0.43747982509850397 0.4374798250985039 0.19429308174613064 -0.0873855099338288 -0.1250919151508138 -0.10400188309661067 -0.07448890060121012 -0.07448890060121015 0.0 0.0 0.0 0.0 0.0
TRUST 1.0 1.0 1.0 1.0 1.0 1.0 1.0 1.0 1.0 1.0 1.0 1.0 1.0 1.0 1.0 1.0 1.0 1.0 1.0 0.0 0.0 0.0 0.0 0.0
END
CASE
NAME stage4_trust_demote
M 5
T 1.333540626213566 1.1808987685150074 0.8026140916713835 0.9529599431780398 1.0259505898435248
START -1.7353493092249037 2.4849045452853717 -0.5273924606103515
GOAL -1.3079999101977746 2.7471722361310835 0.9594410857716387
Q 3.0366469464783084 1.551170907056039 -0.01882632750483726 -2.5844729701948674 2.457724322867607 -2.0944008038332926 -1.9676371030370374 -1.2307688146859173 1.1119444423178804 2.4309598168633757 -1.0959645148199124 0.9566743291587994
V0 -0.4027870212664496 0.9191014234591167 0.25383280802915353
A0 -0.010916420724522046 -0.14469353709404512 0.18662254938687636
VF 0.45188160962914026 0.1614857041134036 0.06205977765900611
AF 0.0981068533244223 0.19586661307164577 -0.05051160515391759
AVOID_OVERRIDE _
TAU_TRUST 0.6
SPACETIME_HARD 1
Q_CONFORMAL 0.0
EPSILON_TRACK 0.0
SAFETY_MODE conformal
REACH_MODEL accel
A_MAX_HUMAN 0.0
V_MAX_HUMAN 0.0
EST_POS_ERR 0.0
EST_VEL_ERR 0.0
NCLASS 1
CLASS0 human 0.8
H 1
OBS0_KIND sphere
OBS0_C0 -1.5216746097113392 2.6160383907082276 0.21602431258064358
OBS0_R 0.4
OBS0_VEL 0.5 0.2 0.0
OBS0_ACC 0.0 0.0 0.0
OBS0_CLASS human
RHO 25.0
NC 30
LAM 0.48015085942103797 4.336932587741794 1.889744677220654 0.5808485441861406 1.3312425169348918 0.7729173191889744 4.8623142502704955 4.752593351922324 4.1976759776256936 2.603044688376782 1.820725504633671 1.6962668132536314 0.7099175675696147 1.4363555951230043 0.4109684479309074 1.2811302560258904 0.1315000585071038 1.1794978599951043 4.572472001690245 1.1947368832546332 1.4508999535662999 7.340985500870109 0.15525989410261196 4.538288121024953 7.002463432583843 0.7300683887336576 2.616678633870164 5.060793221014599 0.8092318542905437 0.7296385025071198
FREEZE 0
COST 1.807645646090438
DCC 16.811660791832637 -1.318395614736696 27.002592664641206 5.32243836525531 -1.39625239104064 5.8385540538717855 1.0854682650145242 -0.373534880257018 0.9221004224288145 0.0 0.0 0.0 0.0 0.0 0.0 0.0 0.0 0.0 0.0 0.0 0.0 0.0 0.0 0.0 0.0 0.0 0.0 0.0 0.0 0.0 0.0 0.0 0.0 0.0 0.0 0.0 0.0 0.0 0.0 0.0 0.0 0.0 0.0 0.0 0.0 0.0 0.0 0.0 0.0 0.0 0.0 0.0 0.0 0.0 0.0 0.0 0.0 0.0 0.0 0.0 0.0 0.0 0.0 0.0 0.0 0.0 0.0 0.0 0.0 0.0 0.0 0.0 0.0 0.0 0.0 0.0 0.0 0.0 0.0 0.0 0.0 0.0 0.0 0.0 0.0 0.0 0.0 0.0 0.0 0.0
DTEXP -3.084102067808397 0.0 0.0 0.0 0.0
G 0.4154482418034431 0.3834199466807495 0.25560311409903047 -1000000000.0 -1000000000.0 -1000000000.0 -1000000000.0 -1000000000.0 -1000000000.0 -1000000000.0 -1000000000.0 -1000000000.0 -1000000000.0 -1000000000.0 -1000000000.0 -1000000000.0 -1000000000.0 -1000000000.0 -1000000000.0 -1000000000.0 -1000000000.0 -1000000000.0 -1000000000.0 -1000000000.0 -1000000000.0 -1000000000.0 -1000000000.0 -1000000000.0 -1000000000.0 -1000000000.0
NRM -0.2723525851305679 -0.16714492581635687 -0.9475688065499737 -0.5565349430245279 0.07428095609332422 -0.8274969466738515 -0.7371970704584017 0.25368666069276463 -0.6262456047702887 0.9094600735829264 -0.39931382543834393 0.11589151553213134 0.9342376888568737 -0.3492586212460532 0.07223819076273386 0.9446063804252083 -0.3232168196208235 -0.05700590823929325 0.9446063804252083 -0.3232168196208235 -0.05700590823929325 0.9414219882534605 -0.2995704997923452 -0.15486173086681518 0.8804633251335233 -0.23985997203789705 -0.4089639677389668 0.38561974813190975 -0.04197322426244402 -0.9217025866816785 -0.3267423123150749 -0.021512903162430614 -0.9448685921018445 -0.694549693615545 -0.1979457047780338 -0.6916778303939487 -0.6945496936155452 -0.19794570477803367 -0.6916778303939486 -0.8249486693585201 -0.272857109322618 -0.49498352580233634 -0.8669862056413049 -0.4090450660494126 -0.28463494720136634 -0.8012009468353427 -0.594808502500112 -0.06542085404307045 -0.6318409868686851 -0.7699225537604124 0.08942163342195807 -0.41615073063477537 -0.8918698385070053 0.17716309026891322 -0.41615073063477526 -0.8918698385070053 0.17716309026891316 -0.16956826596968894 -0.9524280666006785 0.25323384672536675 0.09492284287824511 -0.9624473613718705 0.2543319297458267 0.31689649733251657 -0.9294054963520096 0.1891613949225819 0.39092244430841255 -0.9076138209892249 0.15302547005409028 0.3657210459562954 -0.9187163740502898 0.1490246308383994 0.3657210459562956 -0.9187163740502898 0.14902463083839929 0.3215276545257296 -0.9362161024725419 0.1418427891939021 -0.1562492759657427 -0.9635206570035487 0.21728807442570514 -0.9023048122635978 -0.33777308283496754 0.26787192887295125 -0.8998869870253616 -0.3415381207681916 0.2712104766496841 -0.8985306080346379 -0.3425571523961809 0.27440361471220387
DIST 0.38455175819655707 0.41658005331925074 0.5443968859009697 1.6504326005959657 3.41992272283733 3.7197596413980487 3.7197596413980487 4.037365871100005 3.4392258678737684 2.5465511930979967 2.6309014494394427 2.9403197484268393 2.9403197484268393 3.5078347607153 3.936166050140548 4.235052816652112 4.446062899031188 4.6570360247009415 4.657036024700941 5.30677062277166 5.922904322797223 6.216785936095664 5.675262865462909 4.569983904078974 4.569983904078975 3.3869556862334393 1.8447230726405661 2.270269738007831 2.2941537403654073 2.3092091114422626
RARR 1.2000000000000002 1.2000000000000002 1.2000000000000002 1.2000000000000002 1.2000000000000002 1.2000000000000002 1.2000000000000002 1.2000000000000002 1.2000000000000002 1.2000000000000002 1.2000000000000002 1.2000000000000002 1.2000000000000002 1.2000000000000002 1.2000000000000002 1.2000000000000002 1.2000000000000002 1.2000000000000002 1.2000000000000002 1.2000000000000002 1.2000000000000002 1.2000000000000002 1.2000000000000002 1.2000000000000002 1.2000000000000002 1.2000000000000002 1.2000000000000002 1.2000000000000002 1.2000000000000002 1.2000000000000002
DGDT -0.16960527772855533 -0.2634112802935991 -0.3178612030906479 0.0 0.0 0.0 0.0 0.0 0.0 0.0 0.0 0.0 0.0 0.0 0.0 0.0 0.0 0.0 0.0 0.0 0.0 0.0 0.0 0.0 0.0 0.0 0.0 0.0 0.0 0.0
TRUST 1.0 1.0 1.0 0.0 0.0 0.0 0.0 0.0 0.0 0.0 0.0 0.0 0.0 0.0 0.0 0.0 0.0 0.0 0.0 0.0 0.0 0.0 0.0 0.0 0.0 0.0 0.0 0.0 0.0 0.0
END
CASE
NAME frozen_moving
M 4
T 1.1988165778347406 0.5967524979313393 1.0136667374002681 1.0894571680349423
START -1.1109391243820967 -2.673125954348527 0.8599025257489812
GOAL -3.488140819173858 -0.26440723527056065 -3.905035691900755
Q -1.2634888540182159 -3.4886322476402754 2.6084857523055023 1.7123056271300836 3.0747449116998586 2.468910705374273 -2.4720439485954175 -2.934459928223985 0.4481086289246008
V0 -0.09357667132443424 -0.30155966517455185 0.8132288153821522
A0 0.6218519773813204 0.24647558613939127 -0.10478950325991737
VF 0.1921995106946876 -0.16493865667112217 -0.46692866710198866
AF -0.09217541267792834 -0.15293103629644078 0.4829384246021262
AVOID_OVERRIDE _
TAU_TRUST 1.5
SPACETIME_HARD 1
Q_CONFORMAL 0.0
EPSILON_TRACK 0.0
SAFETY_MODE conformal
REACH_MODEL accel
A_MAX_HUMAN 0.0
V_MAX_HUMAN 0.0
EST_POS_ERR 0.0
EST_VEL_ERR 0.0
NCLASS 1
CLASS0 human 0.8
H 1
OBS0_KIND sphere
OBS0_C0 -2.2995399717779774 -1.4687665948095439 -1.522566583075887
OBS0_R 0.5
OBS0_VEL 0.4 0.3 0.1
OBS0_ACC -0.1 0.2 0.0
OBS0_CLASS human
RHO 30.0
NC 24
LAM 0.7159388263753429 2.3171995812386372 1.0368414061386875 0.07192953738478386 0.954819995140853 4.595472421520531 2.8147185119753497 1.8881642159721277 2.7656857900045964 1.016297231787285 5.671584603675478 3.336673086074484 5.672549785675055 0.9442688620698618 0.6439988590481892 2.8631879487086773 8.649601330982685 2.4290766926164093 1.3672696888770803 6.656095974568921 2.102616910193685 1.2966012713031112 2.721167968448063 1.2281957245740835
FREEZE 1
NORMALS 0.40674482790201466 -0.41213746524000844 0.8152921897825964 0.3480784045090055 -0.4392560745039987 0.8281880977928883 0.3090433286162268 -0.4592082489707339 0.8328385228332292 -0.032709995951823306 -0.7685018939621643 0.6390108724751076 -0.03150073555252154 -0.7324150505007372 0.6801293240698071 0.12476864785930905 -0.526322471872455 0.8410811138727516 0.12476864785930979 -0.5263224718724535 0.8410811138727524 0.24218156282123035 -0.3272701177856405 0.9133686882272894 0.4186661296675114 0.04991033495755837 0.9067676826694097 0.5304389133360911 0.42474619906429906 0.7336383479612129 0.5527495437918732 0.5559719980297246 0.6207761909454259 0.5594424706858225 0.5755700769989857 0.5964421249847501 0.559442470685823 0.5755700769989843 0.596442124984751 0.5677099309038582 0.5982299513336345 0.565531926314062 0.5712527567390893 0.4654509567189393 0.6760367555151235 0.3814910301921269 -0.17898466707893831 0.9068787586185881 0.040875329576500925 -0.6723792071246655 0.7390774041048871 -0.21232580223323472 -0.8614955977984533 0.4612408141956856 -0.21232580223323466 -0.8614955977984531 0.46124081419568597 -0.41251873276107226 -0.9016513095629933 0.12981991790375713 -0.5714021313532524 -0.7800507857944273 -0.2549909329102837 -0.6007740511398805 -0.3117477902657974 -0.7361276076478648 -0.5637816954288405 -0.36286250766812583 -0.7419440682613357 -0.5298612770737908 -0.41365111755303574 -0.7403646263867932
TMASK 1.0 1.0 1.0 1.0 1.0 1.0 1.0 1.0 1.0 0.0 0.0 0.0 0.0 0.0 0.0 0.0 0.0 0.0 0.0 0.0 0.0 0.0 0.0 0.0
COST -4.600811328403597
DCC 0.0 0.0 0.0 0.0 0.0 0.0 0.0 0.0 0.0 0.0 0.0 0.0 0.0 0.0 0.0 0.0 0.0 0.0 0.0 0.0 0.0 0.0 0.0 0.0 0.0 0.0 0.0 0.0 0.0 0.0 0.0 0.0 0.0 0.0 0.0 0.0 0.0 0.0 0.0 0.0 0.0 0.0 0.0 0.0 0.0 0.0 0.0 0.0 0.0 0.0 0.0 0.0 0.0 0.0 0.0 0.0 0.0 0.0 0.0 0.0 0.0 0.0 0.0 0.0 0.0 0.0 0.0 0.0 0.0 0.0 0.0 0.0
DTEXP 0.0 0.0 0.0 0.0
G -1.622227317619921 -1.7831944559696182 -1.9622712356814496 -4.689096328265443 -4.7572614895804834 -3.480153279525264 -3.4801532795252657 -3.168115349615455 -3.131181740217883 -1000000000.0 -1000000000.0 -1000000000.0 -1000000000.0 -1000000000.0 -1000000000.0 -1000000000.0 -1000000000.0 -1000000000.0 -1000000000.0 -1000000000.0 -1000000000.0 -1000000000.0 -1000000000.0 -1000000000.0
NRM 0.40674482790201466 -0.41213746524000844 0.8152921897825964 0.3480784045090055 -0.4392560745039987 0.8281880977928883 0.3090433286162268 -0.4592082489707339 0.8328385228332292 -0.032709995951823306 -0.7685018939621643 0.6390108724751076 -0.03150073555252154 -0.7324150505007372 0.6801293240698071 0.12476864785930905 -0.526322471872455 0.8410811138727516 0.12476864785930979 -0.5263224718724535 0.8410811138727524 0.24218156282123035 -0.3272701177856405 0.9133686882272894 0.4186661296675114 0.04991033495755837 0.9067676826694097 0.5304389133360911 0.42474619906429906 0.7336383479612129 0.5527495437918732 0.5559719980297246 0.6207761909454259 0.5594424706858225 0.5755700769989857 0.5964421249847501 0.559442470685823 0.5755700769989843 0.596442124984751 0.5677099309038582 0.5982299513336345 0.565531926314062 0.5712527567390893 0.4654509567189393 0.6760367555151235 0.3814910301921269 -0.17898466707893831 0.9068787586185881 0.040875329576500925 -0.6723792071246655 0.7390774041048871 -0.21232580223323472 -0.8614955977984533 0.4612408141956856 -0.21232580223323466 -0.8614955977984531 0.46124081419568597 -0.41251873276107226 -0.9016513095629933 0.12981991790375713 -0.5714021313532524 -0.7800507857944273 -0.2549909329102837 -0.6007740511398805 -0.3117477902657974 -0.7361276076478648 -0.5637816954288405 -0.36286250766812583 -0.7419440682613357 -0.5298612770737908 -0.41365111755303574 -0.7403646263867932
DIST 2.422227317619921 2.583194456694542 2.762271237052133 5.51159053319565 5.566542557257356 4.280274891170728 4.2802748911707305 3.9682655464168315 3.9354066643985943 4.5776274532970485 5.391528557307959 5.826677453796152 5.82667745379616 6.647756711210304 5.783013881123452 3.339876484129373 2.9754876622329536 3.1419170820769673 3.1419170820769717 4.1285073841216215 3.9180593435950932 2.8813272401887566 3.0501806583056896 3.220787387296266
RARR 1.3 1.3 1.3 1.3 1.3 1.3 1.3 1.3 1.3 1.3 1.3 1.3 1.3 1.3 1.3 1.3 1.3 1.3 1.3 1.3 1.3 1.3 1.3 1.3
DGDT 0.12058591056706301 0.06086420743625795 0.010278741490452659 -0.2879358194668993 -0.3017757973480533 -0.16503146428904575 -0.16503146428904467 -0.02817445660914783 0.2272817253469097 0.0 0.0 0.0 0.0 0.0 0.0 0.0 0.0 0.0 0.0 0.0 0.0 0.0 0.0 0.0
TRUST 1.0 1.0 1.0 1.0 1.0 1.0 1.0 1.0 1.0 0.0 0.0 0.0 0.0 0.0 0.0 0.0 0.0 0.0 0.0 0.0 0.0 0.0 0.0 0.0
END
CASE
NAME conformal_q
M 3
T 1.0079033411492657 0.4976625935168171 0.6764676362372068
START -2.819950286908587 0.9856914684146165 -2.381257996637686
GOAL 1.094317606324788 1.6313705839992423 -0.2939771022671236
Q 3.8252497039802957 3.3645687457594713 1.4068956389101137 -0.21163900448232376 -1.825602949385531 3.5253134163104978
V0 -0.411813487787553 -0.5512172758664348 -0.13806604990000135
A0 -0.307473264191857 -0.4277890479014777 0.12461969666442307
VF -0.11247723394353602 -0.5749224294722253 -0.2012763405512438
AF 0.1147456661138578 0.09330023860854239 0.14887485318074548
AVOID_OVERRIDE _
TAU_TRUST 2.0
SPACETIME_HARD 1
Q_CONFORMAL 0.93
EPSILON_TRACK 0.0
SAFETY_MODE conformal
REACH_MODEL accel
A_MAX_HUMAN 0.0
V_MAX_HUMAN 0.0
EST_POS_ERR 0.0
EST_VEL_ERR 0.0
NCLASS 1
CLASS0 human 0.8
H 1
OBS0_KIND sphere
OBS0_C0 -0.8628163402918996 1.3085310262069294 -1.3376175494524047
OBS0_R 0.4
OBS0_VEL 0.3 -0.2 0.1
OBS0_ACC 0.0 0.0 0.0
OBS0_CLASS human
RHO 18.0
NC 18
LAM 0.9260152238469731 1.1795235987703359 0.3365722004409434 0.1942080124173988 3.1597526164037797 3.663818782084807 1.0628651432631582 1.964062364745338 1.9512064812237397 0.137711753878568 4.805200524375933 0.9504539628336847 1.9002229595732436 1.8402125532292395 0.14200957301152048 0.039111116476102 0.44591727777867757 2.5020930424641943
FREEZE 0
COST -1.4843152045764723
DCC 0.0 0.0 0.0 0.0 0.0 0.0 0.0 0.0 0.0 0.0 0.0 0.0 0.0 0.0 0.0 0.0 0.0 0.0 0.0 0.0 0.0 0.0 0.0 0.0 0.0 0.0 0.0 0.0 0.0 0.0 0.0 0.0 0.0 0.0 0.0 0.0 -3.234061519875641 -1.96959631348193 -2.0781045613033777 -1.3126427710775899 -0.7994208975135828 -0.8434622882631921 -0.4439801762873571 -0.27039118244981986 -0.2852874701983136 -0.10011274012976232 -0.060970294683737665 -0.0643292468710486 0.0 0.0 0.0 0.0 0.0 0.0
DTEXP 0.7841096493966442 0.7841096493966442 -25.995428358531225
G -0.11137994282005659 -0.26983725796820535 -0.4443095494447129 -3.401609589252049 -4.618407072399174 -3.4664660559777336 -3.46646605597773 -3.3523600403458897 -3.206757417555171 -3.5082189818218334 -3.711696812158577 -3.372025288774631 -3.3720252887746587 -2.98952635355973 -1.100993460505883 0.23779232047649934 -1000000000.0 -1000000000.0
NRM -0.873182591325531 -0.14403606975536823 -0.4656240681230488 -0.8753184317666644 -0.1640270271029221 -0.45487666173296315 -0.8777993517727533 -0.18885283976124714 -0.4402305111432497 0.6288747251815542 0.7570538040378739 -0.17716127629820538 0.7665068648455616 0.6297636748261951 0.12595610352037037 0.7836543629605228 0.4034007113061951 0.47239147487078237 0.7836543629605225 0.4034007113061956 0.4723914748707827 0.7290843880124416 0.23236491715621868 0.643772087334879 0.5628214396534812 -0.03947668118758916 0.8256352818943703 0.28262620265732336 -0.3349107312766414 0.8988644122709759 0.10934419464356203 -0.46933364679543066 0.8762247286418324 0.03626074853142873 -0.5149050831226071 0.856479955101368 0.03626074853141694 -0.5149050831226138 0.8564799551013645 -0.077655197778202 -0.5776209309558558 0.8126030583130479 -0.013042865928766419 -0.5178539471244159 0.8553696119783698 0.7487340421723953 0.45599126676411533 0.4811125634683044 0.7533021629205555 0.4491935492648559 0.48037590139187286 0.7577976771165987 0.44172323605803354 0.4802325096066548
DIST 1.8413799428200566 1.9998372579682058 2.1743095494447138 5.131609589252049 6.348407072399174 5.196466055977734 5.196466055977729 5.08236004034589 4.936757417555171 5.238218981821833 5.441696812158576 5.102025288774633 5.102025288774659 4.719526353559731 2.8309934605058835 1.492207679523501 1.4031667000250403 1.3188280126454885
RARR 2.1300000000000003 2.1300000000000003 2.1300000000000003 2.1300000000000003 2.1300000000000003 2.1300000000000003 2.1300000000000003 2.1300000000000003 2.1300000000000003 2.1300000000000003 2.1300000000000003 2.1300000000000003 2.1300000000000003 2.1300000000000003 2.1300000000000003 2.1300000000000003 2.1300000000000003 2.1300000000000003
DGDT -0.2797099702588905 -0.2752777902827112 -0.2695922886939015 0.019535529117070932 0.11659493484046649 0.201655314113996 0.20165531411399593 0.2366295417059766 0.2593052963229992 0.2416564482796229 0.214292460616338 0.19950723669408682 0.19950723669408432 0.17348793268901536 0.18519489084409024 0.181533215645726 0.0 0.0
TRUST 1.0 1.0 1.0 1.0 1.0 1.0 1.0 1.0 1.0 1.0 1.0 1.0 1.0 1.0 1.0 1.0 0.0 0.0
END
CASE
NAME eps_track_mixed
M 3
T 0.5613903385207617 0.588119238869419 1.2286870512101271
START 3.9195491377285547 -2.196137461879215 -2.646850119533269
GOAL -3.9142296417567204 -0.19925774579055489 2.4902256630238435
Q -0.6649822448895799 2.597653819943469 -1.4858290380418495 2.22098598270364 3.7638903468361304 -2.135822247896563
V0 0.31021068397347273 0.27742006636776734 0.20162841766642703
A0 0.010718108322841858 -0.09683031519438118 -0.10756846875301988
VF -0.09806049705615838 0.17257619729062212 0.10830341716789947
AF 0.16366183452373603 0.3814464642492005 -0.020244508624652165
AVOID_OVERRIDE hard
TAU_TRUST 2.0
SPACETIME_HARD 1
Q_CONFORMAL 0.0
EPSILON_TRACK 0.25
SAFETY_MODE conformal
REACH_MODEL accel
A_MAX_HUMAN 0.0
V_MAX_HUMAN 0.0
EST_POS_ERR 0.0
EST_VEL_ERR 0.0
NCLASS 2
CLASS0 human 0.8
CLASS1 wall 0.4
H 2
OBS0_KIND sphere
OBS0_C0 0.0026597479859171713 -1.197697603834885 -0.07831222825471285
OBS0_R 0.4
OBS0_VEL 0.2 0.2 0.0
OBS0_ACC 0.0 0.0 0.0
OBS0_CLASS human
OBS1_KIND aabb
OBS1_LO 0.5026597479859172 -1.197697603834885 -0.37831222825471283
OBS1_HI 1.2026597479859171 -0.39769760383488495 0.3216877717452872
OBS1_CLASS wall
RHO 12.0
NC 36
LAM 1.1194445126254056 0.28801564230155086 0.48615862203151133 1.8290244180887054 0.288765075453641 1.3812762520610784 1.6850701243182071 2.7682193416061462 1.3471359611004101 2.2371157041718623 0.42983434786913505 1.1758280099534604 2.032233270095709 2.327744700996306 0.5044215907707879 0.033208832454477186 0.9611983766491775 1.3564994149445533 0.6313199426937222 1.8669007565631714 2.084659597724795 2.932624415546304 0.17427886997312425 0.4446850479344422 4.651478272278791 1.3798973422911054 0.19170823696517858 0.13828431816893907 1.7479307995585414 0.5544845067238503 1.1918514744595026 2.101368550138847 2.4294866061154434 0.582702180086375 0.33036846075189 0.23226423290635284
FREEZE 0
COST -3.9426933369894757
DCC 0.0 0.0 0.0 0.0 0.0 0.0 0.0 0.0 0.0 0.0 0.0 0.0 0.0 0.0 0.0 0.0 0.0 0.0 0.0 0.0 0.0 0.0 0.0 0.0 0.0 0.0 0.0 0.0 0.0 0.0 0.0 0.0 0.0 0.0 0.0 0.0 0.0 0.0 0.0 0.0 0.0 0.0 0.0 0.0 0.0 0.0 0.0 0.0 0.0 0.0 0.0 0.0 0.0 0.0
DTEXP 0.0 0.0 0.0
G -3.339184851364972 -3.0275853858740334 -3.3354274987371717 -3.0312601491373035 -3.333169266110507 -3.0372008896348914 -1.374260951020101 -1.210972303900356 -1.385642443972435 -1.44724351922037 -2.5692546842607014 -2.750310494560511 -2.5692546842607085 -2.750310494560517 -4.06426343492768 -4.3361131124530665 -5.002030386195566 -5.262153405956398 -4.803279602920905 -4.958997293093199 -4.471986470139398 -4.511862080836154 -4.0795597916932556 -3.980836216130531 -4.079559791693244 -3.980836216130521 -4.012746819869615 -3.742617248034239 -2.2003168213173376 -2.0015915019962374 -3.506056624077215 -4.1941783435663105 -1000000000.0 -4.239663251756503 -1000000000.0 -4.274514884168039
NRM 0.8178613921378041 -0.20847803729266445 -0.5363204743593254 0.7387699005381293 -0.2714933178382304 -0.6168552605174671 0.8210893662930692 -0.2068252591544255 -0.5320108690018942 0.747493829406548 -0.26276101928761614 -0.6100898472701113 0.8240993682619393 -0.20542458363493957 -0.527883483042124 0.7557814399012027 -0.2543038353295087 -0.603426859227833 0.6734468690088704 0.21851918573666732 -0.7062001699852055 0.4134164349133635 0.0 -0.9105420645656765 0.052225687610845874 0.8272109315778565 -0.5594591604680981 -0.12496601705039262 0.7798316537277703 -0.6133890172042304 -0.19404594180951104 0.9163572964154322 -0.3501934861950745 -0.34339275626251936 0.8809052669072498 -0.3257104936619279 -0.1940459418095096 0.9163572964154331 -0.35019348619507285 -0.3433927562625175 0.8809052669072512 -0.3257104936619261 -0.31774289836954617 0.9219995640462687 -0.22126060298709027 -0.4244418771091651 0.8864522766760907 -0.1845303610028006 -0.28175892315376805 0.9386150257927416 -0.19903201395584638 -0.3651105407348535 0.915960717242618 -0.16646398262895118 -0.05700989573443566 0.9596227542566194 -0.27545243019673754 -0.12010104597872164 0.9598224942432197 -0.25360701547776937 0.1835372763005343 0.9216053999965482 -0.34199057721724385 0.018071465583627027 0.9423172838283783 -0.3342327912248696 0.3595990267121781 0.8557075451650114 -0.37209291465348304 0.2199011554696327 0.8986687838742861 -0.379523251874022 0.35959902671217614 0.8557075451650121 -0.372092914653483 0.21990115546962993 0.8986687838742868 -0.37952325187402175 0.7087753054160761 0.5885023868919924 -0.38897622942125337 0.6717884296681671 0.6132765018877769 -0.41544221980471574 0.9287260647031308 0.24635779057156657 -0.2770843477458301 0.9497470685287004 0.16121671314717326 -0.26830892125153444 -0.8542448208165423 0.11401637098705464 0.5072140112960758 -0.8992941696611989 0.029399403202410062 0.43635498336184597 -0.8570614918793417 0.10507481737496656 0.504385647982944 -0.8983833918564782 0.031910465449058616 0.4380513707674865 -0.8587250037164121 0.10220579491779305 0.5021407606214318 -0.8969186800394527 0.0402963261787059 0.44035563751675216
DIST 4.389184851364971 3.6775853858740333 4.385427498737172 3.6812601491373034 4.383169266110507 3.6872008896348913 2.4242609510201016 1.860972303900356 2.4356424439724353 2.09724351922037 3.6192546842607007 3.400310494560511 3.619254684260708 3.4003104945605167 5.11426343492768 4.986113112453067 6.052030386195565 5.912153405956398 5.853279602920906 5.608997293093199 5.521986470139398 5.161862080836154 5.129559791693256 4.630836216130531 5.129559791693245 4.630836216130521 5.0627468198696155 4.392617248034239 3.2503168213173383 2.6515915019962373 4.556056624077216 4.844178343566311 4.639643178168498 4.889663251756503 4.7151750519113795 4.9245148841680395
RARR 1.4500000000000002 0.65 1.4500000000000002 0.65 1.4500000000000002 0.65 1.4500000000000002 0.65 1.4500000000000002 0.65 1.4500000000000002 0.65 1.4500000000000002 0.65 1.4500000000000002 0.65 1.4500000000000002 0.65 1.4500000000000002 0.65 1.4500000000000002 0.65 1.4500000000000002 0.65 1.4500000000000002 0.65 1.4500000000000002 0.65 1.4500000000000002 0.65 1.4500000000000002 0.65 1.4500000000000002 0.65 1.4500000000000002 0.65
DGDT 0.12187667096902793 0.0 0.12285282142772874 0.0 0.12373495692539996 0.0 0.17839321094910757 0.0 0.17588732383774047 0.0 0.14446227092118424 0.0 0.14446227092118472 0.0 0.1208513331353445 0.0 0.13137122052779474 0.0 0.18052257170443675 0.0 0.22102853525941651 0.0 0.24306131437543793 0.0 0.24306131437543765 0.0 0.25945553846161373 0.0 0.2350167710549395 0.0 -0.14804568996589754 0.0 0.0 0.0 0.0 0.0
TRUST 1.0 1.0 1.0 1.0 1.0 1.0 1.0 1.0 1.0 1.0 1.0 1.0 1.0 1.0 1.0 1.0 1.0 1.0 1.0 1.0 1.0 1.0 1.0 1.0 1.0 1.0 1.0 1.0 1.0 1.0 1.0 1.0 0.0 1.0 0.0 1.0
END
CASE
NAME det_accel
M 4
T 0.8212722944217989 0.4381904554466405 0.970140736305494 0.939959894288363
START 2.4641365936275186 2.1517494494869185 2.19119640555122
GOAL 0.7946277252528544 0.0959020793706662 2.848615219316395
Q 0.05444980031620883 3.7794037618232545 -2.2232201630645374 -2.194342770455868 -3.436337253425952 2.75966990232964 3.568014553555945 -0.32425369880999977 -0.8277594958091106
V0 -0.04830409908966095 -0.8028417981985356 0.025576717839507407
A0 0.03336981789938885 -0.16237674594094145 0.11248497378119587
VF -0.4514706948566829 0.511431595517209 0.23828233980588395
AF -0.35877251080304023 -0.24735567450546087 -0.22498189583561445
AVOID_OVERRIDE _
TAU_TRUST 0.75
SPACETIME_HARD 1
Q_CONFORMAL 0.0
EPSILON_TRACK 0.0
SAFETY_MODE deterministic
REACH_MODEL accel
A_MAX_HUMAN 2.0
V_MAX_HUMAN 0.0
EST_POS_ERR 0.1
EST_VEL_ERR 0.3
NCLASS 1
CLASS0 human 0.8
H 1
OBS0_KIND sphere
OBS0_C0 1.6293821594401865 1.1238257644287923 2.5199058124338074
OBS0_R 0.4
OBS0_VEL 0.5 0.2 -0.1
OBS0_ACC 0.0 0.0 0.0
OBS0_CLASS human
RHO 20.0
NC 24
LAM 0.34010902617265387 2.0496148798238933 4.154443450845326 2.9361897857709853 2.9077388254300627 1.7989052978334872 3.1162525344810272 0.2020774199140759 2.527731882573225 0.03289107860781815 3.0962318438319585 2.84205712832196 0.7831316885849904 0.9657037888556821 0.6339249791008411 2.6009534399627277 2.0080145818623896 1.1342682803751 0.54585441186474 0.8327197089496269 1.845090186379415 3.171156499594944 0.1861280730683153 3.563995478551428
FREEZE 0
COST 29.633462385115145
DCC -38.91021561990381 -44.004098234832114 16.24004813110352 -7.716816929962514 -8.36906155543662 3.2986461281514945 -1.155222846724023 -1.2208414898389146 0.49971832204913796 0.0 0.0 0.0 0.0 0.0 0.0 0.0 0.0 0.0 0.0 0.0 0.0 0.0 0.0 0.0 0.0 0.0 0.0 0.0 0.0 0.0 0.0 0.0 0.0 0.0 0.0 0.0 0.0 0.0 0.0 0.0 0.0 0.0 0.0 0.0 0.0 0.0 0.0 0.0 0.0 0.0 0.0 0.0 0.0 0.0 0.0 0.0 0.0 0.0 0.0 0.0 0.0 0.0 0.0 0.0 0.0 0.0 0.0 0.0 0.0 0.0 0.0 0.0
DTEXP 16.138542396934064 0.0 0.0 0.0
G 0.7231349675134617 0.9065676364140085 1.0921417597618759 -3.3325183487144594 -4.650770970676141 -1000000000.0 -1000000000.0 -1000000000.0 -1000000000.0 -1000000000.0 -1000000000.0 -1000000000.0 -1000000000.0 -1000000000.0 -1000000000.0 -1000000000.0 -1000000000.0 -1000000000.0 -1000000000.0 -1000000000.0 -1000000000.0 -1000000000.0 -1000000000.0 -1000000000.0
NRM 0.6118263179656565 0.7534081133585987 -0.24092482514266633 0.6305975380554104 0.7309499466398114 -0.2608810466586486 0.6588150867371062 0.696236915934738 -0.28498568100391236 0.057805276660599085 0.6726151799272037 -0.737731231358472 -0.11446059865829311 0.602533471598284 -0.7898431407301737 -0.3516948553159589 0.4412769786719252 -0.8255818292806982 -0.3516948553159594 0.4412769786719235 -0.825581829280699 -0.49562145916419964 0.3113488852587328 -0.8108151705932086 -0.6984723325663315 0.05321077887224524 -0.7136560891992424 -0.8393969815935711 -0.3464361232873287 -0.41880152790223807 -0.7815640208969539 -0.6131973361055439 -0.1146590957248941 -0.6781772805341959 -0.7327851752423721 0.05569078121420707 -0.6781772805341962 -0.7327851752423717 0.05569078121420798 -0.49168817219533184 -0.8279358042536352 0.26974996822631875 -0.34692052267264756 -0.8870496038812078 0.30461311725322887 -0.131161903809666 -0.9882141422199286 -0.07892632074000713 0.14899680905937907 -0.773606384334939 -0.6159002459865927 0.21994471318858871 -0.5056564981580722 -0.8342276841551741 0.21994471318858938 -0.5056564981580705 -0.834227684155175 0.26658805814835557 -0.13288593656980127 -0.9546057485237849 -0.0022715428398832377 -0.1073925878342405 -0.9942140977532915 -0.7449293329338147 -0.6417435184523749 0.18233361033870882 -0.7768529459958502 -0.5964672330671186 0.2018076811591285 -0.8050491025453814 -0.552940647432204 0.2148315221473125
DIST 0.9643650324865384 0.780932363585992 0.5953582402381247 5.0200183487144585 6.338270970676142 5.245713823567443 5.245713823567445 4.913450816776048 4.350772283199881 4.302210266480035 5.1496841099310995 6.166802564253283 6.166802564253271 9.179908155463002 10.041104772834094 5.682606777759263 3.9102598260086263 3.345626067048987 3.3456260670489817 3.350341740007469 2.049475074630981 2.389053312936317 2.4842875311426753 2.6054516137816415
RARR 2.0875000000000004 2.0875000000000004 2.0875000000000004 2.0875000000000004 2.0875000000000004 2.0875000000000004 2.0875000000000004 2.0875000000000004 2.0875000000000004 2.0875000000000004 2.0875000000000004 2.0875000000000004 2.0875000000000004 2.0875000000000004 2.0875000000000004 2.0875000000000004 2.0875000000000004 2.0875000000000004 2.0875000000000004 2.0875000000000004 2.0875000000000004 2.0875000000000004 2.0875000000000004 2.0875000000000004
DGDT 0.48068726416881463 0.48757686302153236 0.497153494655892 0.2371987974515875 0.1422607090635276 0.0 0.0 0.0 0.0 0.0 0.0 0.0 0.0 0.0 0.0 0.0 0.0 0.0 0.0 0.0 0.0 0.0 0.0 0.0
TRUST 1.0 1.0 1.0 1.0 1.0 0.0 0.0 0.0 0.0 0.0 0.0 0.0 0.0 0.0 0.0 0.0 0.0 0.0 0.0 0.0 0.0 0.0 0.0 0.0
END
CASE
NAME det_speed
M 3
T 0.5349780702837312 0.8975978553468693 0.41862701517491085
START -0.4654232896725006 3.425224138352183 2.0758795122453098
GOAL 3.4060756016958695 1.3929429492783507 -0.7297549563052206
Q 1.085173249149343 -3.112309975015286 3.0351630892409327 -3.0954751687470514 -2.6922300902283594 2.3036087385347193
V0 -0.3154908594766113 0.7665592864618099 0.13313648915250753
A0 -0.22273186247358506 -0.12245372970157722 0.17142921032534125
VF 0.4144291922619262 0.07484014278262016 -0.40163229277938756
AF 0.24193409589545617 -0.16066010331633637 -0.2380344849479316
AVOID_OVERRIDE _
TAU_TRUST 0.75
SPACETIME_HARD 1
Q_CONFORMAL 0.0
EPSILON_TRACK 0.0
SAFETY_MODE deterministic
REACH_MODEL speed
A_MAX_HUMAN 0.0
V_MAX_HUMAN 2.5
EST_POS_ERR 0.15
EST_VEL_ERR 0.0
NCLASS 1
CLASS0 human 0.8
H 1
OBS0_KIND sphere
OBS0_C0 1.4703261560116845 2.409083543815267 0.6730622779700446
OBS0_R 0.4
OBS0_VEL 0.4 0.3 0.0
OBS0_ACC 0.0 0.0 0.0
OBS0_CLASS human
RHO 16.0
NC 18
LAM 2.001954025678233 3.15566888615113 2.8567210053815884 0.0434879828396518 1.4160721060433845 4.182478650378379 1.5540430610797349 1.1238410427449017 0.20545637396084948 0.7639538125188873 0.6196881999931646 0.37655651224077924 3.986277644576346 0.6651113847216311 0.08911850894415473 1.030306986904278 0.570418208787076 2.0630574011231255
FREEZE 0
COST 24.345419772410963
DCC 34.80957847772157 -4.5275705955949235 -35.113492713029885 5.573406814416189 1.501819822344639 -7.283878432820359 1.0175245144176004 0.6530814633383976 -1.6191908026417063 0.14239089168311553 0.13726497003913893 -0.2619743716324062 0.0 0.0 0.0 0.0 0.0 0.0 0.0 0.0 0.0 0.0 0.0 0.0 0.0 0.0 0.0 0.0 0.0 0.0 0.0 0.0 0.0 0.0 0.0 0.0 0.0 0.0 0.0 0.0 0.0 0.0 0.0 0.0 0.0 0.0 0.0 0.0 0.0 0.0 0.0 0.0 0.0 0.0
DTEXP -41.52231246279173 0.0 0.0
G 0.6273926745729694 0.5428521861748576 0.4548326383054788 1.3371915937525864 -0.577680940982304 -2.9574213003536785 -2.9574213003536802 -7.02539610950055 -1000000000.0 -1000000000.0 -1000000000.0 -1000000000.0 -1000000000.0 -1000000000.0 -1000000000.0 -1000000000.0 -1000000000.0 -1000000000.0
NRM -0.7452047993304607 0.3911832957161333 0.5400420689238127 -0.7502583635299466 0.39746519054272933 0.528331155867415 -0.75520546245341 0.4022240252944545 0.5175717756567266 -0.43378925577769034 -0.41817330093091676 0.7980964678285317 -0.06285753693700896 -0.8709768911930819 0.48728655333165827 -0.09691091982708207 -0.9190391052111947 0.38206726725915124 -0.09691091982708304 -0.9190391052111945 0.3820672672591512 -0.11739607211725006 -0.9422129168987643 0.31377218085828396 -0.30395955495457955 -0.9011563095520924 0.30907263661842865 -0.6371763742720702 -0.7013219006061236 0.31961517454544164 -0.6931081688467671 -0.6615902453710496 0.2861807357383721 -0.6653125539670237 -0.7160968572632734 0.2111030472341391 -0.6653125539670236 -0.716096857263274 0.2111030472341376 -0.6230345424397536 -0.7733934257022089 0.11700670069482587 -0.3118469034388683 -0.9327949450765709 -0.18067954852496831 0.5061386712568674 -0.6502471500085866 -0.5665706393416831 0.49964684516229074 -0.6496964106545415 -0.5729289695084157 0.49350064340019806 -0.6488392687848681 -0.5791931614291629
DIST 2.1976073254270307 2.2821478138251416 2.370167361694522 1.4878084062474133 3.4026809409823042 5.782421300353677 5.78242130035368 9.850396109500549 14.252447488197754 17.673148193371137 13.011136173044873 7.323936162589932 7.323936162589933 4.736603814050116 2.2955356926092607 1.9609577526078894 1.989808303575984 2.022019677880523
RARR 3.225 3.225 3.225 3.225 3.225 3.225 3.225 3.225 3.225 3.225 3.225 3.225 3.225 3.225 3.225 3.225 3.225 3.225
DGDT -0.1807269310173443 -0.18086378824915983 -0.18141497739302767 -0.29896769259035116 -0.28643608213272814 -0.3144760994941912 -0.31447609949419153 -0.3296223039165293 0.0 0.0 0.0 0.0 0.0 0.0 0.0 0.0 0.0 0.0
TRUST 1.0 1.0 1.0 1.0 1.0 1.0 1.0 1.0 0.0 0.0 0.0 0.0 0.0 0.0 0.0 0.0 0.0 0.0
END
CASE
NAME wall_hard
M 3
T 1.2847104477045006 0.8977839365998717 1.1016515626072954
START 0.6299010522477175 -0.19436568826754463 0.31595111724885694
GOAL -2.5974641262810927 -3.5438327858016843 -3.723291337339033
Q 1.9308758190936288 3.6321418076786225 -0.3613125584734238 -0.8211328832412512 -2.7687442292495943 0.6545355033239844
V0 -0.8703037220465968 0.3995777199791976 -0.5582538208900111
A0 -0.17959291576888087 -0.01002625966604845 0.48202501082191723
VF -0.22145825072623582 0.33936101578799116 0.4407325498501175
AF -0.18356368834313655 -0.04709182473065645 0.268916659399198
AVOID_OVERRIDE hard
TAU_TRUST 0.75
SPACETIME_HARD 1
Q_CONFORMAL 0.0
EPSILON_TRACK 0.0
SAFETY_MODE conformal
REACH_MODEL accel
A_MAX_HUMAN 0.0
V_MAX_HUMAN 0.0
EST_POS_ERR 0.0
EST_VEL_ERR 0.0
NCLASS 1
CLASS0 wall 0.4
H 1
OBS0_KIND aabb
OBS0_LO -0.6837815370166875 -2.0690992370346146 -1.903670110045088
OBS0_HI 0.01621846298331242 -1.3690992370346144 -1.403670110045088
OBS0_CLASS wall
RHO 10.0
NC 18
LAM 1.331274179023556 0.5259747413816483 0.10785944237585149 1.5593852211537955 0.5278196598286857 1.5115011563914442 1.561867937927103 1.201508098149713 0.17059824740437327 1.3782625784602 1.869554208792907 3.8548766677366304 1.7350886757795847 1.4006438318390484 0.8310686361080932 0.9364640263364239 1.4231569496731065 1.171991157597557
FREEZE 0
COST -2.058073607214288
DCC 0.0 0.0 0.0 0.0 0.0 0.0 0.0 0.0 0.0 0.0 0.0 0.0 0.0 0.0 0.0 0.0 0.0 0.0 0.0 0.0 0.0 0.0 0.0 0.0 0.0 0.0 0.0 0.0 0.0 0.0 0.0 0.0 0.0 0.0 0.0 0.0 0.0 0.0 0.0 0.0 0.0 0.0 0.0 0.0 0.0 0.0 0.0 0.0 0.0 0.0 0.0 0.0 0.0 0.0
DTEXP 0.0 0.0 0.0
G -1.7711062609474166 -1.6659760262488406 -1.623270273331194 -4.220313567831127 -5.530331416118667 -5.055715722428193 -5.055715722428192 -4.7719955456130645 -3.8170851228484186 -2.7411381256839626 -2.299941191466901 -1.7782054206031868 -1.778205420603193 -2.1693273475403436 -2.52760313715265 -2.7585471462681155 -2.6907315695511667 -2.624572945579518
NRM 0.2826589376590943 0.5410760264928007 0.7920483940493751 0.18880419106061141 0.6183043108161652 0.7629238210097358 0.07494131818936248 0.6816898503559677 0.7277930658845955 0.29206720066104525 0.951862526879647 0.09302945888434411 0.33529459646539184 0.938630680410619 0.08093194284711316 0.3509452203015729 0.9166975148931182 0.19105789315352 0.3509452203015728 0.9166975148931181 0.19105789315351987 0.36023208281232805 0.8906236999240787 0.27752886632967877 0.34704618525787095 0.7978821204320146 0.49289255136679816 0.21118479413707444 0.419057091576312 0.883058399385275 0.0 0.0 1.0 -0.06305711340417453 -0.32120248420886804 0.9449088657575315 -0.06305711340417496 -0.32120248420887265 0.9449088657575301 -0.381362050296414 -0.7809933901527161 0.49458296688369985 -0.5568687648182956 -0.8306004928783426 0.0 -0.5785044674032205 -0.5151527356814274 -0.632416192166565 -0.6033809736321604 -0.5013392566013934 -0.620153489427471 -0.632711666637532 -0.48758405741955313 -0.6016126111136988
DIST 2.1711062609474165 2.0659760262488405 2.023270273331194 4.620313567831127 5.930331416118667 5.455715722428193 5.4557157224281925 5.171995545613065 4.2170851228484185 3.1411381256839626 2.699941191466901 2.1782054206031867 2.178205420603193 2.5693273475403435 2.92760313715265 3.1585471462681154 3.0907315695511666 3.024572945579518
RARR 0.4 0.4 0.4 0.4 0.4 0.4 0.4 0.4 0.4 0.4 0.4 0.4 0.4 0.4 0.4 0.4 0.4 0.4
DGDT 0.0 0.0 0.0 0.0 0.0 0.0 0.0 0.0 0.0 0.0 0.0 0.0 0.0 0.0 0.0 0.0 0.0 0.0
TRUST 1.0 1.0 1.0 1.0 1.0 1.0 1.0 1.0 1.0 1.0 1.0 1.0 1.0 1.0 1.0 1.0 1.0 1.0
END
CASE
NAME multi_frozen
M 5
T 0.8312301182587349 0.912504269392093 0.7906596806287034 0.6717524084089797 1.128815477191872
START 0.4147790677582428 -0.454171595238682 -0.9266547716266338
GOAL -0.2679018785232268 1.6999170287647596 -1.2455815224287345
Q -3.717833537792073 2.439769099815498 -2.8941189862900734 -1.3728569759787463 -3.9055584709159596 2.8193419815609246 -1.770156276096146 1.9290858288959853 2.5632710269630383 3.018789252238487 -0.721766276667613 -2.529827322716744
V0 -0.028105426426335168 -0.010518956586860162 0.15516650531522277
A0 0.46186108198155773 0.061014596119645256 -0.19769200972246223
VF 0.21304034235376063 -1.2516627217077216 0.07457694420184266
AF -0.06561433214876991 0.028306473435997393 -0.1600566783821633
AVOID_OVERRIDE hard
TAU_TRUST 2.0
SPACETIME_HARD 1
Q_CONFORMAL 0.5
EPSILON_TRACK 0.1
SAFETY_MODE conformal
REACH_MODEL accel
A_MAX_HUMAN 0.0
V_MAX_HUMAN 0.0
EST_POS_ERR 0.0
EST_VEL_ERR 0.0
NCLASS 2
CLASS0 human 0.8
CLASS1 wall 0.4
H 3
OBS0_KIND sphere
OBS0_C0 0.07343859461750801 0.6228727167630388 -1.0861181470276842
OBS0_R 0.4
OBS0_VEL 0.5 0.1 0.0
OBS0_ACC 0.0 0.0 0.0
OBS0_CLASS human
OBS1_KIND sphere
OBS1_C0 0.673438594617508 1.2228727167630389 -0.8861181470276842
OBS1_R 0.35
OBS1_VEL -0.2 0.3 0.1
OBS1_ACC 0.1 0.0 -0.1
OBS1_CLASS human
OBS2_KIND aabb
OBS2_LO 1.073438594617508 0.12287271676303879 -1.486118147027684
OBS2_HI 1.673438594617508 1.0228727167630387 -0.5861181470276842
OBS2_CLASS wall
RHO 22.0
NC 90
LAM 2.110358887833924 6.662483402821603 3.173396324760118 0.7372910279868167 6.182058375651344 4.365089203425235 2.512087325708431 0.9753928007331554 3.713567790029397 2.9451168152421694 0.18382575029149323 1.4516627100834776 4.038096957220611 3.2243815320575253 2.4565835240333698 4.049905435048069 6.382542014359859 1.2888390225242135 1.985681743684772 0.8824175575426542 1.199658839224406 0.5375029497429936 6.729137962709549 3.4712352230506625 2.5062775478974753 2.800312132169649 3.5462841462866006 2.2893130857918425 0.7581592547617468 3.6759975036248997 2.026628433858164 4.863735832176548 5.195806546306171 2.3515562728579398 1.6885380572801865 5.282105337107367 0.07376959848033503 0.24262287917669137 2.0990398313342684 2.3308792396260323 1.0007879791334156 4.197061283054274 3.246682852484348 2.598115540825612 0.9770305441287146 5.003924802127571 2.0920721210746556 2.723347963803638 0.6766346021468974 1.1063469508851318 1.6623531655236832 3.822887453666061 1.561276979520073 0.545494224385069 1.9853093098750934 0.90848019205199 9.191425079097106 3.458767294774274 2.7176560487889767 1.0538442365006877 6.425420128125934 0.189341166330876 0.7703554437877309 0.9671798701408307 3.140444078590728 0.35584749777039926 0.39314986437615607 3.982167652165556 0.6044241478077482 1.8301606373129318 2.83482538992976 4.663577304101443 2.5950709551161655 4.0260145352070085 3.2882461023640017 3.5888450613906677 3.5283863693257747 0.7070570824909277 1.1403437864124653 1.1242378430961393 3.9745621362236103 8.276620497242412 1.9003128660159954 0.9360124619424548 0.2217524106563545 4.125566446761632 1.9049610040188458 2.259069172317527 1.2598662733042858 1.6110429844488343
FREEZE 1
NORMALS 0.29914924317668984 -0.9439167522048622 0.13975297926641267 -0.15238945669000345 -0.9880319300593686 -0.023882183168306842 -0.9487164704494138 0.12853981568810938 -0.28881581411147406 0.2215332086683328 -0.9614584662694532 0.16285163522637205 -0.13246469463440605 -0.9910402462262058 -0.01709780790964085 -0.9487164704494138 0.12853981568810938 -0.28881581411147406 0.15713553208575062 -0.9712609569124044 0.17877521677718242 -0.10622197350353244 -0.9942572047256477 -0.013019339313353947 -0.9487164704494138 0.12853981568810938 -0.28881581411147406 -0.7972038523686227 0.4065621478112863 -0.44628828993790653 -0.8512632558571963 0.11470230848095628 -0.5120490695788296 -0.9487164704494138 0.12853981568810938 -0.28881581411147406 -0.7865635330375557 0.44827138910441655 -0.42470056534678047 -0.8268289378409989 0.2888044841480012 -0.4826446700055153 -0.9487164704494138 0.12853981568810938 -0.28881581411147406 -0.8483547185657084 0.35839856526522895 -0.3896726060465673 -0.8704505208100604 0.20918709462350757 -0.44559695944257804 -0.9487164704494138 0.12853981568810938 -0.28881581411147406 -0.8483547185657103 0.3583985652652269 -0.38967260604656473 -0.8704505208100621 0.20918709462350507 -0.4455969594425754 -0.9539374292410924 -0.289881305225245 0.0772800748822382 -0.8916968197254476 0.2791971125946546 -0.35626640875941495 -0.9013622920018034 0.1396250204730326 -0.40994008368926405 -0.9539374292410924 -0.289881305225245 0.0772800748822382 -0.970631109132624 -0.00725299019407268 -0.240463394547314 -0.93985149944667 -0.17791540868432276 -0.29159092293920336 -0.9539374292410924 -0.289881305225245 0.0772800748822382 -0.687068991827313 -0.702143968135802 0.18689582253199125 -0.5720651609804783 -0.8111341996888861 0.12166660054201155 -0.9539374292410924 -0.289881305225245 0.0772800748822382 -0.4024611722480831 -0.7875232100944014 0.4667249708289754 -0.31284461829173843 -0.8653134591179639 0.39161315385875417 -0.9539374292410924 -0.289881305225245 0.0772800748822382 -0.35970843493569654 -0.6957537344884815 0.6217206629841436 -0.26989947791178626 -0.790738206264125 0.5494427731594432 -0.9539374292410924 -0.289881305225245 0.0772800748822382 -0.35970843493569 -0.6957537344884864 0.621720662984142 -0.2698994779117803 -0.7907382062641283 0.5494427731594415 -0.5429457302362762 -0.28332341221071555 0.7905300614849974 -0.32345343090085554 -0.6194322844357033 0.7153191756392607 -0.23453284650410777 -0.7224347498608334 0.6504478273498926 -0.5429457302362762 -0.28332341221071555 0.7905300614849974 -0.38659845956770167 -0.45338338453179033 0.8031096672873381 -0.29193630802845755 -0.5857394627259542 0.7560968680402161 -0.5429457302362762 -0.28332341221071555 0.7905300614849974 -0.5356191465425456 -0.15685716908222422 0.8297637967304585 -0.44846957729773806 -0.32762868917425203 0.8315855219208362 -0.5429457302362762 -0.28332341221071555 0.7905300614849974 -0.6144940336203158 0.06313219562694963 0.7863913838034816 -0.5390200220629773 -0.12534146733763404 0.8329147209533977 -0.5429457302362762 -0.28332341221071555 0.7905300614849974 -0.6482146096547455 0.1826190448773014 0.7392348099746441 -0.5662927444365342 -0.03890147841124857 0.8232856142165713 -0.5429457302362762 -0.28332341221071555 0.7905300614849974 -0.6482146096547458 0.18261904487730268 0.7392348099746436 -0.5662927444365347 -0.03890147841124704 0.8232856142165711 -0.6543695554551061 0.2840517116234083 0.7007960545103681 -0.6765153678195904 0.34787078294804225 0.6490861849362075 -0.601380792439471 0.10586527712935476 0.7919177265241629 -0.6543695554551061 0.2840517116234083 0.7007960545103681 -0.7021415997439746 0.4414590721357079 0.5586690089293053 -0.5510750445285639 -0.0007055281964853185 0.8344553897769522 -0.6543695554551061 0.2840517116234083 0.7007960545103681 -0.6243581501349051 -0.6447759035994487 0.44095457192054816 0.49892636713095223 -0.8657920575493067 0.038426465698113324 -0.6543695554551061 0.2840517116234083 0.7007960545103681 0.524143385825282 -0.7273051706137088 -0.4430585738863131 0.6028871987630116 -0.7574500584479948 -0.250592167724409 -0.6543695554551061 0.2840517116234083 0.7007960545103681 0.5285554388543752 -0.6906147260503026 -0.4936399986021434 0.6030322277367586 -0.7343737991099788 -0.311524084930232 -0.6543695554551061 0.2840517116234083 0.7007960545103681 0.5285554388543752 -0.6906147260503042 -0.49363999860214147 0.6030322277367584 -0.7343737991099796 -0.31152408493023087 0.0550537102160145 -0.10680325515667591 -0.9927548305998762 0.5304576049024113 -0.6623166659975819 -0.5291043028959836 0.6004090318330989 -0.7096273559485112 -0.3686977219657936 0.0550537102160145 -0.10680325515667591 -0.9927548305998762 0.3622276444304813 -0.6888456690811556 -0.6279194039034627 0.5356258706017514 -0.7550058312172813 -0.3782474343204698 0.0550537102160145 -0.10680325515667591 -0.9927548305998762 -0.8782886583625773 0.47204643702032956 -0.0760341626380934 -0.9934046914830655 -0.09943896689898055 -0.05708774650920368 0.0550537102160145 -0.10680325515667591 -0.9927548305998762 -0.9273809823264283 0.36790845071673434 -0.06788140769372135 -0.9102412915899215 -0.41283694724619824 0.032038197095834865 0.0550537102160145 -0.10680325515667591 -0.9927548305998762 -0.9651997493354058 0.25399882202608204 -0.06224180502068221 -0.7757972492620516 -0.6236995963402983 0.09558996580385955 0.0550537102160145 -0.10680325515667591 -0.9927548305998762
TMASK 1.0 1.0 1.0 1.0 1.0 1.0 1.0 1.0 1.0 1.0 1.0 1.0 1.0 1.0 0.0 0.0 0.0 0.0 0.0 0.0 0.0 0.0 0.0 0.0 0.0 0.0 0.0 0.0 0.0 0.0
COST 4.358531855849428
DCC -8.969537364815185 60.89815903411239 -7.537085672800162 -1.3032815856626343 8.987458831635436 -1.4010055211188237 -0.18284389997813028 1.14462870524326 -0.20896871122026975 0.0 0.0 0.0 0.0 0.0 0.0 0.0 0.0 0.0 0.0 0.0 0.0 0.0 0.0 0.0 0.0 0.0 0.0 0.0 0.0 0.0 0.0 0.0 0.0 0.0 0.0 0.0 0.0 0.0 0.0 0.0 0.0 0.0 0.0 0.0 0.0 0.0 0.0 0.0 0.0 0.0 0.0 0.0 0.0 0.0 -15.322234632641239 0.0 0.0 -6.175648810010538 0.0 0.0 -2.074253480806314 0.0 0.0 -0.46446159046078367 0.0 0.0 0.0 0.0 0.0 0.0 0.0 0.0 0.0 0.0 0.0 0.0 0.0 0.0 0.0 0.0 0.0 0.0 0.0 0.0 0.0 0.0 0.0 0.0 0.0 0.0
DTEXP -0.7405017688976849 0.0 0.0 -105.56681961996176 0.0
G 0.6589626050328166 0.05264158375838002 -0.37567831441460875 0.6604630176136967 0.0056480321983098936 -0.38034689555884116 0.6552027730476546 -0.03857231742602818 -0.37163802243122834 -0.4142438680247835 -0.6429354142624297 -2.1811492076971555 -2.458737000943659 -2.4819910023052394 -4.065515057890188 -3.0948428869280433 -3.0765463320107864 -4.690987417676376 -3.094842886928046 -3.0765463320107873 -4.6909874176763795 -3.840515076637812 -3.7605014764398756 -5.400766422801709 -3.2813481979399337 -3.307090374440464 -4.895166170822237 -2.8896507778410183 -3.404129658792394 -3.9665124248500456 -4.174863437187986 -4.770022543584242 -4.852706570167436 -4.733961841738754 -5.241760264289207 -5.314617660688484 -4.7339618417387825 -5.2417602642892325 -5.314617660688513 -5.386824788001077 -5.8282940312713265 -5.920887199743526 -1000000000.0 -1000000000.0 -5.937113788553705 -1000000000.0 -1000000000.0 -5.791407579638049 -1000000000.0 -1000000000.0 -5.146297315517049 -1000000000.0 -1000000000.0 -3.83888305472741 -1000000000.0 -1000000000.0 -3.8388830547274084 -1000000000.0 -1000000000.0 -2.8313083605547895 -1000000000.0 -1000000000.0 -1.1237414125106455 -1000000000.0 -1000000000.0 0.6802903243123108 -1000000000.0 -1000000000.0 -0.6131231157814736 -1000000000.0 -1000000000.0 -1.4007136198286954 -1000000000.0 -1000000000.0 -1.4007136198287058 -1000000000.0 -1000000000.0 -2.750682023150417 -1000000000.0 -1000000000.0 -1.643605756454678 -1000000000.0 -1000000000.0 -1.4042298203617014 -1000000000.0 -1000000000.0 -1.188612712532452 -1000000000.0 -1000000000.0 -1.002525628832768
NRM 0.29914924317668984 -0.9439167522048622 0.13975297926641267 -0.15238945669000345 -0.9880319300593686 -0.023882183168306842 -0.7521706499030747 -0.6589683705796404 0.0 0.2215332086683328 -0.9614584662694532 0.16285163522637205 -0.13246469463440605 -0.9910402462262058 -0.01709780790964085 -0.7534892729128093 -0.6574602007766902 0.0 0.15713553208575062 -0.9712609569124044 0.17877521677718242 -0.10622197350353244 -0.9942572047256477 -0.013019339313353947 -0.7480724165394483 -0.6636171031647918 0.0 -0.7972038523686227 0.4065621478112863 -0.44628828993790653 -0.8512632558571963 0.11470230848095628 -0.5120490695788296 -0.9637256773200815 0.18411043151011863 -0.19322569157104358 -0.7865635330375557 0.44827138910441655 -0.42470056534678047 -0.8268289378409989 0.2888044841480012 -0.4826446700055153 -0.8973943791456589 0.337560828817377 -0.2841408367797613 -0.8483547185657084 0.35839856526522895 -0.3896726060465673 -0.8704505208100604 0.20918709462350757 -0.44559695944257804 -0.92299821727447 0.2729531530412808 -0.2712395014612979 -0.8483547185657103 0.3583985652652269 -0.38967260604656473 -0.8704505208100621 0.20918709462350507 -0.4455969594425754 -0.9229982172744704 0.2729531530412803 -0.2712395014612972 -0.8916968197254476 0.2791971125946546 -0.35626640875941495 -0.9013622920018034 0.1396250204730326 -0.40994008368926405 -0.9411240323866086 0.21700669156505328 -0.2592173826740012 -0.970631109132624 -0.00725299019407268 -0.240463394547314 -0.93985149944667 -0.17791540868432276 -0.29159092293920336 -0.9876402069556035 0.0 -0.15673806686536862 -0.687068991827313 -0.702143968135802 0.18689582253199125 -0.5720651609804783 -0.8111341996888861 0.12166660054201155 -0.8031066166631328 -0.5945569442589648 0.039010284609807384 -0.4024611722480831 -0.7875232100944014 0.4667249708289754 -0.31284461829173843 -0.8653134591179639 0.39161315385875417 -0.4947499528483147 -0.777585059317017 0.38805149102089714 -0.35970843493569654 -0.6957537344884815 0.6217206629841436 -0.26989947791178626 -0.790738206264125 0.5494427731594432 -0.4207147766800141 -0.6928110191860917 0.5856722363040741 -0.35970843493569 -0.6957537344884864 0.621720662984142 -0.2698994779117803 -0.7907382062641283 0.5494427731594415 -0.4207147766800162 -0.6928110191860906 0.5856722363040738 -0.32345343090085554 -0.6194322844357033 0.7153191756392607 -0.23453284650410777 -0.7224347498608334 0.6504478273498926 -0.3537371756902987 -0.6093453115808227 0.7096254658544329 -0.38659845956770167 -0.45338338453179033 0.8031096672873381 -0.29193630802845755 -0.5857394627259542 0.7560968680402161 -0.41160479902305325 -0.39848871052041585 0.8196268889006558 -0.5356191465425456 -0.15685716908222422 0.8297637967304585 -0.44846957729773806 -0.32762868917425203 0.8315855219208362 -0.5623999803144486 -0.01234856104466078 0.8267731098568906 -0.6144940336203158 0.06313219562694963 0.7863913838034816 -0.5390200220629773 -0.12534146733763404 0.8329147209533977 -0.6288354713738032 0.08762300071398454 0.7725853737212242 -0.6482146096547455 0.1826190448773014 0.7392348099746441 -0.5662927444365342 -0.03890147841124857 0.8232856142165713 -0.6553748591162032 0.20885861653855384 0.7258525141762738 -0.6482146096547458 0.18261904487730268 0.7392348099746436 -0.5662927444365347 -0.03890147841124704 0.8232856142165711 -0.6553748591162025 0.20885861653855517 0.7258525141762743 -0.6765153678195904 0.34787078294804225 0.6490861849362075 -0.601380792439471 0.10586527712935476 0.7919177265241629 -0.6732859089902762 0.37696904094285194 0.636066369906289 -0.7021415997439746 0.4414590721357079 0.5586690089293053 -0.5510750445285639 -0.0007055281964853185 0.8344553897769522 -0.6916325033102844 0.5170411348083589 0.5042945025288635 -0.6243581501349051 -0.6447759035994487 0.44095457192054816 0.49892636713095223 -0.8657920575493067 0.038426465698113324 1.0 0.0 0.0 0.524143385825282 -0.7273051706137088 -0.4430585738863131 0.6028871987630116 -0.7574500584479948 -0.250592167724409 0.7945206525159633 -0.3632972895428047 -0.48657169269950273 0.5285554388543752 -0.6906147260503026 -0.4936399986021434 0.6030322277367586 -0.7343737991099788 -0.311524084930232 0.7078134462687943 -0.44437993426215444 -0.5491143772532786 0.5285554388543752 -0.6906147260503042 -0.49363999860214147 0.6030322277367584 -0.7343737991099796 -0.31152408493023087 0.7078134462687953 -0.4443799342621559 -0.549114377253276 0.5304576049024113 -0.6623166659975819 -0.5291043028959836 0.6004090318330989 -0.7096273559485112 -0.3686977219657936 0.6521508932741206 -0.4874138509350307 -0.5806263431144425 0.3622276444304813 -0.6888456690811556 -0.6279194039034627 0.5356258706017514 -0.7550058312172813 -0.3782474343204698 0.555003658593072 -0.4343155109947584 -0.7094652745960626 -0.8782886583625773 0.47204643702032956 -0.0760341626380934 -0.9934046914830655 -0.09943896689898055 -0.05708774650920368 -0.75711141643769 0.6532857744507488 0.0 -0.9273809823264283 0.36790845071673434 -0.06788140769372135 -0.9102412915899215 -0.41283694724619824 0.032038197095834865 -0.8228275850179922 0.568291092076463 0.0 -0.9651997493354058 0.25399882202608204 -0.06224180502068221 -0.7757972492620516 -0.6236995963402983 0.09558996580385955 -0.8927238560201832 0.4506041687473109 0.0
DIST 0.7410373949671839 1.3473584162416201 0.8756783144146087 0.7395375744843514 1.3943520217102305 0.8803468955588412 0.7447987723767667 1.4385726670234886 0.8716380224312283 1.8171185050656922 2.0482455017683345 2.6811492076971555 3.861081040962388 3.8848554115761087 4.565515057890188 4.496196174570775 4.477999726049199 5.190987417676376 4.496196174570778 4.477999726049202 5.1909874176763795 5.241166177555658 5.161189290864391 5.900766422801709 4.681645381424548 4.707657772174455 5.395166170822237 4.294323913134323 4.80818022147387 4.466512424850046 5.579721522152108 6.17404617536234 5.352706570167436 6.137803053996836 6.644735850214947 5.814617660688484 6.137803053996864 6.644735850214973 5.814617660688513 6.789635120454382 7.23024831118029 6.420887199743526 6.758401632887658 6.978543674382242 6.437113788553705 6.415441847900317 6.175232000149987 6.291407579638049 5.768573528436301 5.2247685651533775 5.646297315517049 4.509521371083322 3.82982844062188 4.33888305472741 4.509521371083322 3.829828440621878 4.338883054727408 3.5281517925773453 2.671455887465373 3.3313083605547895 1.832446671104643 1.015738909545202 1.6237414125106455 -0.13077232317610432 1.4009342483038378 -0.18029032431231085 1.403941267143845 2.958814198376672 1.1131231157814736 2.1805182703217096 3.7322761995474143 1.9007136198286954 2.1805182703217194 3.732276199547425 1.9007136198287058 3.4912224215456793 5.051008185204669 3.250682023150417 2.4002105662027033 3.9118146739413553 2.143605756454678 2.301625760364536 0.6769312883082647 1.9042298203617014 2.2276291682193246 0.7684812560934705 1.688612712532452 2.1949504455533435 0.9643981254435038 1.502525628832768
RARR 1.8000000000000003 1.75 0.5 1.8000000000000003 1.75 0.5 1.8000000000000003 1.75 0.5 1.8000000000000003 1.75 0.5 1.8000000000000003 1.75 0.5 1.8000000000000003 1.75 0.5 1.8000000000000003 1.75 0.5 1.8000000000000003 1.75 0.5 1.8000000000000003 1.75 0.5 1.8000000000000003 1.75 0.5 1.8000000000000003 1.75 0.5 1.8000000000000003 1.75 0.5 1.8000000000000003 1.75 0.5 1.8000000000000003 1.75 0.5 1.8000000000000003 1.75 0.5 1.8000000000000003 1.75 0.5 1.8000000000000003 1.75 0.5 1.8000000000000003 1.75 0.5 1.8000000000000003 1.75 0.5 1.8000000000000003 1.75 0.5 1.8000000000000003 1.75 0.5 1.8000000000000003 1.75 0.5 1.8000000000000003 1.75 0.5 1.8000000000000003 1.75 0.5 1.8000000000000003 1.75 0.5 1.8000000000000003 1.75 0.5 1.8000000000000003 1.75 0.5 1.8000000000000003 1.75 0.5 1.8000000000000003 1.75 0.5 1.8000000000000003 1.75 0.5
DGDT 0.0551829463678587 -0.2683199059966406 0.0 0.014620757707221071 -0.274446844349852 0.0 -0.018558329648365138 -0.2814336141139203 0.0 -0.3579457114031827 0.13654053386733075 0.0 -0.3484546276083362 0.1808549594395938 0.0 -0.38833750275633133 0.15697142899899286 0.0 -0.3883375027563325 0.15697142899899236 0.0 -0.4179286986032583 0.13134896487709835 0.0 -0.48604085358571925 0.027889591673173404 0.0 -0.4137488927272367 -0.21240763272551713 0.0 -0.2799829071334817 -0.26784610839196127 0.0 -0.24942959091669642 -0.27116881482575006 0.0 -0.24942959091669364 -0.27116881482575106 0.0 -0.2236699438939981 -0.27309056700204104 0.0 0.0 0.0 0.0 0.0 0.0 0.0 0.0 0.0 0.0 0.0 0.0 0.0 0.0 0.0 0.0 0.0 0.0 0.0 0.0 0.0 0.0 0.0 0.0 0.0 0.0 0.0 0.0 0.0 0.0 0.0 0.0 0.0 0.0 0.0 0.0 0.0 0.0 0.0 0.0 0.0 0.0 0.0 0.0 0.0 0.0 0.0 0.0 0.0
TRUST 1.0 1.0 1.0 1.0 1.0 1.0 1.0 1.0 1.0 1.0 1.0 1.0 1.0 1.0 1.0 1.0 1.0 1.0 1.0 1.0 1.0 1.0 1.0 1.0 1.0 1.0 1.0 1.0 1.0 1.0 1.0 1.0 1.0 1.0 1.0 1.0 1.0 1.0 1.0 1.0 1.0 1.0 0.0 0.0 1.0 0.0 0.0 1.0 0.0 0.0 1.0 0.0 0.0 1.0 0.0 0.0 1.0 0.0 0.0 1.0 0.0 0.0 1.0 0.0 0.0 1.0 0.0 0.0 1.0 0.0 0.0 1.0 0.0 0.0 1.0 0.0 0.0 1.0 0.0 0.0 1.0 0.0 0.0 1.0 0.0 0.0 1.0 0.0 0.0 1.0
END
CASE
NAME spacetime_off
M 4
T 0.4996888753546682 0.4311872626083275 1.0328492407722574 1.3794863457078481
START 1.6229809895921052 2.723381460197767 1.9910717640351585
GOAL 0.4852075177613857 0.14932771987256555 -0.3187293170391845
Q -0.33106634135320867 -0.9964577670477643 -3.52753073264834 3.8468439511993937 2.595450879610792 1.1558249469971678 1.5466959648527636 0.8627020778828669 3.4567306544298164
V0 0.07948938562106944 -0.3827344386165177 0.2033396280612017
A0 0.4974705857506311 0.3107261159138707 0.22108486346744177
VF 0.6270951454512048 0.00761052834970536 0.11804225111808651
AF -0.19462984157476707 0.35455138114106854 -0.19993742152088367
AVOID_OVERRIDE _
TAU_TRUST 0.75
SPACETIME_HARD 0
Q_CONFORMAL 0.0
EPSILON_TRACK 0.0
SAFETY_MODE conformal
REACH_MODEL accel
A_MAX_HUMAN 0.0
V_MAX_HUMAN 0.0
EST_POS_ERR 0.0
EST_VEL_ERR 0.0
NCLASS 1
CLASS0 human 0.8
H 1
OBS0_KIND sphere
OBS0_C0 1.0540942536767455 1.4363545900351662 0.836171223497987
OBS0_R 0.45
OBS0_VEL 0.7 0.2 -0.3
OBS0_ACC 0.0 0.0 0.0
OBS0_CLASS human
RHO 14.0
NC 24
LAM 0.09058384175408458 1.237413826740583 6.821944808812614 2.406921284756267 3.021480889535252 0.4654688792690433 1.9118399281118346 1.288004287010817 1.3235714801186054 0.1618894010771478 1.0044434571008054 1.7969900172793098 0.9598913711854048 1.2349317049073667 0.8701978063793714 1.40555538584295 4.5449272533093055 1.1018314812721215 2.1839443606750133 0.7840828103516604 2.2169193520297026 0.41167155422594387 0.24923815073744882 1.7399652760802533
FREEZE 0
COST 225.25538894475014
DCC 71.42976833651691 34.37518050804441 93.0711327120985 7.552456011657554 3.6345776379491634 9.84065400368821 0.6572379836965636 0.31629214055230964 0.8563640206121617 0.0 0.0 0.0 0.0 0.0 0.0 0.0 0.0 0.0 5.907463186012086 18.4257406867653 33.91379812791701 2.527616763804171 7.883792006635667 14.51064221193408 1.0814222456761295 3.373022436925093 6.208271567013689 0.4626502805468658 1.4430346545706474 2.6560010150283277 0.1979171367491011 0.6173157113938456 1.136210520559413 0.0846616206689743 0.2640647972655209 0.4860287778599128 0.0 0.0 0.0 0.0 0.0 0.0 0.0 0.0 0.0 0.0 0.0 0.0 0.0 0.0 0.0 0.0 0.0 0.0 0.0 0.0 0.0 0.0 0.0 0.0 0.0 0.0 0.0 0.0 0.0 0.0 0.0 0.0 0.0 0.0 0.0 0.0
DTEXP 3.6519181976032025 1131.6706644690075 0.0 0.0
G 2.7051385978415645 2.714495548941973 2.730673223989127 -0.4015167606878709 -2.8191517342257457 -3.6837591794998135 -3.841694369745264 -4.735442392445371 -4.482373480535424 -2.51928912735675 0.03558812946819789 2.553274382046044 -0.36871577929890686 -6.673432191635637 -12.623554201034162 -9.262738555158373 -4.485580451644123 -0.7062569672258063 -1.0795275328890983 -4.9231296889091025 -6.748608286667166 -2.5150326421319984 -2.3826855562934606 -2.2442670452626743
NRM -0.5842722921085499 -0.28117780548383087 -0.7612916197998757 -0.5842722921085499 -0.28117780548383087 -0.7612916197998757 -0.5842722921085499 -0.28117780548383087 -0.7612916197998757 -0.5842722921085499 -0.28117780548383087 -0.7612916197998757 -0.5842722921085499 -0.28117780548383087 -0.7612916197998757 -0.5842722921085499 -0.28117780548383087 -0.7612916197998757 -0.1512968685117606 -0.4719042299778157 -0.8685710421765049 -0.1512968685117606 -0.4719042299778157 -0.8685710421765049 -0.1512968685117606 -0.4719042299778157 -0.8685710421765049 -0.1512968685117606 -0.4719042299778157 -0.8685710421765049 -0.1512968685117606 -0.4719042299778157 -0.8685710421765049 -0.1512968685117606 -0.4719042299778157 -0.8685710421765049 0.4035319844856013 0.3767341756494603 0.8338065113650972 0.4035319844856013 0.3767341756494603 0.8338065113650972 0.4035319844856013 0.3767341756494603 0.8338065113650972 0.4035319844856013 0.3767341756494603 0.8338065113650972 0.4035319844856013 0.3767341756494603 0.8338065113650972 0.4035319844856013 0.3767341756494603 0.8338065113650972 -0.7983153832248158 -0.6015115916277111 0.02960327759072226 -0.7983153832248158 -0.6015115916277111 0.02960327759072226 -0.7983153832248158 -0.6015115916277111 0.02960327759072226 -0.7983153832248158 -0.6015115916277111 0.02960327759072226 -0.7983153832248158 -0.6015115916277111 0.02960327759072226 -0.7983153832248158 -0.6015115916277111 0.02960327759072226
DIST 1.3275570733827882 1.3184311480440774 1.315754896899615 1.2134553201339628 3.7757685519473867 4.763532444901993 4.8121465901630405 5.663957791532911 5.336516628445857 3.3223043432968953 1.23406204853087 1.9768789693790507 1.4004826577302993 7.672764542359599 13.577687320833116 10.064903357001391 5.556852647344626 3.0161052649059634 3.802882862526242 5.738775995997867 8.008011351472078 3.3556171163828736 3.2060282082738896 3.0586739738042517
RARR 1.25 1.25 1.25 1.25 1.25 1.25 1.25 1.25 1.25 1.25 1.25 1.25 1.25 1.25 1.25 1.25 1.25 1.25 1.25 1.25 1.25 1.25 1.25 1.25
DGDT 0.0 0.0 0.0 0.0 0.0 0.0 0.0 0.0 0.0 0.0 0.0 0.0 0.0 0.0 0.0 0.0 0.0 0.0 0.0 0.0 0.0 0.0 0.0 0.0
TRUST 1.0 1.0 1.0 1.0 1.0 1.0 1.0 1.0 1.0 1.0 1.0 1.0 1.0 1.0 1.0 1.0 1.0 1.0 1.0 1.0 1.0 1.0 1.0 1.0
END
CASE
NAME single_seg
M 1
T 1.0816508615418363
START 2.05642756078596 -2.9683051719929923 1.3219445428324947
GOAL 1.8840899355088796 0.8880930395185986 1.5454237800408368
Q 
V0 -1.1597726324383255 -0.3883520626464725 0.03493494419384094
A0 -0.40922250551902145 -0.17045992251993192 0.30417931406177146
VF 0.2438998132965658 -0.05457146357296323 -0.3535662041851577
AF 0.15218376192161948 -0.14811515273970838 -0.08002047611536454
AVOID_OVERRIDE _
TAU_TRUST 2.0
SPACETIME_HARD 1
Q_CONFORMAL 0.0
EPSILON_TRACK 0.0
SAFETY_MODE conformal
REACH_MODEL accel
A_MAX_HUMAN 0.0
V_MAX_HUMAN 0.0
EST_POS_ERR 0.0
EST_VEL_ERR 0.0
NCLASS 1
CLASS0 human 0.8
H 1
OBS0_KIND sphere
OBS0_C0 1.9702587481474199 -1.0401060662371968 1.4336841614366658
OBS0_R 0.4
OBS0_VEL 0.3 0.3 0.0
OBS0_ACC 0.0 0.0 0.0
OBS0_CLASS human
RHO 12.0
NC 6
LAM 0.6759127973947257 4.570089928384145 0.1839714092145475 0.7161262248353675 0.368184968208512 2.419983309389603
FREEZE 0
COST -1.1617142375435192
DCC 0.0 0.0 0.0 0.0 0.0 0.0 0.0 0.0 0.0 0.0 0.0 0.0 0.0 0.0 0.0 0.0 0.0 0.0
DTEXP 0.0
G -0.7333552694925967 -0.8923596356919838 -1.1086893903432538 -0.6075360955938387 -0.5372466724331455 -0.4592157037233857
NRM 0.04456956980346143 -0.9973330490168244 -0.057795698683717235 -0.10974406528920695 -0.9927119557484613 -0.049791696575468954 -0.24661428850865758 -0.9685120022983971 -0.034145191569508404 -0.20884187865993067 0.9673103399612828 0.1438602652638259 -0.22940202699414966 0.96728252801894 0.10834768571715675 -0.24750493270979426 0.9665433154317632 0.06734484151362664
DIST 1.5333552694925965 1.6923596356919837 1.908689390343254 1.407536095593839 1.337246672433146 1.2592157037233855
RARR 1.2000000000000002 1.2000000000000002 1.2000000000000002 1.2000000000000002 1.2000000000000002 1.2000000000000002
DGDT -0.28582904376400886 -0.3307368063113005 -0.3645378872421164 0.2275405383904056 0.22136415030743709 0.21571151481659068
TRUST 1.0 1.0 1.0 1.0 1.0 1.0
END
CASE
NAME big_lam_small_rho
M 4
T 1.0650388205806172 0.4807672221348749 1.2983233236669967 1.3512449085534834
START 0.574380190649296 -1.9242119641807705 -3.6253487368224535
GOAL 1.3739213924243483 -0.3662571499789564 -0.464300181583714
Q 3.6259517789848887 -0.9721155072804937 1.4186582692440028 2.6474354155702127 -2.3036593796090683 0.8252195154041324 -0.9997574583732947 -0.49532772996528873 -2.0270266404006945
V0 -0.07608839989209308 0.34631498672003147 -0.15594909765358653
A0 -0.3538938408217405 -0.1772703435460509 0.47140758047451103
VF -0.29610169229367167 0.24044162872008493 0.2794517336013579
AF 0.09612044665673411 -0.2799316503426862 0.31620926174358716
AVOID_OVERRIDE _
TAU_TRUST 2.0
SPACETIME_HARD 1
Q_CONFORMAL 0.0
EPSILON_TRACK 0.0
SAFETY_MODE conformal
REACH_MODEL accel
A_MAX_HUMAN 0.0
V_MAX_HUMAN 0.0
EST_POS_ERR 0.0
EST_VEL_ERR 0.0
NCLASS 1
CLASS0 human 0.8
H 1
OBS0_KIND sphere
OBS0_C0 2.974150791536822 0.35476544292013656 -1.5448244592030838
OBS0_R 0.4
OBS0_VEL 0.2 0.1 0.0
OBS0_ACC 0.0 0.0 0.0
OBS0_CLASS human
RHO 2.0
NC 24
LAM 3.939698366449778 2.5912697855783953 11.641105745821763 6.5748853446240725 0.45120908988631586 10.97823237711865 10.302669805045905 4.276149508541964 3.4508289800849536 6.13451187278154 2.6446871365549716 23.975684622546993 1.847089448960131 4.326718743622026 9.873774016205573 3.475149393252372 0.6642585041991539 3.517072340215454 0.5097841495379914 9.635726175150563 0.8852383880243013 4.16013390545523 0.8721382770084765 6.74818113378005
FREEZE 0
COST -217.11865045356188
DCC 6.0721998925605645 10.766717832595745 -4.670548187643724 2.6670393606389347 7.40083631703292 -6.242248681060797 0.47131351605115973 5.207698174022841 -7.1043417641976445 -0.7071656641859357 4.05462570770621 -7.494978514863065 -1.145136661077048 3.7407631512337356 -7.733922349676257 -1.2196149989171248 3.98405797466141 -8.236927537761275 2.372934054972912 17.377623124496278 -18.136559843646573 1.5349413306566198 6.9985810649042905 -5.9805200375415595 0.7412439649166688 3.3291973295470014 -2.825143650263368 0.35742172228102603 1.5891936637213706 -1.3421806489026704 0.17209047449695347 0.7612977902526554 -0.6414169071554761 0.08273545937977285 0.3660070238371878 -0.3083722246834812 0.0 0.0 0.0 0.0 0.0 0.0 0.0 0.0 0.0 0.0 0.0 0.0 0.0 0.0 0.0 0.0 0.0 0.0 0.0 0.0 0.0 0.0 0.0 0.0 0.0 0.0 0.0 0.0 0.0 0.0 0.0 0.0 0.0 0.0 0.0 0.0
DTEXP -14.678033138133578 -4.755216416348389 0.0 0.0
G -2.709119879042347 -2.7331755703148994 -2.7628698177830073 -0.40810086705571713 -1.3690317684614826 -2.121048245960226 -2.1210482459602273 -2.462458050451822 -2.626500283368068 -2.623933283512896 -2.568820897394235 -2.5328872208399504 -2.5328872208399495 -3.00075773698475 -1000000000.0 -1000000000.0 -1000000000.0 -1000000000.0 -1000000000.0 -1000000000.0 -1000000000.0 -1000000000.0 -1000000000.0 -1000000000.0
NRM -0.6138902553879776 -0.5829898999309301 -0.5322231965239846 -0.6250876752623835 -0.5660846719672682 -0.5374137534514533 -0.6403086370040503 -0.5511403235629317 -0.5350226099156576 -0.5290253386800496 -0.7795071990271231 0.3354112665062817 0.0839552796219016 -0.4211350704087254 0.9031039605136532 0.1321249168438601 -0.43160614543985776 0.8923335371751705 0.13212491684386043 -0.431606145439857 0.8923335371751708 0.1473072566600562 -0.43469268521008325 0.8884496843154011 0.12240461746798913 -0.48537636101791565 0.8656944598341386 0.053585426386167125 -0.5772686166596062 0.8147941741930396 -0.04818900552323885 -0.6746394665055162 0.7365727458845012 -0.17034444034626517 -0.7535736443084347 0.6349090755744656 -0.17034444034626592 -0.7535736443084375 0.6349090755744621 -0.4434006780378196 -0.8434798143266576 0.30321220545860117 -0.6847672463079182 -0.7264148408665694 -0.058440545451490536 -0.8638949830105855 -0.4783075781059357 -0.1578205279916858 -0.9366124899319225 -0.31504056818873305 -0.15331824450744508 -0.965097273046621 -0.24102417682062727 -0.10244315372886066 -0.965097273046621 -0.24102417682062754 -0.10244315372886051 -0.9891443695711736 -0.1425699607440268 -0.03559806791235155 -0.9758202374638004 -0.16807157829013325 0.139738358109561 -0.8094245282151814 -0.46491439164104664 0.3587290642931888 -0.8300465748133887 -0.4243482461105042 0.36187186912428054 -0.8407089013499385 -0.39309526888925045 0.3724038839323072
DIST 3.5091198790423466 3.5331755703148993 3.5628698177830085 1.2081008670557174 2.1690317684614833 2.921048245960226 2.9210482459602276 3.262458050451822 3.4265002833680693 3.423933283512896 3.368820897394235 3.3328872208399507 3.33288722083995 3.80075773698475 4.832964813223351 5.050658706175562 4.824842521771033 4.30702202778597 4.307022027785968 3.8233587397816984 2.9120301908217296 2.271511780259247 2.377233647943928 2.5014849850915604
RARR 1.2000000000000002 1.2000000000000002 1.2000000000000002 1.2000000000000002 1.2000000000000002 1.2000000000000002 1.2000000000000002 1.2000000000000002 1.2000000000000002 1.2000000000000002 1.2000000000000002 1.2000000000000002 1.2000000000000002 1.2000000000000002 1.2000000000000002 1.2000000000000002 1.2000000000000002 1.2000000000000002 1.2000000000000002 1.2000000000000002 1.2000000000000002 1.2000000000000002 1.2000000000000002 1.2000000000000002
DGDT -0.18107704107068853 -0.18162600224920353 -0.18317575975710323 -0.18375578763872225 -0.025322451116492225 -0.016735631175213758 -0.016735631175213615 -0.014007817188997084 -0.024056712608193743 -0.04700977638872719 -0.0771017477551994 -0.1094262525000965 -0.10942625250009694 -0.1730281170402297 0.0 0.0 0.0 0.0 0.0 0.0 0.0 0.0 0.0 0.0
TRUST 1.0 1.0 1.0 1.0 1.0 1.0 1.0 1.0 1.0 1.0 1.0 1.0 1.0 1.0 0.0 0.0 0.0 0.0 0.0 0.0 0.0 0.0 0.0 0.0
END
CASE
NAME fuzz0_M3
M 3
T 0.5394333912007965 0.9648697983607498 0.8796939856052659
START -3.413009355512127 1.8870060329065934 -1.3001636785815354
GOAL 2.932722453321399 2.153820574671716 0.6638900103181014
Q -0.3462452825658371 -0.266501686063207 1.3732823138204289 1.1841666625013163 -3.8791789904803853 3.428182052989995
V0 -0.24047960551871717 0.10814116764277236 -0.19104388299436578
A0 0.21692236485686284 -0.3447663927346463 -0.042517360699916226
VF 0.4634885233055697 0.41432075261614704 -0.5806084301242225
AF 0.29313972755491213 -0.37904103847015563 0.07176343098999231
AVOID_OVERRIDE hard
TAU_TRUST 2.179966580803139
SPACETIME_HARD 0
Q_CONFORMAL 0.0
EPSILON_TRACK 0.0
SAFETY_MODE conformal
REACH_MODEL speed
A_MAX_HUMAN 1.771739381233814
V_MAX_HUMAN 2.384075390846127
EST_POS_ERR 0.13003418125515773
EST_VEL_ERR 0.3242621994997437
NCLASS 1
CLASS0 human 0.8
H 2
OBS0_KIND sphere
OBS0_C0 0.2868716134243836 2.3525085998135924 -0.6130087078358233
OBS0_R 0.3319239528496281
OBS0_VEL -0.44498290930987205 0.10517379253366668 -0.560219943489547
OBS0_ACC -0.4146132758444699 0.023293748286625032 -0.1610340116296749
OBS0_CLASS human
OBS1_KIND sphere
OBS1_C0 -0.9078578842389882 2.6582725208270475 -1.1298637745450346
OBS1_R 0.5034775876748125
OBS1_VEL -0.20966380956314437 -1.1798409866169044 0.03660833935985244
OBS1_ACC 0.0 0.0 0.0
OBS1_CLASS human
RHO 25.14605629605257
NC 36
LAM 0.27447056363872524 4.40556150954637 0.6814761143736147 0.7669086415952442 1.0576177102227085 1.4417130845920674 1.9063992169139783 5.810878152921544 2.4109773663061906 0.7921992359629179 1.548242568567462 6.889627849701889 4.186959549893406 3.9149948633934026 0.6421831512189352 1.0917479739488025 3.334887954069821 1.038696183786621 0.9362467198144806 1.3225096694636616 1.3645325640901314 0.9920584360262821 0.928084569240917 2.2977910611915773 4.029410448354793 4.12412513310778 1.43961536454516 1.5667472630845651 1.424024079074177 1.3046334736760714 0.373786285069365 3.2474577271685616 3.415077514301111 3.8660716009653147 4.473319521394889 6.012474882763812
FREEZE 1
NORMALS -0.8984580933417834 -0.4138798483935744 0.14654871409316103 -0.8165338651551309 -0.45994355908014833 0.34889019693237094 -0.8984580933417834 -0.4138798483935744 0.14654871409316103 -0.8165338651551309 -0.45994355908014833 0.34889019693237094 -0.8984580933417834 -0.4138798483935744 0.14654871409316103 -0.8165338651551309 -0.45994355908014833 0.34889019693237094 -0.8984580933417834 -0.4138798483935744 0.14654871409316103 -0.8165338651551309 -0.45994355908014833 0.34889019693237094 -0.8984580933417834 -0.4138798483935744 0.14654871409316103 -0.8165338651551309 -0.45994355908014833 0.34889019693237094 -0.8984580933417834 -0.4138798483935744 0.14654871409316103 -0.8165338651551309 -0.45994355908014833 0.34889019693237094 0.2575939836512885 -0.7273071660742914 0.6361364835973825 0.35940308779676755 -0.6406496393698031 0.6785259464880398 0.2575939836512885 -0.7273071660742914 0.6361364835973825 0.35940308779676755 -0.6406496393698031 0.6785259464880398 0.2575939836512885 -0.7273071660742914 0.6361364835973825 0.35940308779676755 -0.6406496393698031 0.6785259464880398 0.2575939836512885 -0.7273071660742914 0.6361364835973825 0.35940308779676755 -0.6406496393698031 0.6785259464880398 0.2575939836512885 -0.7273071660742914 0.6361364835973825 0.35940308779676755 -0.6406496393698031 0.6785259464880398 0.2575939836512885 -0.7273071660742914 0.6361364835973825 0.35940308779676755 -0.6406496393698031 0.6785259464880398 0.617061892863564 -0.4466034558234438 0.6479042935667217 0.7768208911911774 -0.022376691420332794 0.6293239123774211 0.617061892863564 -0.4466034558234438 0.6479042935667217 0.7768208911911774 -0.022376691420332794 0.6293239123774211 0.617061892863564 -0.4466034558234438 0.6479042935667217 0.7768208911911774 -0.022376691420332794 0.6293239123774211 0.617061892863564 -0.4466034558234438 0.6479042935667217 0.7768208911911774 -0.022376691420332794 0.6293239123774211 0.617061892863564 -0.4466034558234438 0.6479042935667217 0.7768208911911774 -0.022376691420332794 0.6293239123774211 0.617061892863564 -0.4466034558234438 0.6479042935667217 0.7768208911911774 -0.022376691420332794 0.6293239123774211
TMASK 1.0 1.0 1.0 1.0 1.0 1.0 1.0 1.0 1.0 1.0 1.0 1.0 1.0 1.0 1.0 1.0 1.0 0.0
COST -5.625759368543829
DCC 4.3005976038705 2.4224741342723797 -1.8375678082331561 2.3198859496458835 1.3067634373467634 -0.9912454343566263 1.2514239450165592 0.7049118325051741 -0.5347108861673014 0.6750598624901615 0.3802529803058339 -0.28844090663721045 0.3641498308866112 0.20512115468058567 -0.15559465642834275 0.19643457818036122 0.11064920007637145 -0.08393295316986374 0.0 0.0 0.0 0.0 0.0 0.0 0.0 0.0 0.0 0.0 0.0 0.0 0.0 0.0 0.0 0.0 0.0 0.0 0.0 0.0 0.0 0.0 0.0 0.0 0.0 0.0 0.0 0.0 0.0 0.0 0.0 0.0 0.0 0.0 0.0 0.0
DTEXP 2.3884346620912993 0.0 0.0
G -2.086966047310241 -0.6454179442019943 -2.1024268731434237 -0.6540453797281502 -2.1170375086645206 -0.6621870790302109 -1.551276980247835 -0.34462772746723513 -0.9884615659659111 -0.11345684645866716 -0.6146905662274591 -0.06453232574697854 -2.9528825942961276 -1.4095116826830474 -5.753429710912818 -4.323279262248412 -8.767895003116625 -7.361186533981238 -9.780848166884649 -8.13612712572397 -8.909839911640912 -7.209431413538873 -7.2818302902905865 -5.668309664033659 -7.508143273551668 -3.606845611500929 -6.383425002735442 -3.05708343015427 -5.051044295891134 -2.754600754022273 -4.213945238906344 -3.1065558110103995 -4.150176219561372 -3.0930978537797618 -4.101755281714926 -3.0905266263667883
NRM -0.8984580933417834 -0.4138798483935744 0.14654871409316103 -0.8165338651551309 -0.45994355908014833 0.34889019693237094 -0.8984580933417834 -0.4138798483935744 0.14654871409316103 -0.8165338651551309 -0.45994355908014833 0.34889019693237094 -0.8984580933417834 -0.4138798483935744 0.14654871409316103 -0.8165338651551309 -0.45994355908014833 0.34889019693237094 -0.8984580933417834 -0.4138798483935744 0.14654871409316103 -0.8165338651551309 -0.45994355908014833 0.34889019693237094 -0.8984580933417834 -0.4138798483935744 0.14654871409316103 -0.8165338651551309 -0.45994355908014833 0.34889019693237094 -0.8984580933417834 -0.4138798483935744 0.14654871409316103 -0.8165338651551309 -0.45994355908014833 0.34889019693237094 0.2575939836512885 -0.7273071660742914 0.6361364835973825 0.35940308779676755 -0.6406496393698031 0.6785259464880398 0.2575939836512885 -0.7273071660742914 0.6361364835973825 0.35940308779676755 -0.6406496393698031 0.6785259464880398 0.2575939836512885 -0.7273071660742914 0.6361364835973825 0.35940308779676755 -0.6406496393698031 0.6785259464880398 0.2575939836512885 -0.7273071660742914 0.6361364835973825 0.35940308779676755 -0.6406496393698031 0.6785259464880398 0.2575939836512885 -0.7273071660742914 0.6361364835973825 0.35940308779676755 -0.6406496393698031 0.6785259464880398 0.2575939836512885 -0.7273071660742914 0.6361364835973825 0.35940308779676755 -0.6406496393698031 0.6785259464880398 0.617061892863564 -0.4466034558234438 0.6479042935667217 0.7768208911911774 -0.022376691420332794 0.6293239123774211 0.617061892863564 -0.4466034558234438 0.6479042935667217 0.7768208911911774 -0.022376691420332794 0.6293239123774211 0.617061892863564 -0.4466034558234438 0.6479042935667217 0.7768208911911774 -0.022376691420332794 0.6293239123774211 0.617061892863564 -0.4466034558234438 0.6479042935667217 0.7768208911911774 -0.022376691420332794 0.6293239123774211 0.617061892863564 -0.4466034558234438 0.6479042935667217 0.7768208911911774 -0.022376691420332794 0.6293239123774211 0.617061892863564 -0.4466034558234438 0.6479042935667217 0.7768208911911774 -0.022376691420332794 0.6293239123774211
DIST 3.1269354502983413 1.8998964258356867 3.152897164358634 1.9268002505533617 3.1767087111191836 1.95106426179398 2.3572741779510955 1.1623895858382365 2.237096171138894 1.5431441513015707 3.222434692937519 2.9402052651645674 3.8133168580883687 2.339861261229429 6.605680327718523 5.228702198388955 9.647432245054178 8.22792380480265 10.59090212132378 8.96568475459143 9.749149265314914 8.075658112512308 8.092954775721964 6.478997337149641 8.982628857228212 5.866690708246004 7.55915518480321 4.575132819406065 5.85985811985811 3.5579128677753853 5.46459056780913 4.577844317000158 5.454406697758916 4.635210357731536 5.46061533482515 4.7003177531218014
RARR 1.131923952849628 1.3034775876748126 1.131923952849628 1.3034775876748126 1.131923952849628 1.3034775876748126 1.131923952849628 1.3034775876748126 1.131923952849628 1.3034775876748126 1.131923952849628 1.3034775876748126 1.131923952849628 1.3034775876748126 1.131923952849628 1.3034775876748126 1.131923952849628 1.3034775876748126 1.131923952849628 1.3034775876748126 1.131923952849628 1.3034775876748126 1.131923952849628 1.3034775876748126 1.131923952849628 1.3034775876748126 1.131923952849628 1.3034775876748126 1.131923952849628 1.3034775876748126 1.131923952849628 1.3034775876748126 1.131923952849628 1.3034775876748126 1.131923952849628 1.3034775876748126
DGDT 0.0 0.0 0.0 0.0 0.0 0.0 0.0 0.0 0.0 0.0 0.0 0.0 0.0 0.0 0.0 0.0 0.0 0.0 0.0 0.0 0.0 0.0 0.0 0.0 0.0 0.0 0.0 0.0 0.0 0.0 0.0 0.0 0.0 0.0 0.0 0.0
TRUST 1.0 1.0 1.0 1.0 1.0 1.0 1.0 1.0 1.0 1.0 1.0 1.0 1.0 1.0 1.0 1.0 1.0 1.0 1.0 1.0 1.0 1.0 1.0 1.0 1.0 1.0 1.0 1.0 1.0 1.0 1.0 1.0 1.0 1.0 1.0 1.0
END
CASE
NAME fuzz1_M2
M 2
T 0.6695146386550459 1.1919736480928336
START -0.16502721693480638 -1.6552656955303506 -0.23900625259565889
GOAL 1.9568586407632997 0.15948770666149592 2.849081881697189
Q -2.149332112428441 1.1764350296881485 0.8253444804359207
V0 0.40746382929777875 -0.12608223819230233 -0.47216344360901435
A0 0.3451481748831078 -0.2692243073372781 -0.0820746950846775
VF 0.08580292968233261 0.697924826162704 -0.14132371477626482
AF 0.3253765722878911 0.1354678260926069 0.1087336220665244
AVOID_OVERRIDE hard
TAU_TRUST 1.5302990519338584
SPACETIME_HARD 0
Q_CONFORMAL 0.10861845711465606
EPSILON_TRACK 0.0
SAFETY_MODE conformal
REACH_MODEL accel
A_MAX_HUMAN 1.674071403793469
V_MAX_HUMAN 1.1731814253330954
EST_POS_ERR 0.05020607964297557
EST_VEL_ERR 0.22323714485006618
NCLASS 2
CLASS0 human 0.8
CLASS1 wall 0.4
H 2
OBS0_KIND aabb
OBS0_LO 0.4670224575448267 -0.5501101538480289 1.211354173711649
OBS0_HI 1.2333472335370261 0.4342555526838284 1.68003162239961
OBS0_CLASS wall
OBS1_KIND sphere
OBS1_C0 0.671859354130321 -1.121253768111871 1.2634875015816063
OBS1_R 0.5647016845727277
OBS1_VEL -0.35027823591275464 0.6330100463146378 -0.07313302275580996
OBS1_ACC 0.06670747846552398 0.03422190773608577 -0.08638798927872872
OBS1_CLASS human
RHO 13.841429735736114
NC 24
LAM 4.123492668711154 0.7456061942326812 5.75939488398424 3.975643405534657 1.279307082025633 0.6255127125549247 5.5094861324738105 0.6070855369372762 3.8809072707276964 1.6702812060800907 2.8232433135041726 1.132953984191857 0.6496910479158885 3.41449214546982 1.045454705881953 5.86108617284605 9.176929719142864 4.710674545122492 3.862562562895224 7.527669293037144 9.924544918466529 2.431907257167573 0.29689908792599273 1.6511467560464215
FREEZE 1
NORMALS -0.7674122920054516 -0.305385448046444 -0.5637535828714637 -0.7934632841928031 -0.043294161607376265 -0.6070762985067738 -0.7674122920054516 -0.305385448046444 -0.5637535828714637 -0.7934632841928031 -0.043294161607376265 -0.6070762985067738 -0.7674122920054516 -0.305385448046444 -0.5637535828714637 -0.7934632841928031 -0.043294161607376265 -0.6070762985067738 -0.7674122920054516 -0.305385448046444 -0.5637535828714637 -0.7934632841928031 -0.043294161607376265 -0.6070762985067738 -0.7674122920054516 -0.305385448046444 -0.5637535828714637 -0.7934632841928031 -0.043294161607376265 -0.6070762985067738 -0.7674122920054516 -0.305385448046444 -0.5637535828714637 -0.7934632841928031 -0.043294161607376265 -0.6070762985067738 -0.6314943518010827 0.535578056624184 0.5606879960423559 -0.255552656887944 0.43966399906348214 0.861039143991154 -0.6314943518010827 0.535578056624184 0.5606879960423559 -0.255552656887944 0.43966399906348214 0.861039143991154 -0.6314943518010827 0.535578056624184 0.5606879960423559 -0.255552656887944 0.43966399906348214 0.861039143991154 -0.6314943518010827 0.535578056624184 0.5606879960423559 -0.255552656887944 0.43966399906348214 0.861039143991154 -0.6314943518010827 0.535578056624184 0.5606879960423559 -0.255552656887944 0.43966399906348214 0.861039143991154 -0.6314943518010827 0.535578056624184 0.5606879960423559 -0.255552656887944 0.43966399906348214 0.861039143991154
TMASK 1.0 1.0 1.0 1.0 1.0 1.0 1.0 1.0 1.0 1.0 0.0 0.0
COST -1.9251948111582013
DCC 6.773345373821169 0.36957766676640874 5.182265543931807 0.9135028723544407 0.04984394586669433 0.6989182152119419 0.06368280734151736 0.0034747590815873415 0.04872351844072764 0.0 0.0 0.0 0.0 0.0 0.0 0.0 0.0 0.0 9.470282769260914 -16.293089828531816 -31.90843041234404 5.908638676050528 -10.165481122243376 -19.908105240363028 5.1222188455629025 -8.81248995468676 -17.258403742805722 4.370338352919945 -7.518921778801286 -14.72507639002921 3.8016404615998303 -6.540508984343789 -12.80895017363632 3.6409925778207963 -6.264123319316851 -12.267675752866973
DTEXP 0.07912725881351174 60.65460262906936
G -1.5298707025392329 0.07104881631858695 -1.570634833874958 0.07522789023825416 -1.6170462374267505 0.08416695088178505 -1.553965800551893 -0.4484134819039787 -2.021327320821912 -0.7713172158956954 -2.3468427503607194 -0.7346860507565318 -2.3468427503607154 0.5545484711293203 -3.42156015392457 -0.8848567343604055 -3.0117726498312485 -1.5561060020461315 -1.0303707445564938 0.3813503721325151 -0.99315271387243 0.34740999142505946 -0.9748262672608011 0.30849443503008955
NRM -0.32750881893176154 -0.5726578160019788 -0.7515324339599497 -0.7934632841928031 -0.043294161607376265 -0.6070762985067738 -0.2930472276574076 -0.5693791174414741 -0.768069490986249 -0.7934632841928031 -0.043294161607376265 -0.6070762985067738 -0.2554194517907096 -0.567639486831079 -0.782653382179546 -0.7934632841928031 -0.043294161607376265 -0.6070762985067738 -0.7504367806704909 -0.032678874702592 -0.660133872305521 -0.7934632841928031 -0.043294161607376265 -0.6070762985067738 -0.9359130841818221 0.008527599322824037 -0.3521277877519166 -0.7934632841928031 -0.043294161607376265 -0.6070762985067738 -0.9524952127782649 0.27019365302468223 -0.14052850066682435 -0.7934632841928031 -0.043294161607376265 -0.6070762985067738 -0.9524952127782654 0.27019365302468007 -0.14052850066682449 -0.255552656887944 0.43966399906348214 0.861039143991154 -0.8477792922333276 0.5303491978502071 0.0 -0.255552656887944 0.43966399906348214 0.861039143991154 -0.7146360761684724 0.6478759621411971 0.2637271626475881 -0.255552656887944 0.43966399906348214 0.861039143991154 0.4933799494457616 0.0 0.8698139027889228 -0.255552656887944 0.43966399906348214 0.861039143991154 0.5046513810032652 0.0 0.8633232208457601 -0.255552656887944 0.43966399906348214 0.861039143991154 0.5262566074386877 0.0 0.8503258099852802 -0.255552656887944 0.43966399906348214 0.861039143991154
DIST 1.929870702539233 1.2710809545384245 1.970634833874958 1.3125150170561026 2.0170462374267504 1.3594457071314248 1.953965800551893 1.3679560237223876 2.421327320821912 2.095899806577268 2.7468427503607193 2.6583340771216584 2.7468427503607153 1.958571289245302 3.82156015392457 3.232039875127196 3.4117726498312484 3.095432627349697 1.430370744556494 2.1037313749990365 1.39315271387243 2.0598384632759292 1.3748262672608011 2.047143897314438
RARR 0.4 1.4733201416873838 0.4 1.4733201416873838 0.4 1.4733201416873838 0.4 1.4733201416873838 0.4 1.4733201416873838 0.4 1.4733201416873838 0.4 1.4733201416873838 0.4 1.4733201416873838 0.4 1.4733201416873838 0.4 1.4733201416873838 0.4 1.4733201416873838 0.4 1.4733201416873838
DGDT 0.0 0.0 0.0 0.0 0.0 0.0 0.0 0.0 0.0 0.0 0.0 0.0 0.0 0.0 0.0 0.0 0.0 0.0 0.0 0.0 0.0 0.0 0.0 0.0
TRUST 1.0 1.0 1.0 1.0 1.0 1.0 1.0 1.0 1.0 1.0 1.0 1.0 1.0 1.0 1.0 1.0 1.0 1.0 1.0 1.0 1.0 1.0 1.0 1.0
END
CASE
NAME fuzz2_M3
M 3
T 0.6502260921949516 0.4478169034544549 1.1485125740075426
START -2.3972283702461157 -0.1332482152552581 0.7458387696469755
GOAL 0.5796496374476963 -3.967194950425829 3.926200686356803
Q -2.4276174109957607 3.4815356217271436 -1.5689821718969617 -2.7194142361642317 -1.7613238866418657 -0.14367000445292444
V0 0.37158267617446494 -0.3098929417981896 0.02652752161521358
A0 -0.08193530779826609 0.02701701259134229 -0.24110750976666365
VF 0.24259418709870137 -0.27544503096230255 0.032761497360583675
AF -0.08522963286739173 -0.07174480228297563 -0.026372526734398
AVOID_OVERRIDE _
TAU_TRUST 1.054174299660361
SPACETIME_HARD 0
Q_CONFORMAL 0.0
EPSILON_TRACK 0.28333505760521105
SAFETY_MODE deterministic
REACH_MODEL accel
A_MAX_HUMAN 0.8726367965371655
V_MAX_HUMAN 0.9079984166854833
EST_POS_ERR 0.050970434333344077
EST_VEL_ERR 0.05186382682993127
NCLASS 1
CLASS0 human 0.8
H 1
OBS0_KIND sphere
OBS0_C0 -1.2532425132050613 -1.4977630516406164 1.8465037813328506
OBS0_R 0.30378670417667536
OBS0_VEL -0.061974752458070485 -0.26046304066431075 -0.025700197425122157
OBS0_ACC 0.0 0.0 0.0
OBS0_CLASS human
RHO 15.411135497862105
NC 18
LAM 1.327433859033458 2.8980016693467086 3.995380672731815 4.068102382898886 3.773966911678581 1.1152357405335642 1.6335081030796934 0.8214837052046362 0.16072702189974344 0.5174157979988241 0.22618957757108213 1.7669765475171026 0.8166170120556091 1.7994710112150278 1.4877149452797775 2.213108065808076 2.1721525459504174 1.5011497448271285
FREEZE 0
COST 83.30773122458866
DCC 1.383993509382043 -4.170085300672746 2.661545240907047 0.3010619449607872 -0.9071241900791064 0.5789694687125959 0.039364754827243456 -0.11860921626935217 0.07570199943835221 0.0 0.0 0.0 0.0 0.0 0.0 0.0 0.0 0.0 1.7212868282521083 -4.201608853898491 3.9419497912208343 0.7708213373847993 -1.8815514664796433 1.765271749077449 0.34518682442428245 -0.8425905514091024 0.7905185284274927 0.15458049482695876 -0.377326291612006 0.3540075595237723 0.06922375852786607 -0.16897309150164116 0.15853056910540433 0.030999569189427898 -0.07566900660339122 0.07099266855965464 -10.328076329163178 46.20053321747672 -18.93694847998255 0.0 0.0 0.0 0.0 0.0 0.0 0.0 0.0 0.0 0.0 0.0 0.0 0.0 0.0 0.0
DTEXP 0.5900367059739836 94.86476628353941 0.0
G -0.12647949005886616 -0.07895872099411516 -0.03500901789043098 -2.5907273034718994 -4.133809724363529 -4.268386071057938 -4.238875033733638 -4.368197581926093 -3.869227541133938 -2.611043836240734 -1.137511428750483 0.2755119706799434 3.255521821436341 -0.6422529898542875 -3.7174849674224344 -0.7827227473834304 -0.8516320790317993 -0.9230443461685818
NRM -0.26941615628068377 0.8117728482494628 -0.5181117423682817 -0.26941615628068377 0.8117728482494628 -0.5181117423682817 -0.26941615628068377 0.8117728482494628 -0.5181117423682817 -0.26941615628068377 0.8117728482494628 -0.5181117423682817 -0.26941615628068377 0.8117728482494628 -0.5181117423682817 -0.26941615628068377 0.8117728482494628 -0.5181117423682817 -0.2862642929311244 0.6987624421408978 -0.6555789838348479 -0.2862642929311244 0.6987624421408978 -0.6555789838348479 -0.2862642929311244 0.6987624421408978 -0.6555789838348479 -0.2862642929311244 0.6987624421408978 -0.6555789838348479 -0.2862642929311244 0.6987624421408978 -0.6555789838348479 -0.2862642929311244 0.6987624421408978 -0.6555789838348479 0.20255933923310424 -0.9061076992938353 0.3714007961352276 0.20255933923310424 -0.9061076992938353 0.3714007961352276 0.20255933923310424 -0.9061076992938353 0.3714007961352276 0.20255933923310424 -0.9061076992938353 0.3714007961352276 0.20255933923310424 -0.9061076992938353 0.3714007961352276 0.20255933923310424 -0.9061076992938353 0.3714007961352276
DIST 1.8747118149747322 1.8203722845116808 1.7704231263772896 4.280711732920203 5.84818844824932 5.968891165622896 6.053955815949541 6.143698298221014 5.574550542940192 4.293155161684987 2.999389151201092 2.105467989556654 2.0623289898964483 3.1734213502015782 5.579257817004747 3.0195663677036997 3.091090462517014 3.161530932728261
RARR 1.977639126141142 1.977639126141142 1.977639126141142 1.977639126141142 1.977639126141142 1.977639126141142 1.977639126141142 1.977639126141142 1.977639126141142 1.977639126141142 1.977639126141142 1.977639126141142 1.977639126141142 1.977639126141142 1.977639126141142 1.977639126141142 1.977639126141142 1.977639126141142
DGDT 0.0 0.0 0.0 0.0 0.0 0.0 0.0 0.0 0.0 0.0 0.0 0.0 0.0 0.0 0.0 0.0 0.0 0.0
TRUST 1.0 1.0 1.0 1.0 1.0 1.0 1.0 1.0 1.0 1.0 1.0 1.0 1.0 1.0 1.0 1.0 1.0 1.0
END
CASE
NAME fuzz3_M2
M 2
T 1.1134454449057958 1.3376307407482217
START -0.42917105132013855 1.6152901367436616 2.962840328344048
GOAL 3.3715798647181314 -2.1483289360963296 -2.36873904181354
Q 2.3125388844916284 -3.307473377807142 2.806101422065109
V0 0.23596091826458865 -0.8538166921075563 -0.04663254894607485
A0 0.0927199328088288 -0.19903111922277086 -0.044135142090689604
VF -0.1583172805605505 0.36652397011041726 0.3505974985737984
AF -0.3814409264131518 -0.12428099631932495 -0.16125028865272245
AVOID_OVERRIDE hard
TAU_TRUST 0.40267834175818557
SPACETIME_HARD 1
Q_CONFORMAL 0.0
EPSILON_TRACK 0.0
SAFETY_MODE deterministic
REACH_MODEL speed
A_MAX_HUMAN 1.9776831966599342
V_MAX_HUMAN 1.399035154129262
EST_POS_ERR 0.1873336397006436
EST_VEL_ERR 0.26907591356737776
NCLASS 2
CLASS0 human 0.8
CLASS1 wall 0.4
H 3
OBS0_KIND sphere
OBS0_C0 1.6279679299781302 -0.21094803205247703 -0.6233261821605496
OBS0_R 0.44914263254206266
OBS0_VEL 0.3383610245238368 0.03768584305770214 -0.7900914018586682
OBS0_ACC -0.3712059138362515 -0.17386742974979297 0.07243702484409811
OBS0_CLASS human
OBS1_KIND aabb
OBS1_LO 1.4304582027229666 -0.13182617906537608 0.24561027202043023
OBS1_HI 2.3859493566038266 0.7965066898856302 0.8535807089813316
OBS1_CLASS wall
OBS2_KIND sphere
OBS2_C0 2.373097390995691 -0.5764150051397452 0.43945142616543853
OBS2_R 0.5974294326956621
OBS2_VEL -0.7183949932189444 0.08013020188338542 -0.13194826747105912
OBS2_ACC -0.037406445330556475 0.26278167910560496 0.005690671805264482
OBS2_CLASS human
RHO 32.5978839306721
NC 36
LAM 8.281121858132108 7.258690068206548 3.648190898798377 1.8872723697698015 4.241688563182327 2.0216604257247095 1.089291566155474 0.6313085523385783 1.2701314102312167 8.923049302730934 0.46667968340161764 3.4213859219126057 1.1062075244641851 3.8689123470047346 1.7374226905055423 2.1132020766777724 0.3493408119717087 0.9795911028112507 1.2178035295496754 20.92179058925757 3.5343457783664016 7.052594547446907 3.0438707112569268 7.203039531761031 0.45126201314072173 6.506653011816931 0.5283396413485187 5.437576805135157 0.06164681748667513 5.530782153206527 0.20725770638819338 8.744443169822913 4.113532435285853 4.6235148174696565 0.4218012321474945 2.0812975322069853
FREEZE 0
COST -16.329226670764204
DCC 0.0 0.0 0.0 0.0 0.0 0.0 0.0 0.0 0.0 0.0 0.0 0.0 0.0 0.0 0.0 0.0 0.0 0.0 0.0 0.0 0.0 0.0 0.0 0.0 0.0 0.0 0.0 0.0 0.0 0.0 0.0 0.0 0.0 0.0 0.0 0.0
DTEXP 0.0 0.0
G -2.5198480563100367 -2.5287545880827547 -2.2135006298462603 -2.584203368814046 -2.440074774185163 -1.9839873270518291 -1000000000.0 -2.3550432447715037 -1000000000.0 -1000000000.0 -2.5737578444738194 -1000000000.0 -1000000000.0 -3.167185677946785 -1000000000.0 -1000000000.0 -3.3278777160601187 -1000000000.0 -1000000000.0 -3.3278777160601187 -1000000000.0 -1000000000.0 -3.9893115744058245 -1000000000.0 -1000000000.0 -3.8734986836182075 -1000000000.0 -1000000000.0 -3.3350527788005224 -1000000000.0 -1000000000.0 -3.1863833881409622 -1000000000.0 -1000000000.0 -3.0456600532239464 -1000000000.0
NRM -0.4551509144524992 0.40406310905208637 0.7934548815000229 -0.6349556434704455 0.279567106847976 0.7201899496616743 -0.6424826832751452 0.5024973979086336 0.5785433145293634 -0.4517277068143838 0.3560224339239342 0.818040405749677 -0.6362801953473467 0.22134902617698043 0.7390210562759663 -0.6265117139917923 0.47849860879349765 0.6152415408713506 -0.44360436597581804 0.3087922846573806 0.8413456432544639 -0.6347595039759484 0.15468888789775198 0.7570678437717222 -0.6079489310578691 0.44608253563783323 0.6568169216947106 -0.22817141226863386 -0.12459443441654028 0.9656158830175483 -0.26428048120709335 -0.23806459413690914 0.9346020951567442 -0.3516499325220926 -0.10647401931877407 0.9300567768514527 -0.03413879520024411 -0.4157293632835758 0.9088474234799306 0.0 -0.6540667121767785 0.7564368684974704 -0.030896868949342002 -0.5385099579569838 0.8420524975738121 0.10228465300963731 -0.5762764778033415 0.8108287555885478 0.0 -0.8518646373674541 0.5237620066431088 0.19194849637569364 -0.7509487324761008 0.6318479056953878 0.10228465300963789 -0.5762764778033415 0.8108287555885478 0.0 -0.8518646373674541 0.5237620066431089 0.1919484963756944 -0.7509487324761007 0.6318479056953877 0.25787616636440974 -0.7217309098842936 0.6423428808189479 0.1783203345096035 -0.9540774119837783 0.24070344875534902 0.3811441081197911 -0.8579805839073873 0.3443813097186137 0.42413306437587944 -0.8122430014795423 0.40046529219225774 0.3015113844632597 -0.952413289327018 -0.0447192503552829 0.5244035308812057 -0.8506993806068531 -0.03621464668391224 0.6781130706626851 -0.7042414101648587 -0.210253893199235 0.27742948244767335 -0.595367965726626 -0.7540357204107476 0.5617452225119015 -0.5439163512002452 -0.6233757357180867 0.7455294340601605 -0.6572275473461875 -0.11062465348759973 0.28663542324209274 -0.5896072098569518 -0.7551181842781479 0.5990525995063335 -0.5486032115874738 -0.5832413730700301 0.8027045561083753 -0.5962852414882476 -0.010454969447987256 0.2860498403468723 -0.5852297457911464 -0.7587368670881618 0.62594324282035 -0.5574999906030178 -0.545333675143191
DIST 4.07054285193686 2.9287545880827546 3.764195425473082 4.134898164440868 2.840074774185163 3.534682122678652 4.1950445380924615 2.7550432447715036 3.2972424619572434 4.488490090619456 2.9737578444738193 2.9295487926498427 4.887615773208124 3.5671856779467848 3.2357712177194284 4.809981389455512 3.7278777160601186 3.375108317063028 4.809981389455512 3.7278777160601186 3.3751083170630287 5.085987467163472 4.389311574405824 4.186344217770307 4.250059257007021 4.273498683618207 4.239417937704096 2.2454864763166773 3.7350527788005223 3.842643902963768 2.1424013835914852 3.586383388140962 3.9074551554556627 2.078965593167247 3.4456600532239463 3.9903476701465626
RARR 1.999837428168885 0.4 2.1481242283224846 1.999837428168885 0.4 2.1481242283224846 1.999837428168885 0.4 2.1481242283224846 1.999837428168885 0.4 2.1481242283224846 1.999837428168885 0.4 2.1481242283224846 1.999837428168885 0.4 2.1481242283224846 1.999837428168885 0.4 2.1481242283224846 1.999837428168885 0.4 2.1481242283224846 1.999837428168885 0.4 2.1481242283224846 1.999837428168885 0.4 2.1481242283224846 1.999837428168885 0.4 2.1481242283224846 1.999837428168885 0.4 2.1481242283224846
DGDT -0.7656797504499212 0.0 0.4254837728259183 -0.7490041937648225 0.0 0.44124460030108487 0.0 0.0 0.0 0.0 0.0 0.0 0.0 0.0 0.0 0.0 0.0 0.0 0.0 0.0 0.0 0.0 0.0 0.0 0.0 0.0 0.0 0.0 0.0 0.0 0.0 0.0 0.0 0.0 0.0 0.0
TRUST 1.0 1.0 1.0 1.0 1.0 1.0 0.0 1.0 0.0 0.0 1.0 0.0 0.0 1.0 0.0 0.0 1.0 0.0 0.0 1.0 0.0 0.0 1.0 0.0 0.0 1.0 0.0 0.0 1.0 0.0 0.0 1.0 0.0 0.0 1.0 0.0
END
CASE
NAME fuzz4_M4
M 4
T 1.3774878054807105 1.2965996505836401 1.3749166942943318 1.2224064568011779
START 2.510212220091427 -3.316969101029968 0.8005706329059041
GOAL 0.7347080115649804 -0.9243658000590491 -2.5266111213000997
Q 0.5651544714133161 -3.0446826524253057 -3.5895590285367245 2.0703363392975787 0.9748067065425703 2.295992995567774 -1.5423231605047087 3.7231403762043627 0.4454988828192654
V0 0.46958471581816935 -0.04790915212582444 0.8945541129503168
A0 -0.12395736298636975 -0.20802916073062927 0.7071333352651037
VF 0.02598214527526806 0.7920945469928615 -0.28803269863284603
AF 0.023378548345993667 0.2817897579907261 -0.3258989468541543
AVOID_OVERRIDE _
TAU_TRUST 1.7643605350666398
SPACETIME_HARD 1
Q_CONFORMAL 0.04200425256370188
EPSILON_TRACK 0.12281224808503662
SAFETY_MODE deterministic
REACH_MODEL speed
A_MAX_HUMAN 1.328671870019572
V_MAX_HUMAN 0.8217304244974797
EST_POS_ERR 0.1040055423074041
EST_VEL_ERR 0.24235240946291658
NCLASS 1
CLASS0 human 0.8
H 2
OBS0_KIND sphere
OBS0_C0 2.1378127810261827 -2.9978515415124916 -0.6143117926389103
OBS0_R 0.4541136296299089
OBS0_VEL 0.11418295874097245 0.3786576836960787 -0.5504562662453092
OBS0_ACC 0.0 0.0 0.0
OBS0_CLASS human
OBS1_KIND sphere
OBS1_C0 1.9528298472388246 -2.1880650694414774 -0.3902984186281888
OBS1_R 0.4403802671905249
OBS1_VEL -0.3288005780331568 -0.04919397680903336 0.1672098255760079
OBS1_ACC 0.0 0.0 0.0
OBS1_CLASS human
RHO 21.315350707924008
NC 48
LAM 2.1306851213792664 0.21219700522834578 3.6883908880944953 0.8253949149785743 2.39837199871022 1.6214030132252741 1.4741038338360615 4.8374712060731335 3.347797639879712 0.4938504188500536 3.45479204483316 1.3392292079566914 0.05400323661615806 6.667353853923249 3.1578115958036204 3.50649962311146 0.4546311584851564 1.3429707304092462 2.146852196308636 2.306273636774826 2.308436901907495 2.848822449829763 3.1696265880454577 2.987688433385722 3.548272184879082 0.8240215199016656 6.081691166606331 2.0374035884081607 0.4796619232000951 2.30937882445825 4.277635326560782 3.266891439331999 0.949165868024513 3.1910934612503437 8.006440821557797 1.7533588038751493 0.4287582963401669 2.8391177086529833 2.20275933050664 1.5318889716963147 5.8819540260859515 5.271889439086546 2.9657813661965973 2.8000483296271503 1.7619351105474819 1.586969302943483 1.8483673386045556 0.7453155755485064
FREEZE 0
COST 140.08794789253483
DCC 6.850577711980811 110.2458363647862 -70.33409259684394 33.666316320754085 60.025652781189834 14.49461326121628 33.475450331757976 37.93360945585859 28.847681065517214 25.205067509482735 19.832475865092814 26.39980516763124 15.789404393992124 5.821918904606189 19.613355768269493 14.271296581602845 4.6892830229551485 18.28930408718011 0.8269289462177337 0.2717134947421501 1.0597463845971662 0.0 0.0 0.0 0.0 0.0 0.0 0.0 0.0 0.0 0.0 0.0 0.0 0.0 0.0 0.0 0.0 0.0 0.0 0.0 0.0 0.0 0.0 0.0 0.0 0.0 0.0 0.0 0.0 0.0 0.0 0.0 0.0 0.0 0.0 0.0 0.0 0.0 0.0 0.0 0.0 0.0 0.0 0.0 0.0 0.0 0.0 0.0 0.0 0.0 0.0 0.0
DTEXP -367.1685417289967 0.0 0.0 0.0
G 1.4332924098721072 1.1840326978670541 1.0075499010491418 0.9642200506974823 0.5164206842516537 0.6719500951299251 1.9047089142790634 1.4330395254385955 0.4089182491888881 -0.2521541000103711 0.061804457686841285 -0.7241471955519319 0.061804457686844394 -0.7241471955519279 -0.28306443273460236 -1.2068060429356446 -1000000000.0 -1000000000.0 -1000000000.0 -1000000000.0 -1000000000.0 -1000000000.0 -1000000000.0 -1000000000.0 -1000000000.0 -1000000000.0 -1000000000.0 -1000000000.0 -1000000000.0 -1000000000.0 -1000000000.0 -1000000000.0 -1000000000.0 -1000000000.0 -1000000000.0 -1000000000.0 -1000000000.0 -1000000000.0 -1000000000.0 -1000000000.0 -1000000000.0 -1000000000.0 -1000000000.0 -1000000000.0 -1000000000.0 -1000000000.0 -1000000000.0 -1000000000.0
NRM 0.24868611771767093 -0.21310479728739623 0.9448500199648675 0.3216297018523614 -0.6514182808499982 0.6871743288720803 0.24454515893234227 -0.2270348144907866 0.9426838591234548 0.3980606779283647 -0.5779118042605493 0.7124364134317723 0.2304828280617382 -0.23770074396139074 0.943597383574618 0.43897319532314044 -0.5113110767052296 0.7388257687887794 -0.7610592686423107 -0.6329565366563457 -0.1419676453197525 -0.154839751023894 -0.7450306817182423 -0.6488096290910838 -0.6249542718698842 -0.2783089246041904 -0.7293670547517498 -0.28489677039186073 -0.3282075906721363 -0.9006184584192569 -0.602987333203293 -0.1981304395490062 -0.7727552037485731 -0.2567184630857962 -0.21664811491200542 -0.9418913021235207 -0.6029873332032936 -0.1981304395490064 -0.7727552037485725 -0.25671846308579643 -0.2166481149120056 -0.9418913021235205 -0.5833592510643714 -0.1377917877872807 -0.8004407582176215 -0.23394558612892163 -0.13393224751473634 -0.9629805895273522 -0.6344295443670781 -0.0666992935560119 -0.7700976285337531 -0.1263188415755746 -0.04474987934300018 -0.9909798174341351 -0.41467919357202704 0.4810465654020938 0.7724217554764381 0.5358187058493356 0.3868613188120201 -0.7504909289718084 -0.010598499935931193 0.4843402183905391 0.8748155374983421 0.5044547867182646 0.7637362982560851 0.4027806287337094 -0.07032246784472186 0.558354718957026 0.8266164517686836 0.24274461446787093 0.8023120243221732 0.5453168508077677 -0.07032246784472188 0.558354718957026 0.8266164517686836 0.242744614467871 0.8023120243221734 0.5453168508077677 -0.09870407225068947 0.5916261818022928 0.800147465863119 0.12553176508171832 0.7969519182161788 0.5908548180450266 -0.20392811562682422 0.6572634346979069 0.7255467600823552 -0.031037757295584435 0.8496412615114561 0.526446943536841 -0.37038809971721576 0.7263699668267177 0.5789640117313188 -0.2237872232240512 0.9107213202346544 0.3471396773515192 -0.4754598641044672 0.7302519011623488 0.4905813678428246 -0.3085474053480717 0.9318254356670427 0.19104935513342838 -0.5591377727126224 0.700235052756947 0.4438871726198488 -0.3337115510614675 0.9423571985732452 0.024484913423064657 -0.5591377727126225 0.700235052756947 0.4438871726198488 -0.3337115510614675 0.9423571985732451 0.024484913423064716 -0.662705382949718 0.6487600339975893 0.3740748503934932 -0.35231526382032635 0.9150839551246182 -0.19620221699231508 -0.8075564167546301 0.4881333014776686 0.33102645475389686 -0.25260492701003134 0.7872361667924593 -0.5625388595858707 -0.9186254388564379 -0.04858812599768005 0.39213071430053836 0.11229810934772058 0.37042728239288064 -0.9220481349126802 -0.9061975173241126 -0.010806116018177611 0.42271655687022275 0.13305156858116732 0.4091531491908855 -0.9027131219857568 -0.8962254732479924 0.03460870717172707 0.44224669415306384 0.1506503017319839 0.44541681033427366 -0.882557846069992
DIST 1.0433541119672436 1.2926138239722968 1.4690966207902092 1.5124264711418691 1.9602258375876966 1.8046964267094259 0.5719376075602876 1.0436069964007557 2.067728272650463 2.7288006218497225 2.414842064152509 3.2007937173912824 2.414842064152506 3.2007937173912793 2.759710954573953 3.6834525647749947 1.8338329673094156 2.936824893897801 0.45628792770757926 0.9822765776989818 2.8956932375238518 1.9764513243648665 4.847345076531433 3.665778773696677 4.8473450765314325 3.665778773696676 6.946740787632045 5.620860687289523 8.62777177647221 7.255599123618909 9.467069601280487 8.227180137623892 8.633292390713654 7.54505330983291 6.9545491678706375 6.043776771318403 6.954549167870638 6.043776771318406 5.5576073476192525 4.94421060178184 3.4762719099686747 3.4343682875495585 1.6796574884690874 2.6174828286680345 1.7346438350859634 2.779298277240574 1.7830578067709608 2.978935944514542
RARR 2.9307601514692596 2.917026789029876 2.9307601514692596 2.917026789029876 2.9307601514692596 2.917026789029876 2.9307601514692596 2.917026789029876 2.9307601514692596 2.917026789029876 2.9307601514692596 2.917026789029876 2.9307601514692596 2.917026789029876 2.9307601514692596 2.917026789029876 2.9307601514692596 2.917026789029876 2.9307601514692596 2.917026789029876 2.9307601514692596 2.917026789029876 2.9307601514692596 2.917026789029876 2.9307601514692596 2.917026789029876 2.9307601514692596 2.917026789029876 2.9307601514692596 2.917026789029876 2.9307601514692596 2.917026789029876 2.9307601514692596 2.917026789029876 2.9307601514692596 2.917026789029876 2.9307601514692596 2.917026789029876 2.9307601514692596 2.917026789029876 2.9307601514692596 2.917026789029876 2.9307601514692596 2.917026789029876 2.9307601514692596 2.917026789029876 2.9307601514692596 2.917026789029876
DGDT -0.5723966663582253 0.04119612359043771 -0.57695182452359 0.016673567325266817 -0.5830990944755059 0.00435771281656025 -0.24842687515105433 -0.020924923194722528 0.22474172509850332 -0.040772195954119905 0.2814934530792794 -0.062426518944537435 0.281493453079279 -0.06242651894453731 0.3218220266277152 -0.07750971258223306 0.0 0.0 0.0 0.0 0.0 0.0 0.0 0.0 0.0 0.0 0.0 0.0 0.0 0.0 0.0 0.0 0.0 0.0 0.0 0.0 0.0 0.0 0.0 0.0 0.0 0.0 0.0 0.0 0.0 0.0 0.0 0.0
TRUST 1.0 1.0 1.0 1.0 1.0 1.0 1.0 1.0 1.0 1.0 1.0 1.0 1.0 1.0 1.0 1.0 0.0 0.0 0.0 0.0 0.0 0.0 0.0 0.0 0.0 0.0 0.0 0.0 0.0 0.0 0.0 0.0 0.0 0.0 0.0 0.0 0.0 0.0 0.0 0.0 0.0 0.0 0.0 0.0 0.0 0.0 0.0 0.0
END
CASE
NAME fuzz5_M1
M 1
T 0.8207019096153658
START -2.2407598833518074 -1.8308816351239896 2.3179412899717873
GOAL 0.7861984223946408 -3.090285611928274 -1.3247427529039895
Q 
V0 0.019732313883021557 -0.27113290295119813 -0.5118296403795919
A0 -0.0789235483248506 0.0643565064665544 -0.16748997809107222
VF -0.15500461696804324 -0.01974576828132577 0.2610505458532036
AF 0.1488477790588912 -0.04408874944563501 -0.06005047912040375
AVOID_OVERRIDE hard
TAU_TRUST 1.7693015173215167
SPACETIME_HARD 1
Q_CONFORMAL 0.27152484860543524
EPSILON_TRACK 0.0
SAFETY_MODE conformal
REACH_MODEL speed
A_MAX_HUMAN 2.1645231104516607
V_MAX_HUMAN 1.2549554741089501
EST_POS_ERR 0.07117054609783287
EST_VEL_ERR 0.2602308761706655
NCLASS 2
CLASS0 human 0.8
CLASS1 wall 0.4
H 2
OBS0_KIND aabb
OBS0_LO -1.0666332911562766 -2.706207985098734 0.07264004376577221
OBS0_HI -0.25567352012631317 -2.0061683143687823 0.9848343865718745
OBS0_CLASS wall
OBS1_KIND sphere
OBS1_C0 -0.4119507309307493 -1.7416777752486874 0.2039339290637887
OBS1_R 0.44088436297180383
OBS1_VEL -0.337299803674163 0.13233165601915972 -0.5552372906075007
OBS1_ACC 0.0 0.0 0.0
OBS1_CLASS human
RHO 31.309566115382502
NC 12
LAM 7.834216965344953 0.9090522700627873 6.165220414695372 9.251629055545925 4.466416727620891 8.708727826615748 13.427618584795434 3.6525564706615494 2.9981664054653674 0.09781063545027785 1.2354305207167047 3.074476963662775
FREEZE 0
COST -7.908351506179781
DCC 0.0 0.0 0.0 0.0 0.0 0.0 0.0 0.0 0.0 0.0 0.0 0.0 0.0 0.0 0.0 0.0 0.0 0.0
DTEXP 0.0
G -1.3850693796919664 -1.2842901584961481 -1.3170674131363533 -1.2547172397554531 -1.2497719552629523 -1.2248090621402956 -1.4852934522786874 -0.8969587535537489 -1.4326112727949694 -0.8532422746271875 -1.3848505395332231 -0.8221834910897425
NRM -0.6577484357488332 0.09819600360577602 0.7468095742194375 -0.653916960825528 -0.031896120416032216 0.755893673638767 -0.6819113295731534 0.07616638694667603 0.7274583287716647 -0.6397270943053067 -0.05616970868904964 0.7665469383132885 -0.7093748948739356 0.053611248482985006 0.702789508002708 -0.6262782719306598 -0.08018583834278374 0.7754648653787038 0.5822806038079056 -0.20107229085089315 -0.7877304312269997 0.5894245282986977 -0.5847066157152194 -0.5574019187074196 0.5824009026868743 -0.207810873225534 -0.7858904691614188 0.6108464214496361 -0.605436025265283 -0.5102096321250212 0.583730637072515 -0.21518755678555931 -0.7829130595076171 0.6317897527173318 -0.6241828297554396 -0.4596058130614368
DIST 1.7850693796919663 2.355815007101584 1.7170674131363532 2.326242088360889 1.6497719552629524 2.2963339107457315 1.8852934522786875 1.9684836021591834 1.8326112727949695 1.9247671232326224 1.784850539533223 1.8937083396951784
RARR 0.4 1.5124092115772392 0.4 1.5124092115772392 0.4 1.5124092115772392 0.4 1.5124092115772392 0.4 1.5124092115772392 0.4 1.5124092115772392
DGDT 0.0 -0.20335515926812353 0.0 -0.2172686524072583 0.0 -0.2299345974237614 0.0 0.03330235870368972 0.0 -0.0028693160840935206 0.0 -0.04051142068347699
TRUST 1.0 1.0 1.0 1.0 1.0 1.0 1.0 1.0 1.0 1.0 1.0 1.0
END
CASE
NAME fuzz6_M6
M 6
T 1.110808605543144 0.796044128801477 0.9426998718977074 0.8410053582152635 1.307911165118151 0.6251188711920517
START -0.39112033089487674 -0.6542370826267225 -1.8264278969659449
GOAL 1.4271960005729891 2.0565385876712483 2.3909172457332124
Q 1.4659517471552084 3.4856205064934924 1.9110923098106474 -2.4407513439907795 2.4545529570873166 2.278164008791415 1.8347403462590206 2.9814536788809693 -0.9119747107636167 -0.4918089108341315 0.18729382629739266 0.17095749467907506 0.05841639053726588 -1.152895014522561 1.945961654869202
V0 -0.2757661332721498 0.14663209427027576 -0.0034969174071173637
A0 0.3363013385649053 -0.08047011564212456 0.3078298256802436
VF 0.21491086692859007 0.12335142425281041 0.03178492656970618
AF -0.00801368258900123 -0.042769897787209514 -0.32611501168043816
AVOID_OVERRIDE _
TAU_TRUST 1.0624359839517137
SPACETIME_HARD 1
Q_CONFORMAL 0.48108615985350794
EPSILON_TRACK 0.09559406205394563
SAFETY_MODE conformal
REACH_MODEL speed
A_MAX_HUMAN 1.7551268727610243
V_MAX_HUMAN 0.6584858574326009
EST_POS_ERR 0.14987734978952155
EST_VEL_ERR 0.09093136795399653
NCLASS 1
CLASS0 human 0.8
H 2
OBS0_KIND sphere
OBS0_C0 0.059785121252384776 1.6744261940030138 0.16582375790614545
OBS0_R 0.3226800473082986
OBS0_VEL -0.6659845738149137 0.36432575522853283 -0.0006523082694360555
OBS0_ACC -0.014973216347071409 -0.15940752444204162 0.24422036213756382
OBS0_CLASS human
OBS1_KIND sphere
OBS1_C0 1.1462884966045088 1.6578645453512983 0.7765935887177162
OBS1_R 0.5049096997793766
OBS1_VEL 0.2108045085704442 0.2792238649975201 -0.2363557426996518
OBS1_ACC 0.0 0.0 0.0
OBS1_CLASS human
RHO 24.664482213442064
NC 72
LAM 0.7764815140017851 1.5387137080453184 1.0394452745791205 0.960100341247584 2.137480101417566 0.09146143274494029 1.451026704090735 1.5831113638862897 0.09987935512812816 0.6112935758891149 0.39650577700047196 0.5853091328542296 0.7686376000823918 0.4184336761470007 2.6102991966712006 0.7460667939800911 1.6535028533202023 1.1448598341810714 0.9557566250194703 3.1328135823957566 1.0611765977963006 1.0354567662329435 1.9080967450490662 0.30376912271802553 3.01567669611634 0.23179902114448742 0.045709289434902524 3.2052759577514123 1.4586454311874613 0.48929610322829664 1.125550218239856 0.3759760004670295 0.7301208928229677 3.6718180275267964 0.8642668804613802 1.3957552598712695 1.3050949340176417 0.5805351741828682 2.4448925200297658 1.5429261452770753 0.10702653462474288 0.5631152689995713 3.201276551181265 0.30241672878803366 0.6616407785362804 0.11698108510764661 2.949901138567599 0.8277994640219251 0.8520743056639867 0.9562095482624964 0.17336988936633502 1.5006909517855516 2.4221944876844126 0.29269078304721163 1.2351809528036664 0.35747158376464844 0.5582657045193251 0.6185788265210967 0.6234392143817715 1.9194230710804743 0.873955596046574 1.3292061473272072 0.4153377785726339 1.3536870275829733 0.1497824424516664 1.06382910628237 0.9402753691390107 1.8442717516758262 1.9286494500399352 1.4133771028715758 1.0716331221294877 0.08956884106793563
FREEZE 0
COST 10.164657681477891
DCC -11.009473497863642 -5.631906001118817 14.312072570624974 -9.144884956006285 -6.444586785896003 8.48271863781222 -7.086599769672014 -6.56854273637072 3.538251910798198 -4.853890632935287 -5.752550914182213 0.007032289076090059 -2.47703502026448 -3.6883507194232426 -1.447466480776094 0.0 0.0 0.0 0.0 0.0 0.0 0.0 0.0 0.0 0.0 0.0 0.0 0.0 0.0 0.0 0.0 0.0 0.0 0.0 0.0 0.0 0.0 0.0 0.0 0.0 0.0 0.0 0.0 0.0 0.0 0.0 0.0 0.0 0.0 0.0 0.0 0.0 0.0 0.0 0.0 0.0 0.0 0.0 0.0 0.0 0.0 0.0 0.0 0.0 0.0 0.0 0.0 0.0 0.0 0.0 0.0 0.0 0.0 0.0 0.0 0.0 0.0 0.0 0.0 0.0 0.0 0.0 0.0 0.0 0.0 0.0 0.0 0.0 0.0 0.0 0.0 0.0 0.0 0.0 0.0 0.0 0.0 0.0 0.0 0.0 0.0 0.0 0.0 0.0 0.0 0.0 0.0 0.0
DTEXP -5.61461459007237 0.0 0.0 0.0 0.0 0.0
G -1.398228315319103 -1.9243476363798317 -1.4246746846132814 -1.9524240345699042 -1.4454908042588557 -1.9656523375378148 -0.28528528086933247 0.760531589710395 -1.1250281953647587 0.5973949877537015 -1000000000.0 -1000000000.0 -1000000000.0 -1000000000.0 -1000000000.0 -1000000000.0 -1000000000.0 -1000000000.0 -1000000000.0 -1000000000.0 -1000000000.0 -1000000000.0 -1000000000.0 -1000000000.0 -1000000000.0 -1000000000.0 -1000000000.0 -1000000000.0 -1000000000.0 -1000000000.0 -1000000000.0 -1000000000.0 -1000000000.0 -1000000000.0 -1000000000.0 -1000000000.0 -1000000000.0 -1000000000.0 -1000000000.0 -1000000000.0 -1000000000.0 -1000000000.0 -1000000000.0 -1000000000.0 -1000000000.0 -1000000000.0 -1000000000.0 -1000000000.0 -1000000000.0 -1000000000.0 -1000000000.0 -1000000000.0 -1000000000.0 -1000000000.0 -1000000000.0 -1000000000.0 -1000000000.0 -1000000000.0 -1000000000.0 -1000000000.0 -1000000000.0 -1000000000.0 -1000000000.0 -1000000000.0 -1000000000.0 -1000000000.0 -1000000000.0 -1000000000.0 -1000000000.0 -1000000000.0 -1000000000.0 -1000000000.0
NRM -0.14556660442205593 -0.7517664832108156 -0.6431621245050699 -0.4039500922028678 -0.6074985710360737 -0.683936992126046 -0.11646615655797125 -0.759624224674411 -0.6398489444114244 -0.4291862829676878 -0.610732895258879 -0.6654355454595786 -0.0811791002681466 -0.7678007073343291 -0.6355250014724504 -0.4504149760920519 -0.617579992779945 -0.6447645320812238 0.9234033546211473 -0.1990563597320161 -0.32818106332427194 0.14132404547632157 -0.3186097643532788 -0.9372914873340923 0.9036727233683748 0.3485376617645481 0.24879129279716827 0.5300997626808835 0.7893282997837331 0.30976616465681384 0.7009175582525236 0.4894110787338223 0.5188365566784173 0.04141443690021498 0.7350919395639234 0.6767013261435117 0.7009175582525249 0.4894110787338212 0.5188365566784165 0.04141443690021638 0.7350919395639232 0.6767013261435117 0.5399564810069066 0.5433069805160962 0.642856534182488 -0.11975899998461682 0.6596584684567053 0.7419625913184831 0.30256626181527047 0.5432169415465641 0.7831787865027563 -0.39100590120534756 0.5230508166286933 0.7573191060884779 -0.1120420486203327 0.42491620802827995 0.8982721166193608 -0.6937873770795223 0.2911295079094318 0.65871290030599 -0.42490468706606666 0.2701131196303449 0.8639993689308175 -0.8320312314604591 0.13848066459608072 0.5371658360389461 -0.5752327062331263 0.1793609797372329 0.7980833118336794 -0.8966135625553864 0.059395593515958044 0.43881235501364996 -0.5752327062331237 0.17936097973723436 0.7980833118336809 -0.8966135625553857 0.0593955935159587 0.4388123550136507 -0.8027058900207261 -0.0035947156296968694 0.5963642612913482 -0.9497346867166783 -0.03574129850665495 0.3110089780508454 -0.9806121100308086 -0.1959553225459366 0.0011837342790361495 -0.9846535885085985 -0.08233059558016559 0.1538797701731925 0.8056949938727879 0.19250150597695345 -0.5601774246120004 -0.9835301174847009 0.05219830374077913 -0.17304289955706367 0.8446249554234816 0.22155802374261863 -0.48736098201553524 -0.44490547697069566 0.43051339878755507 -0.7853135233942335 0.8553407539889258 0.20986642128008137 -0.47365417741718174 0.07647354896014669 0.46006671036781205 -0.8845848847458223 0.855340753988926 0.20986642128008146 -0.4736541774171815 0.076473548960146 0.4600667103678126 -0.8845848847458221 0.8610797738883275 0.20331776515105315 -0.46605097293580267 0.4142443515076428 0.408268916540231 -0.8134605761996573 0.8649769549238411 0.17924767745384024 -0.4687058113338083 0.4069158746529737 0.3308161919773608 -0.8514576431514391 0.85978583292722 0.0872738837053689 -0.5031417203140962 -0.5424862262720318 -0.2854527794945737 -0.7900793662562972 0.8142578289986876 -0.17862640505388772 -0.5523375737100171 -0.7564360890034636 -0.6497244336130313 -0.07525027321790838 0.6407539374032518 -0.5571225254092926 -0.5282507769836232 -0.692749119287298 -0.717114611080571 0.07645451132166266 0.6407539374032505 -0.5571225254092937 -0.5282507769836235 -0.6927491192872984 -0.7171146110805706 0.07645451132166252 0.2127706062828486 -0.9147802725501497 -0.34337402647128523 -0.651137315313914 -0.7431427191148875 0.15413985737738395 -0.002250164407047524 -0.9814498202850368 -0.19170599109733202 -0.5849442909659458 -0.7926017877429944 0.17211212198144646 0.09770723487455671 -0.97837534408998 -0.1823046415481012 -0.4677496245285085 -0.8683007196438053 0.1651185907749016 0.3923381740910389 -0.891547293773649 -0.22630550173557934 -0.42906112817157044 -0.8636802921824175 0.2645050116497479 0.7666063474992311 -0.5795525984340743 -0.27646608041891974 -0.4061229390734067 -0.7977020944253841 0.44579762999340106 0.766606347499231 -0.5795525984340747 -0.2764660804189198 -0.4061229390734067 -0.7977020944253843 0.4457976299934009 0.9025460434091597 -0.3299645963242248 -0.27664779901358827 -0.376177508528875 -0.7218655323469081 0.5808619761066507 0.9637064361557525 -0.05771349589716409 -0.2606512177284171 -0.3325519735738953 -0.5613982012428725 0.757787070695571 0.9602997911527958 0.13049067542101905 -0.24656945216320514 -0.28164391631632013 -0.35243864693924964 0.8924481523010939 0.9532023754033707 0.14095217054639075 -0.2674653569037169 -0.277805994392376 -0.35361841157513363 0.8931841067074259 0.9454758790813031 0.1509230121452693 -0.2886132472365674 -0.2745543322219103 -0.355592636638388 0.8934057283377694
DIST 2.774908537226557 3.301027858287285 2.801354906520735 3.329104256477358 2.822171026166309 3.3423325594452686 1.661965502776786 0.6161486321970583 2.501708417272212 0.7792852341537518 2.7521262410329568 1.5595826546466736 2.7521262410329546 1.5595826546466682 3.142484414377149 2.3431289992644766 3.0264183367442006 2.9262456192043507 2.5818664378277076 3.56484855997777 2.2742985290143185 3.9963070143293247 1.7693080912579893 3.944067162455633 1.769308091257987 3.9440671624556285 1.3232622263208755 3.9992951835505877 0.1749994152188311 3.1675634666147316 1.528065937283492 1.3343529145665265 3.221288931958438 0.5724835153453175 4.042251905346528 0.6425891941937768 4.042251905346526 0.6425891941937755 4.780546884757385 0.9282282896326565 4.8203417965711095 0.7058817961209859 3.9738028297462575 0.2648103360593108 3.086292908221192 1.4674589910838924 2.8114870016235542 2.9827651282630385 2.8114870016235525 2.982765128263044 3.5095769704889412 5.412799869961903 5.419791618706402 7.917941719543381 6.903361669368596 9.017940300305241 5.337687135026457 6.9228459285276776 4.261922239577073 4.768301262935793 4.261922239577073 4.768301262935794 4.256947670702162 3.859854039035953 4.555978524917552 3.082451006377074 4.996894945293343 2.7110431757670304 5.162883850152631 2.7530602923223166 5.335207062917571 2.7897758861865265
RARR 1.6993602692157521 1.8815899216868301 1.6993602692157521 1.8815899216868301 1.6993602692157521 1.8815899216868301 1.6993602692157521 1.8815899216868301 1.6993602692157521 1.8815899216868301 1.6993602692157521 1.8815899216868301 1.6993602692157521 1.8815899216868301 1.6993602692157521 1.8815899216868301 1.6993602692157521 1.8815899216868301 1.6993602692157521 1.8815899216868301 1.6993602692157521 1.8815899216868301 1.6993602692157521 1.8815899216868301 1.6993602692157521 1.8815899216868301 1.6993602692157521 1.8815899216868301 1.6993602692157521 1.8815899216868301 1.6993602692157521 1.8815899216868301 1.6993602692157521 1.8815899216868301 1.6993602692157521 1.8815899216868301 1.6993602692157521 1.8815899216868301 1.6993602692157521 1.8815899216868301 1.6993602692157521 1.8815899216868301 1.6993602692157521 1.8815899216868301 1.6993602692157521 1.8815899216868301 1.6993602692157521 1.8815899216868301 1.6993602692157521 1.8815899216868301 1.6993602692157521 1.8815899216868301 1.6993602692157521 1.8815899216868301 1.6993602692157521 1.8815899216868301 1.6993602692157521 1.8815899216868301 1.6993602692157521 1.8815899216868301 1.6993602692157521 1.8815899216868301 1.6993602692157521 1.8815899216868301 1.6993602692157521 1.8815899216868301 1.6993602692157521 1.8815899216868301 1.6993602692157521 1.8815899216868301 1.6993602692157521 1.8815899216868301
DGDT -0.17652323877116877 -0.09313016392525672 -0.20619559343407212 -0.10372609039564225 -0.23929135059078124 -0.11499878037055908 -0.7287641987162625 0.16236252174206212 -0.48241602009526285 0.2589317066721041 0.0 0.0 0.0 0.0 0.0 0.0 0.0 0.0 0.0 0.0 0.0 0.0 0.0 0.0 0.0 0.0 0.0 0.0 0.0 0.0 0.0 0.0 0.0 0.0 0.0 0.0 0.0 0.0 0.0 0.0 0.0 0.0 0.0 0.0 0.0 0.0 0.0 0.0 0.0 0.0 0.0 0.0 0.0 0.0 0.0 0.0 0.0 0.0 0.0 0.0 0.0 0.0 0.0 0.0 0.0 0.0 0.0 0.0 0.0 0.0 0.0 0.0
TRUST 1.0 1.0 1.0 1.0 1.0 1.0 1.0 1.0 1.0 1.0 0.0 0.0 0.0 0.0 0.0 0.0 0.0 0.0 0.0 0.0 0.0 0.0 0.0 0.0 0.0 0.0 0.0 0.0 0.0 0.0 0.0 0.0 0.0 0.0 0.0 0.0 0.0 0.0 0.0 0.0 0.0 0.0 0.0 0.0 0.0 0.0 0.0 0.0 0.0 0.0 0.0 0.0 0.0 0.0 0.0 0.0 0.0 0.0 0.0 0.0 0.0 0.0 0.0 0.0 0.0 0.0 0.0 0.0 0.0 0.0 0.0 0.0
END
CASE
NAME fuzz7_M6
M 6
T 0.5527909576641571 0.5098299062178373 0.96916690995288 0.4835281125639658 1.260302998199589 0.713203003157973
START -1.6360590043770982 0.31701398364928757 -2.0977642985775464
GOAL 3.322641665081811 0.37864918337510645 -3.233688190518728
Q -2.517721477431529 3.5796168038579053 2.9212874698359537 0.9246810281556721 3.582792004205892 -2.089570446909634 2.1964236134904844 3.5702907732914557 -3.663178159343544 0.7600139588488952 -1.2178955869879289 0.1137939510215995 3.2708796540269507 -2.6749948917416013 -2.149316033360728
V0 0.2189981446259507 -0.2541721687318231 0.13358144452752096
A0 0.19412781238254972 -0.04324711352587157 -0.2624725820534418
VF 0.5024034774661491 0.5465240747136411 0.23051906951685536
AF -0.11813306484792162 -0.032074245245238664 0.13053196237151504
AVOID_OVERRIDE hard
TAU_TRUST 0.7292800162256574
SPACETIME_HARD 0
Q_CONFORMAL 0.0
EPSILON_TRACK 0.15919918857847162
SAFETY_MODE conformal
REACH_MODEL speed
A_MAX_HUMAN 0.9589141074995082
V_MAX_HUMAN 1.1883044018629358
EST_POS_ERR 0.07578459821282707
EST_VEL_ERR 0.12574857944422588
NCLASS 1
CLASS0 human 0.8
H 3
OBS0_KIND sphere
OBS0_C0 0.44880239701888236 0.11976935056112259 -1.930085391784241
OBS0_R 0.5145471786440486
OBS0_VEL -0.11942878224873316 0.16594481637810482 0.15498283054923956
OBS0_ACC -0.01910086951063296 0.15945395488941955 -0.0615377184596762
OBS0_CLASS human
OBS1_KIND sphere
OBS1_C0 0.3164557321916337 -0.6334337679691477 -1.9951477527647796
OBS1_R 0.36177888715271855
OBS1_VEL 0.16192652352790438 0.40504033055537775 0.22077208095899095
OBS1_ACC 0.36084570613569467 0.11785924251647771 -0.07998961251847447
OBS1_CLASS human
OBS2_KIND sphere
OBS2_C0 1.2667389504335607 1.1479693886024998 -2.9953106434409107
OBS2_R 0.5327518252884309
OBS2_VEL -0.027817874304433412 -0.0058983810236289845 -0.22780609766947799
OBS2_ACC 0.0 0.0 0.0
OBS2_CLASS human
RHO 6.040612551919013
NC 108
LAM 1.6722817300593267 1.777654235647971 0.9693894679934622 1.1224812427918667 1.0514652516985303 0.7631615475781565 0.7821096848218315 0.3605940784063106 0.48496754320372404 0.5796790764571994 0.5746984429142826 0.21697000678678074 0.5140814372707968 1.3219830419073528 0.11668786005217598 2.362511770356823 0.046055004472739344 0.35845244826108774 0.5525501607844977 1.8404673126666098 0.057283130845768845 0.6295330182721248 1.0676229142349072 1.3936199462372176 0.35269337112981725 1.0928096121318582 0.7705138634407113 1.3428073571086558 0.22384644730198572 0.852045340174708 1.147436964447337 2.1252241087615547 0.8397624062315758 1.1324338237112834 0.528550413532001 0.8079119583399588 0.24487184082034655 0.3133504244017862 0.49701106406948325 1.4641238893734747 1.0884167867520484 0.02318779132272274 0.18989198777484503 1.2372700954181073 0.6636124448204129 1.2281479618462954 0.28745958583473974 1.08609404983439 0.45676518962954765 0.6510523449913451 1.4148330901421478 2.682539707330721 1.2950906217901978 1.2061997149721144 1.23287703883835 1.1070996971943392 2.050875671608211 0.4196569758006942 1.0590753770139152 1.9387628707739182 0.9728718887708828 0.44300059755466226 0.3492457408946313 1.2975905079166903 0.5658049794410593 1.2495999089314338 0.054312590666252915 0.11311039610893911 0.4446517672881887 0.13987188751126606 1.4490319613349303 1.2454930452373727 1.0889758789506319 1.2987349592831239 1.126051129014669 0.36390531113684227 1.3809436631881893 1.7601947937683988 0.8570989539555398 0.06852615150430046 0.16933321403778853 0.4638278703559172 1.5636151639390254 2.0388480117702286 0.32440842341948606 1.2862837480433367 0.9050185940126059 0.9392553925431115 0.6245808077709426 2.1869249607668695 1.6544726484593666 0.9392698568727221 0.9748658489513539 1.000763804190489 2.462408791562579 0.7143204916983937 1.209457436851293 0.7824864110077715 0.27664060156641557 1.0941764360754722 1.771570696927405 1.317221969019709 0.03269435589902312 0.4255211417950591 0.2024817707428787 0.6756000100302312 1.2483631683809284 0.4244035099029452
FREEZE 1
NORMALS -0.7418414750656311 0.4214668216764112 0.5215716097511757 -0.6839956928091633 0.5539534680079986 0.4746424417394888 -0.7376344739173213 0.09661239066943182 0.6682525187815258 -0.7418414750656311 0.4214668216764112 0.5215716097511757 -0.6839956928091633 0.5539534680079986 0.4746424417394888 -0.7376344739173213 0.09661239066943182 0.6682525187815258 -0.7418414750656311 0.4214668216764112 0.5215716097511757 -0.6839956928091633 0.5539534680079986 0.4746424417394888 -0.7376344739173213 0.09661239066943182 0.6682525187815258 -0.7418414750656311 0.4214668216764112 0.5215716097511757 -0.6839956928091633 0.5539534680079986 0.4746424417394888 -0.7376344739173213 0.09661239066943182 0.6682525187815258 -0.7418414750656311 0.4214668216764112 0.5215716097511757 -0.6839956928091633 0.5539534680079986 0.4746424417394888 -0.7376344739173213 0.09661239066943182 0.6682525187815258 -0.7418414750656311 0.4214668216764112 0.5215716097511757 -0.6839956928091633 0.5539534680079986 0.4746424417394888 -0.7376344739173213 0.09661239066943182 0.6682525187815258 -0.24767101851689013 0.7103242006245424 0.6588615913785771 -0.2951324722916273 0.7380847954412902 0.6067352458341453 -0.356560263820912 0.4976847492026934 0.7906798774946875 -0.24767101851689013 0.7103242006245424 0.6588615913785771 -0.2951324722916273 0.7380847954412902 0.6067352458341453 -0.356560263820912 0.4976847492026934 0.7906798774946875 -0.24767101851689013 0.7103242006245424 0.6588615913785771 -0.2951324722916273 0.7380847954412902 0.6067352458341453 -0.356560263820912 0.4976847492026934 0.7906798774946875 -0.24767101851689013 0.7103242006245424 0.6588615913785771 -0.2951324722916273 0.7380847954412902 0.6067352458341453 -0.356560263820912 0.4976847492026934 0.7906798774946875 -0.24767101851689013 0.7103242006245424 0.6588615913785771 -0.2951324722916273 0.7380847954412902 0.6067352458341453 -0.356560263820912 0.4976847492026934 0.7906798774946875 -0.24767101851689013 0.7103242006245424 0.6588615913785771 -0.2951324722916273 0.7380847954412902 0.6067352458341453 -0.356560263820912 0.4976847492026934 0.7906798774946875 0.5199017827400829 0.4777298711319068 -0.7081499181190204 0.29237674397781044 0.5771958564725705 -0.7624701848936979 0.49335267233960545 0.6423344378704672 -0.586523324873786 0.5199017827400829 0.4777298711319068 -0.7081499181190204 0.29237674397781044 0.5771958564725705 -0.7624701848936979 0.49335267233960545 0.6423344378704672 -0.586523324873786 0.5199017827400829 0.4777298711319068 -0.7081499181190204 0.29237674397781044 0.5771958564725705 -0.7624701848936979 0.49335267233960545 0.6423344378704672 -0.586523324873786 0.5199017827400829 0.4777298711319068 -0.7081499181190204 0.29237674397781044 0.5771958564725705 -0.7624701848936979 0.49335267233960545 0.6423344378704672 -0.586523324873786 0.5199017827400829 0.4777298711319068 -0.7081499181190204 0.29237674397781044 0.5771958564725705 -0.7624701848936979 0.49335267233960545 0.6423344378704672 -0.586523324873786 0.5199017827400829 0.4777298711319068 -0.7081499181190204 0.29237674397781044 0.5771958564725705 -0.7624701848936979 0.49335267233960545 0.6423344378704672 -0.586523324873786 0.9847678468634047 0.1447238856071194 0.09637055939855944 -0.8169710123216063 0.5679495991134476 0.09995808067927316 0.07206677877023217 0.08129248544067016 0.9940814409335691 0.9847678468634047 0.1447238856071194 0.09637055939855944 -0.8169710123216063 0.5679495991134476 0.09995808067927316 0.07206677877023217 0.08129248544067016 0.9940814409335691 0.9847678468634047 0.1447238856071194 0.09637055939855944 -0.8169710123216063 0.5679495991134476 0.09995808067927316 0.07206677877023217 0.08129248544067016 0.9940814409335691 0.9847678468634047 0.1447238856071194 0.09637055939855944 -0.8169710123216063 0.5679495991134476 0.09995808067927316 0.07206677877023217 0.08129248544067016 0.9940814409335691 0.9847678468634047 0.1447238856071194 0.09637055939855944 -0.8169710123216063 0.5679495991134476 0.09995808067927316 0.07206677877023217 0.08129248544067016 0.9940814409335691 0.9847678468634047 0.1447238856071194 0.09637055939855944 -0.8169710123216063 0.5679495991134476 0.09995808067927316 0.07206677877023217 0.08129248544067016 0.9940814409335691 0.3197243939766335 -0.9185308018972096 0.23254564683593557 -0.2788232314884894 -0.9315864739477798 0.2332471803470702 0.12113707040134697 -0.8128663297901646 0.5697140862468179 0.3197243939766335 -0.9185308018972096 0.23254564683593557 -0.2788232314884894 -0.9315864739477798 0.2332471803470702 0.12113707040134697 -0.8128663297901646 0.5697140862468179 0.3197243939766335 -0.9185308018972096 0.23254564683593557 -0.2788232314884894 -0.9315864739477798 0.2332471803470702 0.12113707040134697 -0.8128663297901646 0.5697140862468179 0.3197243939766335 -0.9185308018972096 0.23254564683593557 -0.2788232314884894 -0.9315864739477798 0.2332471803470702 0.12113707040134697 -0.8128663297901646 0.5697140862468179 0.3197243939766335 -0.9185308018972096 0.23254564683593557 -0.2788232314884894 -0.9315864739477798 0.2332471803470702 0.12113707040134697 -0.8128663297901646 0.5697140862468179 0.3197243939766335 -0.9185308018972096 0.23254564683593557 -0.2788232314884894 -0.9315864739477798 0.2332471803470702 0.12113707040134697 -0.8128663297901646 0.5697140862468179 0.733139075204282 -0.6429915654855736 -0.22151510811459643 -0.45105163569745993 -0.8375324470576789 -0.308369619223785 0.734431958549455 -0.5698437115369425 0.3686296823141262 0.733139075204282 -0.6429915654855736 -0.22151510811459643 -0.45105163569745993 -0.8375324470576789 -0.308369619223785 0.734431958549455 -0.5698437115369425 0.3686296823141262 0.733139075204282 -0.6429915654855736 -0.22151510811459643 -0.45105163569745993 -0.8375324470576789 -0.308369619223785 0.734431958549455 -0.5698437115369425 0.3686296823141262 0.733139075204282 -0.6429915654855736 -0.22151510811459643 -0.45105163569745993 -0.8375324470576789 -0.308369619223785 0.734431958549455 -0.5698437115369425 0.3686296823141262 0.733139075204282 -0.6429915654855736 -0.22151510811459643 -0.45105163569745993 -0.8375324470576789 -0.308369619223785 0.734431958549455 -0.5698437115369425 0.3686296823141262 0.733139075204282 -0.6429915654855736 -0.22151510811459643 -0.45105163569745993 -0.8375324470576789 -0.308369619223785 0.734431958549455 -0.5698437115369425 0.3686296823141262
TMASK 1.0 1.0 1.0 1.0 1.0 1.0 1.0 1.0 0.0 0.0 0.0 0.0 0.0 0.0 0.0 0.0 0.0 0.0 0.0 0.0 0.0 0.0 0.0 0.0 0.0 0.0 0.0 0.0 0.0 0.0 0.0 0.0 0.0 0.0 0.0 0.0
COST 19.902576297931397
DCC 3.9294219476648924 -2.2324459267545502 -2.7626858291441034 0.3855854507030864 -0.2190649617940529 -0.2710962260529435 0.03417020132593247 -0.019413320275210724 -0.024024279458777387 0.0 0.0 0.0 0.0 0.0 0.0 0.0 0.0 0.0 0.0 0.0 0.0 0.0 0.0 0.0 0.0 0.0 0.0 0.0 0.0 0.0 0.0 0.0 0.0 0.0 0.0 0.0 -2.8196534093204493 -3.6711273480620012 3.3521506730340107 0.0 0.0 0.0 0.0 0.0 0.0 0.0 0.0 0.0 0.0 0.0 0.0 0.0 0.0 0.0 1.6736767747979047 -16.03138349343571 -18.076706428652535 0.40393569403650337 -5.329460039942966 -1.7852191478678385 0.3099256706878804 -2.1545572845983094 -0.5449729712948773 0.19706957245953066 -0.9036915853313334 -0.22459292556984478 0.10767152725012494 -0.38601846821851704 -0.09454034059413484 0.053950035164547945 -0.1677871058911163 -0.04066807570201149 0.0 0.0 0.0 0.0 0.0 0.0 0.0 0.0 0.0 0.0 0.0 0.0 0.0 0.0 0.0 0.0 0.0 0.0 0.0 0.0 0.0 0.0 0.0 0.0 0.0 0.0 0.0 0.0 0.0 0.0 0.0 0.0 0.0 0.0 0.0 0.0
DTEXP 0.21289776682621397 0.0 0.0 105.62205108902077 0.0 0.0
G 0.07128607142280718 -0.405135739118222 -1.2418843782482547 0.09338828505314667 -0.3800180325395528 -1.2311789594306615 0.12006098879109128 -0.350602066445018 -1.2155419490991046 -2.1237222214438853 -2.6245584628365055 -3.366732484186291 -3.890866232813072 -4.443791940239812 -5.011571135468542 -4.5756414693996454 -5.197774206762856 -5.561430857134791 -4.606051526641531 -5.237225964177437 -5.929746664573182 -5.573599851680382 -6.183743951163465 -6.834818206865625 -5.566716238505804 -6.175975363207304 -6.68368304633487 -4.032384295451821 -4.673140551137783 -4.898849403910991 -2.1476144101362897 -2.8323549677116837 -2.7214841102951794 -0.454261792387729 -1.1833406592233227 -0.7419184440364237 -0.5023818639240352 -0.6491825584302366 0.8638657942937562 -3.6959096027370304 -3.567145935016465 -1.750554929632699 -6.53315904859488 -6.220310516449757 -4.14246770383576 -6.389264422627697 -6.245008387964942 -4.393958999803088 -4.58424247197678 -4.5458596544370575 -2.8988488321000183 -2.2719410625039096 -2.213623819473394 -0.678479465120934 -0.7827199229059594 0.19136009643945906 1.316088229945565 -0.3953112208061802 0.04599272101976126 0.4136575007758121 0.03140339531266534 0.08574046138602243 -0.43943977431556025 0.43606743431595185 0.3765920059111598 -1.1119573738534068 0.7528995303561038 0.8272835995302549 -1.6088992263750743 0.9607861398712354 1.359764687648307 -1.9457686611074148 -2.102798541085135 -2.6251242630707603 -2.6257351076793976 -5.023769245192399 -5.720725606822489 -5.662960042524396 -7.565487344439645 -7.946538920506498 -7.802352761815197 -7.508850476648971 -7.043469925198785 -7.105403685533226 -5.63080530744574 -4.784732898235111 -4.880582868339249 -3.7176977714928565 -2.7545865569423746 -2.824995349330994 -4.503590504264181 -3.6457989017009886 -2.9238790667899366 -3.9916929640832395 -2.8677194346828516 -2.1807904403920317 -3.356572217468635 -2.1247825541356855 -1.3807774602431708 -2.825603251239346 -1.6158366667238118 -0.7808857243880407 -2.82314675330366 -1.5070675052290488 -0.8017333908351154 -2.8182766885139277 -1.3993129964717126 -0.8220631046666802
NRM -0.7418414750656311 0.4214668216764112 0.5215716097511757 -0.6839956928091633 0.5539534680079986 0.4746424417394888 -0.7376344739173213 0.09661239066943182 0.6682525187815258 -0.7418414750656311 0.4214668216764112 0.5215716097511757 -0.6839956928091633 0.5539534680079986 0.4746424417394888 -0.7376344739173213 0.09661239066943182 0.6682525187815258 -0.7418414750656311 0.4214668216764112 0.5215716097511757 -0.6839956928091633 0.5539534680079986 0.4746424417394888 -0.7376344739173213 0.09661239066943182 0.6682525187815258 -0.7418414750656311 0.4214668216764112 0.5215716097511757 -0.6839956928091633 0.5539534680079986 0.4746424417394888 -0.7376344739173213 0.09661239066943182 0.6682525187815258 -0.7418414750656311 0.4214668216764112 0.5215716097511757 -0.6839956928091633 0.5539534680079986 0.4746424417394888 -0.7376344739173213 0.09661239066943182 0.6682525187815258 -0.7418414750656311 0.4214668216764112 0.5215716097511757 -0.6839956928091633 0.5539534680079986 0.4746424417394888 -0.7376344739173213 0.09661239066943182 0.6682525187815258 -0.24767101851689013 0.7103242006245424 0.6588615913785771 -0.2951324722916273 0.7380847954412902 0.6067352458341453 -0.356560263820912 0.4976847492026934 0.7906798774946875 -0.24767101851689013 0.7103242006245424 0.6588615913785771 -0.2951324722916273 0.7380847954412902 0.6067352458341453 -0.356560263820912 0.4976847492026934 0.7906798774946875 -0.24767101851689013 0.7103242006245424 0.6588615913785771 -0.2951324722916273 0.7380847954412902 0.6067352458341453 -0.356560263820912 0.4976847492026934 0.7906798774946875 -0.24767101851689013 0.7103242006245424 0.6588615913785771 -0.2951324722916273 0.7380847954412902 0.6067352458341453 -0.356560263820912 0.4976847492026934 0.7906798774946875 -0.24767101851689013 0.7103242006245424 0.6588615913785771 -0.2951324722916273 0.7380847954412902 0.6067352458341453 -0.356560263820912 0.4976847492026934 0.7906798774946875 -0.24767101851689013 0.7103242006245424 0.6588615913785771 -0.2951324722916273 0.7380847954412902 0.6067352458341453 -0.356560263820912 0.4976847492026934 0.7906798774946875 0.5199017827400829 0.4777298711319068 -0.7081499181190204 0.29237674397781044 0.5771958564725705 -0.7624701848936979 0.49335267233960545 0.6423344378704672 -0.586523324873786 0.5199017827400829 0.4777298711319068 -0.7081499181190204 0.29237674397781044 0.5771958564725705 -0.7624701848936979 0.49335267233960545 0.6423344378704672 -0.586523324873786 0.5199017827400829 0.4777298711319068 -0.7081499181190204 0.29237674397781044 0.5771958564725705 -0.7624701848936979 0.49335267233960545 0.6423344378704672 -0.586523324873786 0.5199017827400829 0.4777298711319068 -0.7081499181190204 0.29237674397781044 0.5771958564725705 -0.7624701848936979 0.49335267233960545 0.6423344378704672 -0.586523324873786 0.5199017827400829 0.4777298711319068 -0.7081499181190204 0.29237674397781044 0.5771958564725705 -0.7624701848936979 0.49335267233960545 0.6423344378704672 -0.586523324873786 0.5199017827400829 0.4777298711319068 -0.7081499181190204 0.29237674397781044 0.5771958564725705 -0.7624701848936979 0.49335267233960545 0.6423344378704672 -0.586523324873786 0.9847678468634047 0.1447238856071194 0.09637055939855944 -0.8169710123216063 0.5679495991134476 0.09995808067927316 0.07206677877023217 0.08129248544067016 0.9940814409335691 0.9847678468634047 0.1447238856071194 0.09637055939855944 -0.8169710123216063 0.5679495991134476 0.09995808067927316 0.07206677877023217 0.08129248544067016 0.9940814409335691 0.9847678468634047 0.1447238856071194 0.09637055939855944 -0.8169710123216063 0.5679495991134476 0.09995808067927316 0.07206677877023217 0.08129248544067016 0.9940814409335691 0.9847678468634047 0.1447238856071194 0.09637055939855944 -0.8169710123216063 0.5679495991134476 0.09995808067927316 0.07206677877023217 0.08129248544067016 0.9940814409335691 0.9847678468634047 0.1447238856071194 0.09637055939855944 -0.8169710123216063 0.5679495991134476 0.09995808067927316 0.07206677877023217 0.08129248544067016 0.9940814409335691 0.9847678468634047 0.1447238856071194 0.09637055939855944 -0.8169710123216063 0.5679495991134476 0.09995808067927316 0.07206677877023217 0.08129248544067016 0.9940814409335691 0.3197243939766335 -0.9185308018972096 0.23254564683593557 -0.2788232314884894 -0.9315864739477798 0.2332471803470702 0.12113707040134697 -0.8128663297901646 0.5697140862468179 0.3197243939766335 -0.9185308018972096 0.23254564683593557 -0.2788232314884894 -0.9315864739477798 0.2332471803470702 0.12113707040134697 -0.8128663297901646 0.5697140862468179 0.3197243939766335 -0.9185308018972096 0.23254564683593557 -0.2788232314884894 -0.9315864739477798 0.2332471803470702 0.12113707040134697 -0.8128663297901646 0.5697140862468179 0.3197243939766335 -0.9185308018972096 0.23254564683593557 -0.2788232314884894 -0.9315864739477798 0.2332471803470702 0.12113707040134697 -0.8128663297901646 0.5697140862468179 0.3197243939766335 -0.9185308018972096 0.23254564683593557 -0.2788232314884894 -0.9315864739477798 0.2332471803470702 0.12113707040134697 -0.8128663297901646 0.5697140862468179 0.3197243939766335 -0.9185308018972096 0.23254564683593557 -0.2788232314884894 -0.9315864739477798 0.2332471803470702 0.12113707040134697 -0.8128663297901646 0.5697140862468179 0.733139075204282 -0.6429915654855736 -0.22151510811459643 -0.45105163569745993 -0.8375324470576789 -0.308369619223785 0.734431958549455 -0.5698437115369425 0.3686296823141262 0.733139075204282 -0.6429915654855736 -0.22151510811459643 -0.45105163569745993 -0.8375324470576789 -0.308369619223785 0.734431958549455 -0.5698437115369425 0.3686296823141262 0.733139075204282 -0.6429915654855736 -0.22151510811459643 -0.45105163569745993 -0.8375324470576789 -0.308369619223785 0.734431958549455 -0.5698437115369425 0.3686296823141262 0.733139075204282 -0.6429915654855736 -0.22151510811459643 -0.45105163569745993 -0.8375324470576789 -0.308369619223785 0.734431958549455 -0.5698437115369425 0.3686296823141262 0.733139075204282 -0.6429915654855736 -0.22151510811459643 -0.45105163569745993 -0.8375324470576789 -0.308369619223785 0.734431958549455 -0.5698437115369425 0.3686296823141262 0.733139075204282 -0.6429915654855736 -0.22151510811459643 -0.45105163569745993 -0.8375324470576789 -0.308369619223785 0.734431958549455 -0.5698437115369425 0.3686296823141262
DIST 1.517704184941345 1.8620089410879195 2.640539508188179 1.4910086238305977 1.8289236458012321 2.630837819911437 1.4622409106732674 1.7933980653275623 2.6177902495392074 3.095005003031319 3.5983685258280897 4.329176107278543 5.082106454580799 5.611904202466366 6.1842580929078785 5.995313223871702 6.548133755078676 6.993661596196533 5.848826831378507 6.454221869835245 7.081177528012024 6.7356218763015905 7.334589305040603 7.889719736867255 6.617549269955925 7.22422107570944 7.67413148089897 4.991665224480288 5.632394584418806 5.858174177614556 3.3488327585405493 4.029378545296838 3.748119088702544 2.753308782529692 3.3755525970974998 2.1827681800587317 2.403820425661293 2.8447861258659013 2.2853051072082016 4.669536295099035 4.539009326039825 2.732408616919641 7.802578507876707 7.563028176543609 5.753533641925824 7.3678734049403785 7.224282654390955 5.433298352394226 5.632606646308124 5.5831411014358725 3.9368104208915273 3.430289776386064 3.420029728422824 2.10172617284457 3.3009521597446834 3.0877975128967936 2.103163100530904 2.2850583291602824 2.1438986175176438 1.6654285783701257 1.2425709930776998 1.1954346333427777 1.6198134907277721 0.7393203252204147 0.805162683129091 2.102318033294323 1.439862610552562 1.538339622160228 2.9476663482323398 2.4812277812644057 2.534873372203597 3.8576941695413556 3.229968718221295 4.06963021247099 4.094175117640397 6.3073909508538915 6.904970778394925 6.866580497345407 8.720964745211159 8.942023449595782 8.84344544898607 8.474758425474484 8.125326547297961 8.149905176720974 6.740523055678362 5.982287936747987 6.045710918660413 5.188953928303888 4.074752175496273 4.1367948354604245 5.744556433045585 4.888995136473356 4.204080080312726 5.005364992633942 3.9119486834845656 3.2242958029974496 4.319767578081488 3.095268135079053 2.3433034589469193 3.8537254823824836 2.6530560655605773 1.8058632437372906 3.863920277393125 2.5452643813080487 1.8518945740351838 3.8738517863464605 2.4381867367929604 1.9008789563599306
RARR 1.4737463672225202 1.3209780757311902 1.4919510138669025 1.4737463672225202 1.3209780757311902 1.4919510138669025 1.4737463672225202 1.3209780757311902 1.4919510138669025 1.4737463672225202 1.3209780757311902 1.4919510138669025 1.4737463672225202 1.3209780757311902 1.4919510138669025 1.4737463672225202 1.3209780757311902 1.4919510138669025 1.4737463672225202 1.3209780757311902 1.4919510138669025 1.4737463672225202 1.3209780757311902 1.4919510138669025 1.4737463672225202 1.3209780757311902 1.4919510138669025 1.4737463672225202 1.3209780757311902 1.4919510138669025 1.4737463672225202 1.3209780757311902 1.4919510138669025 1.4737463672225202 1.3209780757311902 1.4919510138669025 1.4737463672225202 1.3209780757311902 1.4919510138669025 1.4737463672225202 1.3209780757311902 1.4919510138669025 1.4737463672225202 1.3209780757311902 1.4919510138669025 1.4737463672225202 1.3209780757311902 1.4919510138669025 1.4737463672225202 1.3209780757311902 1.4919510138669025 1.4737463672225202 1.3209780757311902 1.4919510138669025 1.4737463672225202 1.3209780757311902 1.4919510138669025 1.4737463672225202 1.3209780757311902 1.4919510138669025 1.4737463672225202 1.3209780757311902 1.4919510138669025 1.4737463672225202 1.3209780757311902 1.4919510138669025 1.4737463672225202 1.3209780757311902 1.4919510138669025 1.4737463672225202 1.3209780757311902 1.4919510138669025 1.4737463672225202 1.3209780757311902 1.4919510138669025 1.4737463672225202 1.3209780757311902 1.4919510138669025 1.4737463672225202 1.3209780757311902 1.4919510138669025 1.4737463672225202 1.3209780757311902 1.4919510138669025 1.4737463672225202 1.3209780757311902 1.4919510138669025 1.4737463672225202 1.3209780757311902 1.4919510138669025 1.4737463672225202 1.3209780757311902 1.4919510138669025 1.4737463672225202 1.3209780757311902 1.4919510138669025 1.4737463672225202 1.3209780757311902 1.4919510138669025 1.4737463672225202 1.3209780757311902 1.4919510138669025 1.4737463672225202 1.3209780757311902 1.4919510138669025 1.4737463672225202 1.3209780757311902 1.4919510138669025
DGDT 0.0 0.0 0.0 0.0 0.0 0.0 0.0 0.0 0.0 0.0 0.0 0.0 0.0 0.0 0.0 0.0 0.0 0.0 0.0 0.0 0.0 0.0 0.0 0.0 0.0 0.0 0.0 0.0 0.0 0.0 0.0 0.0 0.0 0.0 0.0 0.0 0.0 0.0 0.0 0.0 0.0 0.0 0.0 0.0 0.0 0.0 0.0 0.0 0.0 0.0 0.0 0.0 0.0 0.0 0.0 0.0 0.0 0.0 0.0 0.0 0.0 0.0 0.0 0.0 0.0 0.0 0.0 0.0 0.0 0.0 0.0 0.0 0.0 0.0 0.0 0.0 0.0 0.0 0.0 0.0 0.0 0.0 0.0 0.0 0.0 0.0 0.0 0.0 0.0 0.0 0.0 0.0 0.0 0.0 0.0 0.0 0.0 0.0 0.0 0.0 0.0 0.0 0.0 0.0 0.0 0.0 0.0 0.0
TRUST 1.0 1.0 1.0 1.0 1.0 1.0 1.0 1.0 1.0 1.0 1.0 1.0 1.0 1.0 1.0 1.0 1.0 1.0 1.0 1.0 1.0 1.0 1.0 1.0 1.0 1.0 1.0 1.0 1.0 1.0 1.0 1.0 1.0 1.0 1.0 1.0 1.0 1.0 1.0 1.0 1.0 1.0 1.0 1.0 1.0 1.0 1.0 1.0 1.0 1.0 1.0 1.0 1.0 1.0 1.0 1.0 1.0 1.0 1.0 1.0 1.0 1.0 1.0 1.0 1.0 1.0 1.0 1.0 1.0 1.0 1.0 1.0 1.0 1.0 1.0 1.0 1.0 1.0 1.0 1.0 1.0 1.0 1.0 1.0 1.0 1.0 1.0 1.0 1.0 1.0 1.0 1.0 1.0 1.0 1.0 1.0 1.0 1.0 1.0 1.0 1.0 1.0 1.0 1.0 1.0 1.0 1.0 1.0
END
CASE
NAME fuzz8_M4
M 4
T 1.3105396978880615 1.363142788570681 0.5357530040641625 0.6180971384689764
START 3.4383297990777075 -1.859837296403109 -1.14425901208209
GOAL 2.938657945460351 1.4198290432039542 -3.2029610326045255
Q -0.016262710628245358 0.28334534482339535 3.2613977269896433 -2.116653253273748 -1.662738186669948 3.729095557082367 -3.5581108987618224 3.9635170797382733 2.771020506048737
V0 0.30406134494469644 -0.558626022216389 -0.3911848800252611
A0 -0.020575028382434864 -0.3993047983782137 -0.026811729486314315
VF -0.24550066319442326 0.3330712005511604 0.08573989611789012
AF 0.3338228498876389 0.20997066304780002 0.512134546583366
AVOID_OVERRIDE _
TAU_TRUST 1.6786258904935742
SPACETIME_HARD 1
Q_CONFORMAL 0.02198737104287725
EPSILON_TRACK 0.0
SAFETY_MODE deterministic
REACH_MODEL accel
A_MAX_HUMAN 1.4898934763967768
V_MAX_HUMAN 0.9431580761568434
EST_POS_ERR 0.02037837302681893
EST_VEL_ERR 0.34046118568975015
NCLASS 1
CLASS0 human 0.8
H 2
OBS0_KIND sphere
OBS0_C0 4.062554698858179 -0.18970013735413827 -2.8423345636569985
OBS0_R 0.5327147213675791
OBS0_VEL -0.2641856382718522 0.8361577162640279 -0.38981085347271305
OBS0_ACC 0.0 0.0 0.0
OBS0_CLASS human
OBS1_KIND sphere
OBS1_C0 3.885930186961282 0.35681001772176035 -2.97238046698799
OBS1_R 0.475107963666211
OBS1_VEL 0.3782278734714904 0.3786498341845277 -0.14248780710577907
OBS1_ACC 0.0 0.0 0.0
OBS1_CLASS human
RHO 20.350613081298864
NC 48
LAM 3.982794615598224 3.032379817172892 4.312659449545571 4.0161479017148825 0.6752949385199979 3.451878892814891 2.6071513000050017 4.642898857841351 4.077322367317443 0.8950402734064221 3.4938246926045893 3.093975560395457 0.9277539456451974 3.9828843318817753 1.250195866164281 0.5535801726595692 1.334970208649135 0.24373571866930702 1.5587223295579349 0.7431694001046417 3.45638602869451 1.3625647426861276 2.927539626758693 1.077877676718724 2.551126808035644 4.198376462946663 4.969140423262484 3.2779652029813637 6.584055713565734 3.840943850590406 0.025249166899068327 0.8806830976325143 1.037331267661331 1.860082563850627 1.579215629151392 2.415030296899882 0.2740537657300412 1.5860587543488425 0.32277401874096956 2.6941324494762284 4.955215410856779 0.7261966307553559 0.6112360443845806 0.03445283514164681 4.887621602836924 0.36744793542797993 1.9041578122531084 2.145405249418346
FREEZE 1
NORMALS -0.2535222569131693 -0.6783083181487185 0.6896551970223308 -0.1539254913142879 -0.7622838052274351 0.62867347916994 -0.17310418613248083 -0.759012794060017 0.6276420310946499 -0.15233659443711728 -0.8053526922323505 0.5728879498727532 -0.10420512418033397 -0.8204493741289879 0.562142434429134 -0.14945895495303954 -0.8441101798184303 0.5149174934989513 -0.5451223845627445 0.06126823833552037 0.8361146983637407 -0.5941256648154863 0.03015060058494109 0.8038069641972031 -0.5255035205901463 0.08139442682721876 0.8468890111040704 -0.5827861170440318 0.07378865971580892 0.8092685434873177 -0.46473095905005074 -0.10644362507771332 0.8790306538345153 -0.5438888570506477 -0.09389129716076744 0.833888083314307 -0.4647309590500507 -0.10644362507771318 0.8790306538345153 -0.5438888570506477 -0.0938912971607673 0.833888083314307 -0.39597795981101935 -0.2680305959077422 0.8782716293956235 -0.4955628428236708 -0.2404409255595467 0.8346290374343506 -0.20988885930450024 -0.6059509127239542 0.7673135982822556 -0.33771700517193026 -0.579232906392585 0.7419140547055982 0.02136405738681335 -0.8767211611566826 0.48052427892048394 -0.10184429515342343 -0.8792254071124808 0.46539276211883085 -0.2654642144762651 -0.7084335426019429 0.6539500489708375 -0.41648082537584447 -0.6652741997822099 0.6196401868813834 -0.5315347841049926 -0.3679466898679365 0.7629456118896598 -0.6674048429050432 -0.2888220311978393 0.6864055725018912 -0.5315347841049928 -0.3679466898679361 0.7629456118896599 -0.6674048429050433 -0.2888220311978389 0.6864055725018912 -0.605177004079181 -0.21989140772186114 0.7651199661124033 -0.7229898977285474 -0.1418827995447858 0.6761322939897183 -0.6577598235183764 -0.06852867999761728 0.7501038825275194 -0.7572493880989655 0.0016000555032617601 0.653123881086987 -0.6852157270806273 0.054358284438530885 0.7263088766318825 -0.7728431630611375 0.11612784939087273 0.623881212976883 -0.6932549333104263 0.11574099769183112 0.7113379076740224 -0.7820580250221315 0.17779497223102755 0.5973057787664968 -0.6931360327916931 0.13549134622955147 0.7079580037987401 -0.7933374620477458 0.20641735972344993 0.572719429490952 -0.6931360327916933 0.13549134622955245 0.7079580037987396 -0.7933374620477459 0.2064173597234507 0.5727194294909516 -0.6921735810622697 0.17210616436346815 0.7009102666301361 -0.8101506082367549 0.25585510953798596 0.5274411387983697 -0.6622470753227017 0.06920164218364037 0.7460830677247778 -0.8608572887734753 0.23202102157556687 0.45286970964352624 -0.0371652291270831 -0.8259406901476437 0.5625306410342157 -0.975549174986599 -0.1826851293020028 0.12218817747587726 -0.03838241754999607 -0.8254016200672918 0.5632396964111351 -0.9756583531837033 -0.18004550310964074 0.12519742278841134 -0.035282359292270936 -0.8212206295267515 0.5695189485543541 -0.9752775690110934 -0.175986939406427 0.13364976820844282
TMASK 1.0 1.0 1.0 1.0 1.0 1.0 1.0 1.0 0.0 0.0 0.0 0.0 0.0 0.0 0.0 0.0 0.0 0.0 0.0 0.0 0.0 0.0 0.0 0.0
COST 92.75663521107822
DCC 26.623456320833412 117.74989527697768 -94.05413993599619 4.903919868539742 28.225764170088816 -19.756167248010353 0.8473495074014673 5.654262750535937 -3.6800996686921765 0.0 0.0 0.0 0.0 0.0 0.0 0.0 0.0 0.0 0.0 0.0 0.0 0.0 0.0 0.0 0.0 0.0 0.0 0.0 0.0 0.0 0.0 0.0 0.0 0.0 0.0 0.0 0.0 0.0 0.0 0.0 0.0 0.0 0.0 0.0 0.0 0.0 0.0 0.0 0.0 0.0 0.0 0.0 0.0 0.0 0.0 0.0 0.0 0.0 0.0 0.0 0.0 0.0 0.0 0.0 0.0 0.0 0.0 0.0 0.0 0.0 0.0 0.0
DTEXP -24.7355578813026 0.0 0.0 0.0
G 1.5614902489512854 1.0581900186994133 1.3307303894217317 0.9019490693365726 1.0383652794356268 0.7053239118273127 -1.662398282874074 -1.848827895447501 -3.5293594663379855 -3.763130457038333 -3.591673004736462 -3.8333426641678114 -3.5916730047364522 -3.8333426641678026 -3.998171350407035 -4.174282850453452 -1000000000.0 -1000000000.0 -1000000000.0 -1000000000.0 -1000000000.0 -1000000000.0 -1000000000.0 -1000000000.0 -1000000000.0 -1000000000.0 -1000000000.0 -1000000000.0 -1000000000.0 -1000000000.0 -1000000000.0 -1000000000.0 -1000000000.0 -1000000000.0 -1000000000.0 -1000000000.0 -1000000000.0 -1000000000.0 -1000000000.0 -1000000000.0 -1000000000.0 -1000000000.0 -1000000000.0 -1000000000.0 -1000000000.0 -1000000000.0 -1000000000.0 -1000000000.0
NRM -0.2535222569131693 -0.6783083181487185 0.6896551970223308 -0.1539254913142879 -0.7622838052274351 0.62867347916994 -0.17310418613248083 -0.759012794060017 0.6276420310946499 -0.15233659443711728 -0.8053526922323505 0.5728879498727532 -0.10420512418033397 -0.8204493741289879 0.562142434429134 -0.14945895495303954 -0.8441101798184303 0.5149174934989513 -0.5451223845627445 0.06126823833552037 0.8361146983637407 -0.5941256648154863 0.03015060058494109 0.8038069641972031 -0.5255035205901463 0.08139442682721876 0.8468890111040704 -0.5827861170440318 0.07378865971580892 0.8092685434873177 -0.46473095905005074 -0.10644362507771332 0.8790306538345153 -0.5438888570506477 -0.09389129716076744 0.833888083314307 -0.4647309590500507 -0.10644362507771318 0.8790306538345153 -0.5438888570506477 -0.0938912971607673 0.833888083314307 -0.39597795981101935 -0.2680305959077422 0.8782716293956235 -0.4955628428236708 -0.2404409255595467 0.8346290374343506 -0.20988885930450024 -0.6059509127239542 0.7673135982822556 -0.33771700517193026 -0.579232906392585 0.7419140547055982 0.02136405738681335 -0.8767211611566826 0.48052427892048394 -0.10184429515342343 -0.8792254071124808 0.46539276211883085 -0.2654642144762651 -0.7084335426019429 0.6539500489708375 -0.41648082537584447 -0.6652741997822099 0.6196401868813834 -0.5315347841049926 -0.3679466898679365 0.7629456118896598 -0.6674048429050432 -0.2888220311978393 0.6864055725018912 -0.5315347841049928 -0.3679466898679361 0.7629456118896599 -0.6674048429050433 -0.2888220311978389 0.6864055725018912 -0.605177004079181 -0.21989140772186114 0.7651199661124033 -0.7229898977285474 -0.1418827995447858 0.6761322939897183 -0.6577598235183764 -0.06852867999761728 0.7501038825275194 -0.7572493880989655 0.0016000555032617601 0.653123881086987 -0.6852157270806273 0.054358284438530885 0.7263088766318825 -0.7728431630611375 0.11612784939087273 0.623881212976883 -0.6932549333104263 0.11574099769183112 0.7113379076740224 -0.7820580250221315 0.17779497223102755 0.5973057787664968 -0.6931360327916931 0.13549134622955147 0.7079580037987401 -0.7933374620477458 0.20641735972344993 0.572719429490952 -0.6931360327916933 0.13549134622955245 0.7079580037987396 -0.7933374620477459 0.2064173597234507 0.5727194294909516 -0.6921735810622697 0.17210616436346815 0.7009102666301361 -0.8101506082367549 0.25585510953798596 0.5274411387983697 -0.6622470753227017 0.06920164218364037 0.7460830677247778 -0.8608572887734753 0.23202102157556687 0.45286970964352624 -0.0371652291270831 -0.8259406901476437 0.5625306410342157 -0.975549174986599 -0.1826851293020028 0.12218817747587726 -0.03838241754999607 -0.8254016200672918 0.5632396964111351 -0.9756583531837033 -0.18004550310964074 0.12519742278841134 -0.035282359292270936 -0.8212206295267515 0.5695189485543541 -0.9752775690110934 -0.175986939406427 0.13364976820844282
DIST 1.9294947405585454 2.4327949708104173 2.160293187240266 2.589049932168674 2.452747419756217 2.785718424542721 5.157532219587989 5.342815497791734 7.0281042041596455 7.25995963264772 7.087846371895902 7.328024055137727 7.087846371895893 7.3280240551377185 7.490229011928646 7.666231342372459 7.8851790219758495 7.738804848930762 10.67194884543985 10.112314477178801 9.466140359373666 9.250734631881828 9.550646031098562 9.943513078061804 9.550646031098564 9.943513078061807 10.315001104400636 10.945143732516062 11.276867253002031 12.127460940305689 11.897085561402907 12.92311040655253 11.037163044301643 12.175563413202827 9.22180703060453 10.439456830456631 9.221807030604538 10.43945683045664 7.129700797336161 8.461559741936277 3.760030769422449 5.132637325699033 1.2558493586513029 1.8056662312844336 1.3382815983503682 1.891203764717347 1.4227082657949235 1.9711339324950543
RARR 4.02369971087741 3.966092953176042 4.02369971087741 3.966092953176042 4.02369971087741 3.966092953176042 4.02369971087741 3.966092953176042 4.02369971087741 3.966092953176042 4.02369971087741 3.966092953176042 4.02369971087741 3.966092953176042 4.02369971087741 3.966092953176042 4.02369971087741 3.966092953176042 4.02369971087741 3.966092953176042 4.02369971087741 3.966092953176042 4.02369971087741 3.966092953176042 4.02369971087741 3.966092953176042 4.02369971087741 3.966092953176042 4.02369971087741 3.966092953176042 4.02369971087741 3.966092953176042 4.02369971087741 3.966092953176042 4.02369971087741 3.966092953176042 4.02369971087741 3.966092953176042 4.02369971087741 3.966092953176042 4.02369971087741 3.966092953176042 4.02369971087741 3.966092953176042 4.02369971087741 3.966092953176042 4.02369971087741 3.966092953176042
DGDT -0.7690308759205668 -0.436435853136262 -0.8335844404118163 -0.4441941572343763 -0.8776247998772158 -0.4495211868139497 -0.13068316882211822 -0.32783105853075795 -0.12323746716145967 -0.30779679009337735 -0.3088841028144269 -0.3600847342714975 -0.3088841028144268 -0.36008473427149745 -0.4618639743444226 -0.39740305809780796 0.0 0.0 0.0 0.0 0.0 0.0 0.0 0.0 0.0 0.0 0.0 0.0 0.0 0.0 0.0 0.0 0.0 0.0 0.0 0.0 0.0 0.0 0.0 0.0 0.0 0.0 0.0 0.0 0.0 0.0 0.0 0.0
TRUST 1.0 1.0 1.0 1.0 1.0 1.0 1.0 1.0 1.0 1.0 1.0 1.0 1.0 1.0 1.0 1.0 0.0 0.0 0.0 0.0 0.0 0.0 0.0 0.0 0.0 0.0 0.0 0.0 0.0 0.0 0.0 0.0 0.0 0.0 0.0 0.0 0.0 0.0 0.0 0.0 0.0 0.0 0.0 0.0 0.0 0.0 0.0 0.0
END
CASE
NAME fuzz9_M1
M 1
T 0.81970644566585
START -0.41036989041425276 2.475938287606602 -0.9821051922146058
GOAL -3.0386972368583756 -3.682198778673542 -1.9263790648957686
Q 
V0 0.011235588450967235 0.33514019281089147 0.10263830238313908
A0 0.2230600633231956 -0.31711294357213693 -0.07034615654231599
VF -0.33985817123936823 0.22205956270450447 0.6206874503351243
AF -0.12213156664045173 -0.4350256596760522 -0.14650664154289209
AVOID_OVERRIDE hard
TAU_TRUST 1.8486021644778146
SPACETIME_HARD 1
Q_CONFORMAL 0.12111812520411061
EPSILON_TRACK 0.04416517887779784
SAFETY_MODE deterministic
REACH_MODEL accel
A_MAX_HUMAN 0.5155054237423693
V_MAX_HUMAN 0.7438652427022783
EST_POS_ERR 0.001106478464963656
EST_VEL_ERR 0.32759512560621384
NCLASS 2
CLASS0 human 0.8
CLASS1 wall 0.4
H 2
OBS0_KIND aabb
OBS0_LO -2.0515420939079987 -0.838727304471946 -1.514256687844088
OBS0_HI -1.1654414593044313 -0.4196333886092597 -0.8938586197601097
OBS0_CLASS wall
OBS1_KIND sphere
OBS1_C0 -1.2727463671024368 -0.7132297796950919 -0.8480003578982183
OBS1_R 0.315858116555363
OBS1_VEL 0.7261199330594901 -0.6413924603553858 0.3557958165222746
OBS1_ACC -0.16118927741968214 0.33394050225127714 -0.007867930806325597
OBS1_CLASS human
RHO 32.548232825949384
NC 12
LAM 1.2509223158338743 0.3785293358286679 2.692324975220779 3.594017626178 5.9583518818800485 0.03694929497530607 1.4297915045595868 1.0861167216707184 0.91018551122304 2.008436142033484 2.8211271232587154 6.161192965308313
FREEZE 1
NORMALS -0.2920293930621671 0.10161633704750446 -0.9509957695136139 0.26081811354803 0.9645355846156758 -0.04055881723304263 -0.2920293930621671 0.10161633704750446 -0.9509957695136139 0.22110175370259272 0.9739520942049464 -0.050312351400395736 -0.2920293930621671 0.10161633704750446 -0.9509957695136139 0.18725359384977905 0.9804718777667999 -0.06009150105287244 -0.2920293930621671 0.10161633704750446 -0.9509957695136139 -0.5334879433732029 -0.7528913757514002 -0.3854156076167571 -0.2920293930621671 0.10161633704750446 -0.9509957695136139 -0.5759138468902741 -0.7260849666404381 -0.37566456071713744 -0.2920293930621671 0.10161633704750446 -0.9509957695136139 -0.6146212673690383 -0.6996126466992607 -0.36439380109454733
TMASK 1.0 1.0 1.0 1.0 1.0 1.0
COST -1.711033810108007
DCC 0.0 0.0 0.0 0.0 0.0 0.0 0.0 0.0 0.0 0.0 0.0 0.0 0.0 0.0 0.0 0.0 0.0 0.0
DTEXP 0.0
G -2.5482366000031416 -0.6588797281533081 -2.6018907678499743 -0.7841700931468991 -2.6471117087296285 -0.8990105277599647 -2.6782271765940147 -1.0744995667917476 -2.6259057753689046 -1.0509145583542128 -2.593868750247836 -1.0564445814435515
NRM 0.2523296083497687 0.967641343034728 0.0 0.26081811354803 0.9645355846156758 -0.04055881723304263 0.24848970569897602 0.9686345369444744 0.0 0.22110175370259272 0.9739520942049464 -0.050312351400395736 0.24787473311798358 0.9687920915664456 0.0 0.18725359384977905 0.9804718777667999 -0.06009150105287244 -0.28177903135389604 -0.9386699989402607 -0.19874408312891004 -0.5334879433732029 -0.7528913757514002 -0.3854156076167571 -0.3033931039758348 -0.93804874483182 -0.1673833228830026 -0.5759138468902741 -0.7260849666404381 -0.37566456071713744 -0.32493223116652026 -0.9359577741845708 -0.13565430362731165 -0.6146212673690383 -0.6996126466992607 -0.36439380109454733
DIST 2.9924017788809394 2.9905705089602357 3.046055946727772 3.1158819100386186 3.0912768876074264 3.2307641683928385 3.1223923554718125 3.4063574686797478 3.0700709542467024 3.3828492980844533 3.0380339291256337 3.388477168608099
RARR 0.4441651788777979 2.6475488973622903 0.4441651788777979 2.6475488973622903 0.4441651788777979 2.6475488973622903 0.4441651788777979 2.6475488973622903 0.4441651788777979 2.6475488973622903 0.4441651788777979 2.6475488973622903
DGDT 0.0 -0.44369127806137876 0.0 -0.4344973071083007 0.0 -0.41666548017125443 0.0 -0.12147685008884868 0.0 -0.18232614677413722 0.0 -0.23516073276330507
TRUST 1.0 1.0 1.0 1.0 1.0 1.0 1.0 1.0 1.0 1.0 1.0 1.0
END
CASE
NAME fuzz10_M6
M 6
T 1.1290287389489502 0.48065466031190496 0.5842978271649579 1.073665083066404 1.2283281295127417 0.41524055882745503
START -3.1757958043478967 -0.6165061883145233 -1.9082590957238335
GOAL -2.6443309761848806 2.308873206947953 2.7768739254987107
Q -1.5778690063578473 -0.6921262588980399 3.0269551657224687 -1.0867480415889785 3.8086354583954227 -1.2457907248033013 3.6385913772496234 0.8254792630117347 -1.6428298205833949 -0.5848031419699717 3.085171002030238 3.3587240752325416 1.6640201056944113 2.7598000422523556 -1.5846147152972643
V0 -0.015888056302305865 -1.0205449590603004 -0.42146850040369666
A0 -0.07959330418021576 -0.2967269945592598 -0.06453643766585021
VF 0.5307118464914992 -0.6652678915453973 0.38578350762041036
AF -0.14016036090368356 0.09616391533952717 -0.28092649209669635
AVOID_OVERRIDE _
TAU_TRUST 2.217370862426495
SPACETIME_HARD 1
Q_CONFORMAL 0.0
EPSILON_TRACK 0.2037894404616886
SAFETY_MODE conformal
REACH_MODEL speed
A_MAX_HUMAN 0.6144018912625488
V_MAX_HUMAN 2.7149680451702243
EST_POS_ERR 0.15079264241005907
EST_VEL_ERR 0.16270796254681513
NCLASS 1
CLASS0 human 0.8
H 2
OBS0_KIND sphere
OBS0_C0 -3.261003742660222 0.7150408745656474 -0.41720531243842984
OBS0_R 0.33364642822378326
OBS0_VEL 0.42741449482180993 1.1483251934559748 -0.16118014391448843
OBS0_ACC 0.0 0.0 0.0
OBS0_CLASS human
OBS1_KIND sphere
OBS1_C0 -3.872787195970957 1.152418300037472 0.28264604736446275
OBS1_R 0.3389254832185389
OBS1_VEL 0.17934078650928398 0.27753699773460755 -0.12205822541261287
OBS1_ACC 0.0 0.0 0.0
OBS1_CLASS human
RHO 11.83694886089624
NC 72
LAM 1.7906687716774172 1.2148895500113948 3.623960238458695 2.00301856780879 0.6776971613295732 1.3663821219372336 0.5665583339194806 0.3997858951033049 1.2448870520089843 1.1212693924977635 1.7668628616300983 0.9291667480387543 1.7207925188194768 0.4099553553762845 1.1058083846564841 2.065102026186958 0.044265374582425514 0.39993529070443495 0.9569881913114545 0.3947720873811049 2.644510879254309 0.0016332954650505546 0.9496406488099994 0.6112558522671331 1.1200758871617242 1.1643501812363397 0.6202651539899433 0.7060465289713517 0.9714973415925585 0.3244266760149791 1.18419582553548 2.124128684482465 0.6303308685217844 0.8757953869200791 0.5767061759442368 0.15612656607633543 0.272826496018187 0.6731203250181446 0.44259017441279763 0.7596118644357748 1.712305027586179 0.3141419100199165 0.1649705368847532 0.4475148206386691 0.32926721249776003 0.2580179907498424 0.7830209415913013 0.9157092106271244 1.0705641700558193 0.34843840854377645 1.972558714682066 0.8649923660946657 1.810047657236149 0.8885141139253402 1.5324922593333683 1.4822809573192457 1.2560614701398 0.3469051235930151 1.5477033978615096 0.1275443658995893 1.2740052679333742 0.3894593589041035 1.6551210888264802 0.3503502998920866 2.624677457394516 0.7202472553680617 0.9387297881354264 1.0475031370770618 1.2278908475652663 1.1394089993327943 0.40024203559510807 1.6080783805405257
FREEZE 0
COST -4.368619087317679
DCC 0.0 0.0 0.0 0.0 0.0 0.0 0.0 0.0 0.0 0.0 0.0 0.0 0.0 0.0 0.0 0.0 0.0 0.0 -1.0782022793503476 -1.1044548837934924 -0.32822048465698345 -0.4145943602629304 -0.4246891095996685 -0.12620856444816897 -0.14945753354955776 -0.1530965997845955 -0.04549705100496586 -0.04789164001287855 -0.04905772944291495 -0.014578913063990187 -0.011509669981085088 -0.011789913140528812 -0.003503711253244499 0.0 0.0 0.0 0.0 0.0 0.0 0.0 0.0 0.0 0.0 0.0 0.0 0.0 0.0 0.0 0.0 0.0 0.0 0.0 0.0 0.0 0.0 0.0 0.0 0.0 0.0 0.0 0.0 0.0 0.0 0.0 0.0 0.0 0.0 0.0 0.0 0.0 0.0 0.0 0.0 0.0 0.0 0.0 0.0 0.0 0.0 0.0 0.0 0.0 0.0 0.0 0.0 0.0 0.0 0.0 0.0 0.0 0.0 0.0 0.0 0.0 0.0 0.0 0.0 0.0 0.0 0.0 0.0 0.0 0.0 0.0 0.0 0.0 0.0 0.0
DTEXP 1.6762100256871155 -5.530122735581386 0.0 0.0 0.0 0.0
G -0.6634437773867157 -1.5581394662364338 -1.054067544749558 -1.7844526002034742 -1.4987440547030364 -2.038216648431776 -4.957653869377423 -4.7558279487759245 -5.281616239384426 -4.813329617415794 -3.342309691631069 -2.821584005873624 -3.342309691631068 -2.821584005873624 -2.5787767772211563 -2.096746893502379 -1.432092839174728 -1.1788157875339451 -0.264581518887971 -0.7861300354332872 -0.09010054091967468 -1.4139233720135473 -0.6832759372908364 -2.247922197422464 -0.6832759372908443 -2.247922197422473 -1.7376016501015739 -3.393149389311608 -2.769487727525049 -4.406964456319637 -3.8344614904500656 -5.278656807236813 -4.672554924388042 -5.842043122939 -5.151571747225923 -6.025347516549839 -5.151571747225938 -6.025347516549848 -1000000000.0 -1000000000.0 -1000000000.0 -1000000000.0 -1000000000.0 -1000000000.0 -1000000000.0 -1000000000.0 -1000000000.0 -1000000000.0 -1000000000.0 -1000000000.0 -1000000000.0 -1000000000.0 -1000000000.0 -1000000000.0 -1000000000.0 -1000000000.0 -1000000000.0 -1000000000.0 -1000000000.0 -1000000000.0 -1000000000.0 -1000000000.0 -1000000000.0 -1000000000.0 -1000000000.0 -1000000000.0 -1000000000.0 -1000000000.0 -1000000000.0 -1000000000.0 -1000000000.0 -1000000000.0
NRM 0.042585239186970616 -0.6654808376376135 -0.7451991358962576 0.240271071187094 -0.6097943056020866 -0.7552620189085874 -0.006227181469914636 -0.7615671377663011 -0.648056106278912 0.2087856156714591 -0.6593950722338022 -0.7222234456194762 -0.04233352457668285 -0.8215084379507993 -0.5686226860340282 0.17857530871821642 -0.7021926217797811 -0.6892288306754376 0.24835720339353598 -0.8393668447823684 0.4835100820072249 0.3842333804011015 -0.8414108426790075 0.37999013567163165 0.22939634707828332 -0.700569056842527 0.6757072683802595 0.38242668472532154 -0.6965454149304973 0.6071032167179654 0.25654631704463793 -0.5777363841019848 0.7748578306344952 0.5024704813404443 -0.5181884975127572 0.6921012183394664 0.25654631704463793 -0.577736384101985 0.7748578306344951 0.5024704813404443 -0.5181884975127574 0.6921012183394663 0.2720153759487436 -0.48019501591423913 0.8339186902441912 0.5759573784039516 -0.3637396506790585 0.7320973738417069 0.3179354877404467 -0.2976092361366668 0.9001920729496533 0.7218204265463863 -0.04404090257898939 0.6906776894618945 0.47357847746994747 0.17897148711122252 0.8623761548642471 0.8089313492225844 0.5090140290767031 0.2941679629871859 0.6832734051374426 0.6999100852624391 0.20799838071439197 0.7119735995791467 0.6819006068616078 -0.16764592409027962 0.735509972158068 0.6161960252264229 -0.28165145011378107 0.6955192583651164 0.6153421763058439 -0.37095413099522967 0.7355099721580668 0.6161960252264234 -0.28165145011378306 0.6955192583651159 0.6153421763058442 -0.37095413099523056 0.6852811235884468 0.5021754726312004 -0.5274557577095792 0.6645795417829325 0.5511737783078265 -0.5045210587769973 0.7701487994967068 0.2809893596358211 -0.572639333616922 0.736045464872221 0.40382035512700554 -0.5432919973882692 0.8842933965167826 -0.009173913557750863 -0.4668415450523306 0.8565517619687234 0.1845764258866301 -0.48192387580944024 0.9251288471608691 -0.2230949867652778 -0.3071892625581203 0.9307312141651906 0.004253000777400602 -0.36567925694928005 0.9187623278095264 -0.3712378949781383 -0.1343808406366818 0.9660488510008463 -0.1270143958857072 -0.2249821342189943 0.9187623278095254 -0.37123789497814125 -0.13438084063668046 0.9660488510008461 -0.12701439588571045 -0.22498213421899316 0.8320335051027336 -0.542882255072662 0.11401361108955653 0.9458492308013285 -0.32426713523636724 0.014834338479850098 0.6204352273712096 -0.6329035633277673 0.4631341146621034 0.8047234189706932 -0.44586035838449245 0.3919550481641611 0.15022979866184824 -0.48384792263631543 0.8621613511138982 0.3578834318603901 -0.2802489756417889 0.8907187888730974 0.017887327662025408 -0.33552571983615725 0.9418612078419728 0.2436669263091229 -0.0314801199636702 0.9693479411801201 0.27243105598511513 -0.29428182371872114 0.9160674254461941 0.5978133490729318 0.2269731485141059 0.7688318343589831 0.2724310559851157 -0.29428182371872097 0.9160674254461941 0.597813349072932 0.226973148514106 0.7688318343589826 0.8681306763065013 -0.06724140933320939 0.49175982117950673 0.8524145741177521 0.5058430766389493 0.1323335771756102 0.8631477340259062 0.024046851855900022 -0.5043785663187562 0.8268902180672698 0.29665230017976413 -0.47775514655806495 0.7927333785151477 -0.07738835059218611 -0.6046361168343984 0.8009362359349255 0.0978721886731994 -0.5906963523255505 0.8133758607415158 -0.24397804818329935 -0.5281045551476206 0.8447256380570268 0.07818014104017539 -0.5294586499020363 0.690135829936235 -0.7164928740029247 -0.10173739598226914 0.9607111334438533 0.07302721048326959 -0.2677706940762171 0.6901358299362352 -0.7164928740029246 -0.10173739598226941 0.9607111334438531 0.07302721048327011 -0.2677706940762173 0.35252712075762205 -0.8859096010696317 0.3014777070746478 0.9945747072072769 0.05833831130034547 0.08612661155637864 -0.06788973998144301 -0.7932448870504323 0.6051062157783533 0.6206017610095862 0.01896515812025827 0.7838965346327754 -0.26775088627303945 -0.6679029169280389 0.6944171343357097 0.09536498902167229 -0.016273507855228846 0.9953093447823055 -0.2598644332134585 -0.6788796722822635 0.6867261950097537 0.10371828309496657 -0.04177813679784145 0.9937288891028243 -0.2525649411835649 -0.6892887155476046 0.679037566783809 0.11143416698886145 -0.06621432258427706 0.9915634573299904
DIST 1.667233217848404 2.561928906698123 2.0578569852112465 2.788242040665163 2.502533495164725 3.042006088893465 5.96144330983911 5.759617389237613 6.2854056798461135 5.817119057877483 4.346099132092757 3.8253734463353117 4.346099132092757 3.8253734463353117 3.5825662176828446 3.100536333964068 2.4358822796364166 2.1826052279956336 1.2683709593496597 1.789919475894976 1.0938899813813638 2.4177128124752363 1.6870653777525246 3.251711637884153 1.687065377752533 3.2517116378841617 2.7413910905632624 4.396938829773297 3.7732771679867385 5.410753896781326 4.838250930911753 6.282446247698502 5.676344364849731 6.8458325634006885 6.15536118768761 7.029136957011529 6.1553611876876255 7.029136957011537 7.719212928639896 8.023475909164308 8.473698783997904 8.020442237756805 8.034551466033797 6.850605562532619 6.862750355770959 5.808216867946736 4.36317934090656 4.180816003003872 4.36317934090656 4.180816003003875 2.6568916696770173 4.44691671012506 7.655738526330213 9.868362366814587 16.042422876700694 17.873619076076515 9.406274640311304 11.01196712941613 4.018220370306378 4.585026727776679 4.018220370306375 4.585026727776679 3.4690375606308064 2.766188464773145 4.1764576174480235 2.0170633519606813 5.271628636405465 2.6821549010192802 5.404077439383229 2.731838385929283 5.535939840707479 2.7810786300027166
RARR 1.337435868685472 1.3427149236802276 1.337435868685472 1.3427149236802276 1.337435868685472 1.3427149236802276 1.337435868685472 1.3427149236802276 1.337435868685472 1.3427149236802276 1.337435868685472 1.3427149236802276 1.337435868685472 1.3427149236802276 1.337435868685472 1.3427149236802276 1.337435868685472 1.3427149236802276 1.337435868685472 1.3427149236802276 1.337435868685472 1.3427149236802276 1.337435868685472 1.3427149236802276 1.337435868685472 1.3427149236802276 1.337435868685472 1.3427149236802276 1.337435868685472 1.3427149236802276 1.337435868685472 1.3427149236802276 1.337435868685472 1.3427149236802276 1.337435868685472 1.3427149236802276 1.337435868685472 1.3427149236802276 1.337435868685472 1.3427149236802276 1.337435868685472 1.3427149236802276 1.337435868685472 1.3427149236802276 1.337435868685472 1.3427149236802276 1.337435868685472 1.3427149236802276 1.337435868685472 1.3427149236802276 1.337435868685472 1.3427149236802276 1.337435868685472 1.3427149236802276 1.337435868685472 1.3427149236802276 1.337435868685472 1.3427149236802276 1.337435868685472 1.3427149236802276 1.337435868685472 1.3427149236802276 1.337435868685472 1.3427149236802276 1.337435868685472 1.3427149236802276 1.337435868685472 1.3427149236802276 1.337435868685472 1.3427149236802276 1.337435868685472 1.3427149236802276
DGDT -0.6258755591587805 -0.03396413618081187 -0.7727345419526301 -0.05740944001872361 -0.8698021115885293 -0.07873254778803597 -0.9356468503934693 -0.21099484412860087 -0.8153443686891276 -0.19883436209972333 -0.6786693271973735 -0.13817967505542658 -0.6786693271973737 -0.13817967505542667 -0.5695678545579571 -0.08701706764806381 -0.3509550356511208 0.03292597002819818 0.2689338605169551 0.25043899030087985 1.06224013240525 0.3374011164962649 1.0673576643243425 0.340793193957713 1.067357664324343 0.3407931939577131 0.9545752269437027 0.33373827850053783 0.7441380110408553 0.31039131864493386 0.4426707667023272 0.26366422683581214 0.18874069456615383 0.21273259421768081 -0.011949968133770306 0.16546168669400052 -0.011949968133774358 0.16546168669399947 0.0 0.0 0.0 0.0 0.0 0.0 0.0 0.0 0.0 0.0 0.0 0.0 0.0 0.0 0.0 0.0 0.0 0.0 0.0 0.0 0.0 0.0 0.0 0.0 0.0 0.0 0.0 0.0 0.0 0.0 0.0 0.0 0.0 0.0
TRUST 1.0 1.0 1.0 1.0 1.0 1.0 1.0 1.0 1.0 1.0 1.0 1.0 1.0 1.0 1.0 1.0 1.0 1.0 1.0 1.0 1.0 1.0 1.0 1.0 1.0 1.0 1.0 1.0 1.0 1.0 1.0 1.0 1.0 1.0 1.0 1.0 1.0 1.0 0.0 0.0 0.0 0.0 0.0 0.0 0.0 0.0 0.0 0.0 0.0 0.0 0.0 0.0 0.0 0.0 0.0 0.0 0.0 0.0 0.0 0.0 0.0 0.0 0.0 0.0 0.0 0.0 0.0 0.0 0.0 0.0 0.0 0.0
END
CASE
NAME fuzz11_M1
M 1
T 0.9140940557041037
START 0.24488583738115643 -3.780067320907712 0.8612414876301342
GOAL 1.6667281931833147 2.4964009750606024 -2.303409968185563
Q 
V0 0.31518520245392007 1.1781042703912006 0.1572059402338259
A0 -0.236926460652991 0.1337156029722201 -0.15475912857174962
VF -0.18808317085015666 0.4968281873384897 -0.023086840401685876
AF 0.008151312708861073 -0.18252920907528125 -0.020485145246708965
AVOID_OVERRIDE _
TAU_TRUST 1.0758200472154984
SPACETIME_HARD 1
Q_CONFORMAL 0.0
EPSILON_TRACK 0.0
SAFETY_MODE conformal
REACH_MODEL accel
A_MAX_HUMAN 2.0893065054228774
V_MAX_HUMAN 2.2791080350680355
EST_POS_ERR 0.1998355017382793
EST_VEL_ERR 0.13795316786572084
NCLASS 1
CLASS0 human 0.8
H 1
OBS0_KIND sphere
OBS0_C0 0.47978080557294334 -1.624150850765313 -0.6343715756642145
OBS0_R 0.590035225295114
OBS0_VEL -0.026253589935373668 -0.5270477722292461 -0.09177603518442629
OBS0_ACC 0.0 0.0 0.0
OBS0_CLASS human
RHO 26.26198180429097
NC 6
LAM 3.217782992404189 1.4787661931949905 3.7734876449342716 3.5067497454381296 0.9643740439970376 1.533086973208529
FREEZE 1
NORMALS -0.08916484694097151 -0.8183741165575463 0.5677265498623862 -0.07230238259148024 -0.7676363636515241 0.6367941415178537 -0.05591604639922714 -0.6999095787047122 0.7120393088815196 0.2702546924029607 0.8992311787812367 -0.3440140816040655 0.25553451269356436 0.9086702551235626 -0.33018249541146527 0.2419920156615704 0.9168167274854725 -0.3176270652178102
TMASK 1.0 1.0 1.0 1.0 1.0 1.0
COST -0.8064462328806439
DCC 0.0 0.0 0.0 0.0 0.0 0.0 0.0 0.0 0.0 0.0 0.0 0.0 0.0 0.0 0.0 0.0 0.0 0.0
DTEXP 0.0
G -1.2443546295687755 -1.019480255139044 -0.8104910754858026 -3.302611008821912 -3.466402964850783 -3.6259761379937423
NRM -0.08916484694097151 -0.8183741165575463 0.5677265498623862 -0.07230238259148024 -0.7676363636515241 0.6367941415178537 -0.05591604639922714 -0.6999095787047122 0.7120393088815196 0.2702546924029607 0.8992311787812367 -0.3440140816040655 0.25553451269356436 0.9086702551235626 -0.33018249541146527 0.2419920156615704 0.9168167274854725 -0.3176270652178102
DIST 2.044354629568776 1.8194965454678842 1.610573819488307 4.102612683839849 4.266406973625566 4.425984732211207
RARR 1.390035225295114 1.390035225295114 1.390035225295114 1.390035225295114 1.390035225295114 1.390035225295114
DGDT 0.38155946049466755 0.34803679091142337 0.3050056365065965 -0.44946069691095486 -0.4553184916482825 -0.4604088201975837
TRUST 1.0 1.0 1.0 1.0 1.0 1.0
END
