CASE
M 1
T 1.0778013796633468
WP -2.7266397753283034 -1.8324166029024713 2.973654573327341 1.7625467075097454 -1.0889044939809098 -1.671860721336155
V0 0.32444640109651995 0.1805290565274475 -0.976431531506095
A0 0.7042228963136555 0.2905490717255771 -0.22781615412735196
VF 0.45109913710612587 -0.23347658666027513 -0.03034475936851399
AF 0.23665330335576024 -0.37700043994190297 0.1727572543187786
TEND 1.0778013796633468
C -2.7266397753283034 -1.8324166029024713 2.973654573327341 0.324446401096504 0.18052905652744677 -0.9764315315060746 0.35211144815682777 0.14527453586278855 -0.11390807706367598 31.755768123098655 5.230679986766403 -31.558742992563023 -44.5996444402739 -7.716772283818177 44.7865456601294 16.608459595990034 2.9183485658237713 -16.766063057256794
K 50
TS 0.0 0.02199594652374177 0.04399189304748354 0.06598783957122531 0.08798378609496708 0.10997973261870886 0.13197567914245062 0.1539716256661924 0.17596757218993417 0.19796351871367593 0.21995946523741772 0.24195541176115948 0.26395135828490124 0.285947304808643 0.3079432513323848 0.3299391978561266 0.35193514437986834 0.3739310909036101 0.39592703742735186 0.4179229839510937 0.43991893047483543 0.4619148769985772 0.48391082352231896 0.5059067700460608 0.5279027165698025 0.5498986630935443 0.571894609617286 0.5938905561410278 0.6158865026647696 0.6378824491885113 0.6598783957122532 0.6818743422359949 0.7038702887597367 0.7258662352834785 0.7478621818072202 0.769858128330962 0.7918540748547037 0.8138500213784455 0.8358459679021873 0.857841914425929 0.8798378609496709 0.9018338074734126 0.9238297539971544 0.9458257005208962 0.9678216470446379 0.9898175935683797 1.0118135400921215 1.0338094866158631 1.055805433139605 1.0778013796633468
E0 -2.7266397753283034 -1.8324166029024713 2.973654573327341 -2.719005316464673 -1.8283215343033428 2.9517964720553684 -2.7091460430660432 -1.8237767371366223 2.927957220898151 -2.6953972778857844 -1.8185109937234316 2.900486176488861 -2.676324380937687 -1.8122928329257384 2.867963587976712 -2.65071248768816 -1.8049287269970653 2.8291902378412863 -2.61755624724844 -1.7962612884332063 2.783177082706872 -2.5760495605667835 -1.786167466822938 2.7291348941567866 -2.525575318620675 -1.774556745698736 2.6664638995477135 -2.4656951406090255 -1.7613693393874839 2.5947434228240316 -2.396139112144373 -1.746574389861192 2.513721525332144 -2.3167955234450877 -1.7301681635877058 2.423304646634811 -2.22770060752757 -1.7121722483814228 2.3235472453254795 -2.129028278398452 -1.692631750254005 2.2146414398426173 -2.021079869246803 -1.6716134902650903 2.09690664928404 -1.904273870636324 -1.6492042013730095 1.9707792342212438 -1.7791356686975561 -1.6255087252854967 1.8368021375137358 -1.646287283320077 -1.6006482093104053 1.6956145251233654 -1.5064371063447053 -1.574758303206418 1.5479414269286558 -1.3603696397557001 -1.547987356033764 1.394583377539133 -1.2089352338729658 -1.52049461300493 1.2364060571096598 -1.053039825544245 -1.4924484123353738 1.0743299321547617 -0.893634676337332 -1.4640243820942391 0.9093198963629642 -0.7317061107322652 -1.4354036370550673 0.7423749114111183 -0.5682652543135325 -1.4067709755465116 0.5745176477787355 -0.4043377719622696 -1.378313076303051 0.4067841255623138 -0.24095360604846716 -1.3502166953157033 0.2402133552896759 -0.07913671462316407 -1.3226668626827371 0.0758369787342903 0.08010519038934305 -1.2958450794603884 -0.08533109027038766 0.23579090499930722 -1.2699275145135693 -0.24230502501659124 0.38697599495931456 -1.2450832013665878 -0.3941374451079116 0.5327630575721019 -1.221472235053855 -0.5399297756449579 0.6723119834983464 -1.199243968970602 -0.6788426064110413 0.8048502185644555 -1.1785352117235934 -0.8101060510578351 0.9296830255703847 -1.159468423981837 -0.9330301062910427 1.046203746097417 -1.1421499153273038 -1.0470150110560663 1.1539040623159762 -1.1266680411056351 -1.1515616057236828 1.2523842587934064 -1.1130913992768594 -1.2462816912757058 1.3413634843018105 -1.1014670272661031 -1.3309083884906672 1.4206900136257827 -1.09181859881431 -1.4053064971294589 1.490351509370285 -1.0841446208289454 -1.4694828551210293 1.550485283768385 -1.0784166302347167 -1.5235966977480562 1.6013885604890792 -1.0745773908242857 -1.5679700168325699 1.6435287364450843 -1.0725390901089802 -1.603097919921682 1.677553643600655 -1.0721815361695066 -1.6296589894732207 1.7043018107793522 -1.0733503545066685 -1.6485256420414043 1.7248127254718675 -1.0758551848920725 -1.6607744874625219 1.7403370956437954 -1.079467878218848 -1.6676966880405537 1.7523471115434788 -1.0839206933523573 -1.6708083177329414 1.762546707509749 -1.0889044939809098 -1.6718607213361523
E1 0.324446401096504 0.18052905652744677 -0.9764315315060746 0.38414973650469997 0.19418703180758506 -1.0253621029747282 0.524918757243369 0.22110617767413573 -1.1547412554956809 0.736062031413212 0.2594385120253566 -1.353836461208856 1.0073546588819313 0.3074180291947837 -1.6123861511037048 1.3290382712842292 0.3633606999512309 -1.9205997150192045 1.6918210320218092 0.42566447149879005 -2.269157501643861 2.086877636263377 0.4928092674768311 -2.6492108185157064 2.505849310944635 0.5633569879600018 -3.0523819320223002 2.9408438147682907 0.6359515094582283 -3.4707640674007303 3.3844354382040502 0.7093186849167141 -3.896921408737611 3.829665003488621 0.7822663437159417 -4.323889098969085 4.27003986462571 0.8536842916716707 -4.745173239880818 4.69953390738603 0.9225443110349388 -5.154750892108011 5.112587549307285 0.9879001604920619 -5.547070075135385 5.504107739694188 1.048887575164634 -5.91704976729719 5.869467959618449 1.1047242666095267 -6.2600799057772045 6.204508221918781 1.1547099228188897 -6.5720213866087365 6.505535071200898 1.1982262082201518 -6.849206064674618 6.769321583837516 1.2347367636760198 -7.088436753707212 6.993107367968338 1.2637872064844735 -7.286987226288396 7.17459856350008 1.285005130378778 -7.442602213849597 7.3119678421064735 1.2981001055274728 -7.55349740667175 7.403854407228222 1.3028636785343757 -7.618359453885325 7.4493639940730425 1.2991693724385822 -7.636345963470317 7.4480688696156685 1.2869726867144662 -7.607085502256265 7.400007832597794 1.26631109727168 -7.530677595922201 7.305686213528151 1.237304056455151 -7.407692728996707 7.166075874682463 1.2001529930450907 -7.2391723448579 6.982615210103434 1.1551413122569825 -7.026628845733386 6.757209145600813 1.1026343957415907 -6.772045592700371 6.492229138751309 1.043079601584957 -6.4778769056855054 6.190513178898634 0.9770062643084021 -6.147048063465007 5.85536578715352 0.9050256948685229 -5.782955303664636 5.490558016393699 0.8278311806571947 -5.389465822759664 5.1003274512639045 0.746197985501575 -4.970917776074867 4.689378208175839 0.6609833496640913 -4.532120277784578 4.26288093530826 0.5731264898424602 -4.078353400912675 3.826472812606852 0.48364859916965575 -3.6153681773324777 3.3862575517843823 0.3936528472139553 -3.1493865977669557 2.9488053963205516 0.3043243799788975 -2.687101611788485 2.521153121462092 0.21693031990330525 -2.2356771278190664 2.1108040342227454 0.13281976586127797 -1.8027480131301914 1.7257279733832718 0.05342379316220125 -1.396420093842849 1.3743613094913627 -0.01974454644927981 -1.0252701549275969 1.06560694486177 -0.08509022479322326 -0.6983459402045185 0.8088343135762273 -0.14093623725442583 -0.42516615234316646 0.6138793814834571 -0.18552360278238567 -0.21572045286272612 0.4910446461991569 -0.21701136389135556 -0.08046946213175943 0.451099137106155 -0.23347658666027726 -0.030344759368560403
E2 0.7042228963136555 0.2905490717255771 -0.22781615412735196 4.639807653972747 0.9366902641661411 -4.136346808751281 8.078723729017641 1.4969533464129843 -7.546239804250074 11.042181018758153 1.9750652067447958 -10.478906306040907 13.551389420504098 2.3747527334402636 -12.955757479540969 15.627558831565292 2.699742814778077 -14.998204490167435 17.29189914925155 2.953762339036925 -16.627658503337482 18.565620270872685 3.1405381944954947 -17.865530684468304 19.469932093738514 3.2637972694324757 -18.733232198977067 20.02604451515886 3.3272664521265582 -19.252174212280963 20.255167432443532 3.334672630856428 -19.443767889797172 20.178510742902347 3.2897426939007754 -19.329424396942862 19.81728434384512 3.196203529538291 -18.930554899135235 19.192698132581665 3.057782026047658 -18.268570561791456 18.325962006421797 2.8782050717075705 -17.36488255032871 17.238285862675347 2.661199554796715 -16.24090203016418 15.9508795986521 2.4104923635937814 -14.918040166715057 14.484953111661913 2.1298103863774562 -13.417708125398509 12.86171629901456 1.8228805114264324 -11.761317071631705 11.102379058019867 1.4934296270193883 -9.970278170831833 9.228151285987689 1.1451846214350274 -8.06600258841613 7.260242880227786 0.7818723829520291 -6.06990148980168 5.219863738050009 0.40721979984908163 -4.0033860404057435 3.128223756764143 0.024953760404876846 -1.8878674056454656 1.0065328336800476 -0.361198847101889 0.2552432490619836 -1.1239991338924966 -0.7475111343925551 2.404534758299434 -3.242162248643673 -1.1302562131883978 4.5385959566496155 -5.326746613263694 -1.5057071952107517 6.636015678695472 -7.356542330442636 -1.8701371921809162 8.675382759019698 -9.310339502870733 -2.219819315820205 10.635286032205187 -11.166928233238238 -2.551026677849933 12.494314332834762 -12.905098624235237 -2.860032389991403 14.231056495491188 -14.503640778552068 -3.143109563965943 15.82410135475736 -15.941344798878688 -3.3965313114948437 17.25203774521603 -17.197000787905495 -3.6165707442994446 18.49345450145006 -18.249398848322585 -3.799500974101033 19.526940458042304 -19.077329082820114 -3.9415951126209166 20.331084449575513 -19.659581594088337 -4.039126271580436 20.884475310632524 -19.974946484817366 -4.088367562700867 21.165701875796145 -20.00221385769737 -4.085592097703547 21.153352979649185 -19.720173815418548 -4.027072988309762 20.826017456774366 -19.10761646067121 -3.909083346240834 20.16228414175481 -18.143331896145412 -3.727896283218101 19.140741869173098 -16.806110224531324 -3.479784910962856 17.73997947361198 -15.074741548519228 -3.161022341196386 15.938585789654553 -12.928015970799379 -2.7678816856400417 13.715149651883507 -10.344723594061634 -2.2966360560151102 11.048259894881426 -7.303654520996417 -1.7435585640428997 7.916505353231628 -3.7835988542938708 -1.104922321444704 4.298474861516354 0.23665330335575163 -0.37700043994189514 0.17275725431875344
E3 190.53460873859194 31.384079920598417 -189.35245795537813 167.47246723349372 27.395092484283303 -166.19622590671597 145.37458963433482 23.5755402788943 -144.01340800024906 124.24097594111525 19.925423304431416 -122.8040042359774 104.071626153835 16.444741560894652 -102.56801461390103 84.86654027249405 13.133495048283997 -83.30543913401992 66.62571829709245 9.991683766599463 -65.01627779633408 49.34916022763011 7.019307715841039 -47.70053060084348 33.03686606410717 4.216366896008744 -31.3581975475482 17.6888358065235 1.5828613071025561 -15.989278636448127 3.3050694548791526 -0.8812090508775157 -1.5937738675433621 -10.114432990825826 -3.175844177931465 11.828316759166121 -22.569671530591535 -5.3010440740593054 24.276993243680394 -34.06064616441793 -7.2568087392610305 35.75225558599941 -44.587356892305024 -9.04313817353664 46.25410378612311 -54.14980371425273 -10.660032376886125 55.78253784405153 -62.74798663026111 -12.107491349309488 64.33755775978469 -70.38190564033022 -13.385515090806749 71.91916353332257 -77.05156074446 -14.494103601377887 78.52735516466532 -82.75695194265049 -15.43325688102292 84.16213265381265 -87.49807923490161 -16.20297492974182 88.8234960007648 -91.2749426212134 -16.8032577475346 92.5114452055216 -94.08754210158585 -17.234105334401278 95.22598026808319 -95.93587767601909 -17.495517690341842 96.96710118844959 -96.8199493445129 -17.58749481535628 97.73480796662062 -96.73975710706753 -17.5100367094446 97.52910060259637 -95.69530096368271 -17.263143372606827 96.34997909637701 -93.68658091435856 -16.846814804842907 94.19744344796209 -90.71359695909518 -16.26105100615291 91.07149365735216 -86.77634909789248 -15.50585197653676 86.9721297245469 -81.87483733075032 -14.581217715994498 81.8993516495463 -76.00906165766906 -13.487148224526138 75.8531594323506 -69.17902207864819 -12.223643502131623 68.83355307295938 -61.38471859368826 -10.790703548811038 60.84053257137316 -52.62615120278883 -9.188328364564313 51.87409792759138 -42.9033199059503 -7.416517949391462 41.9342491416146 -32.2162247031722 -5.475272303292513 31.020986213442598 -20.564865594454886 -3.364591426267438 19.13430914307503 -7.949242579798238 -1.0844753183162652 6.27421793051235 5.630644340797744 1.3650760205610482 -7.559287424245667 20.174795167332945 3.9840625903644593 -22.366206921198795 35.683209899807366 6.772484391093968 -38.14654056034715 52.15588853822146 9.73034142274966 -54.90028834169095 69.59283108257466 12.857633685331422 -72.62745026522998 87.99403753286731 16.15436117883931 -91.32802633096435 107.35950788909895 19.620523903273266 -111.00201653889371 127.68924215127038 23.256121858633435 -131.64942088901864 148.98324031938068 27.061155044919616 -153.27023938133846 171.24150239343066 31.03562346213198 -175.86447201585395 194.46402837341975 35.17952711027044 -199.43211879256467
CP -2.7266397753283034 -1.8324166029024713 2.973654573327341 -2.6567020195825792 -1.7935017096635504 2.7631747229665327 -2.5458610327439732 -1.7377109155034522 2.5394626746074183 1.5818140828618747 -1.010145176739333 -1.6487442484864108 1.6653076530421504 -1.0385762165366048 -1.6653195966335552 1.762546707509749 -1.0889044939809098 -1.6718607213361523
CPT 0.0 0.21556027593266935 0.4311205518653387 0.6466808277980081 0.8622411037306774 1.0778013796633468
ENERGY 16461.001270862762
EGQ 
EGT -80596.42430078416
DCC 1.3989789947237192 1.3222980607327857 -0.29969851529910546 0.9029193414250598 -1.6215827341822058 -0.15818926067687128 0.44948393210667503 -1.343601072486395 -0.08168759069683368 1.7247399323163304 2.61815942636784 0.777361343810768 0.8286331955673406 -0.9589883130180109 -1.2093882869743162 -1.4122920134741184 0.5415468299050529 0.7519393955576869
DCT -0.6587603195674528
GQ2 
GT2 356.95817297557636
CPDT 0.0 0.0 0.0 0.06488928021930081 0.03610581130548936 -0.19528630630121493 0.2056798013623392 0.10352704164755189 -0.41512666912523566 11.489153363939284 2.0251386363729904 -11.657640272464732 0.3098662583132139 -0.10551495046760007 -0.06151540890518703 0.451099137106155 -0.23347658666027726 -0.030344759368560403
END
CASE
M 2
T 0.7620804239275718 0.3065290338322713
WP -0.050120599211757266 -2.2622681751001252 -0.48221292525239345 1.6503892339953028 -1.6910906953294536 4.034540068082391 -2.4292582472346567 -1.6017166238968015 -2.4114660135707267
V0 0.035457300142354674 0.2168272685264346 0.1387418299354505
A0 0.15907571599203632 0.16101629073560864 0.18550500444024867
VF -0.3975087280733351 0.15001547314330854 -0.8013507960818658
AF 0.08003964892301886 -0.37848713451641375 -0.021381241857534105
TEND 1.068609457759843
C -0.050120599211757266 -2.2622681751001252 -0.48221292525239345 0.035457300142354674 0.2168272685264346 0.1387418299354505 0.07953785799601816 0.08050814536780432 0.09275250222012434 148.3545785922112 4.776816271895339 260.1163873897476 -318.17880476399733 -7.722056808947582 -545.8601734523919 168.39813765425967 3.305208206829967 285.3428992038223 1.650389233995293 -1.6910906953294536 4.034540068082396 -20.662385600176492 0.5653992342864027 -31.67375792137517 -24.157060165761067 -1.278263513637737 -44.420956811252154 156.4433171800542 0.4330473835796427 253.33515350476316 323.4858158968617 4.872115548201772 541.4110144974646 -1048.677373328419 -7.138209271764083 -1714.4238934140326
K 50
TS 0.0 0.021808356280813124 0.04361671256162625 0.06542506884243937 0.0872334251232525 0.10904178140406562 0.13085013768487874 0.15265849396569187 0.174466850246505 0.1962752065273181 0.21808356280813124 0.23989191908894436 0.2617002753697575 0.2835086316505706 0.30531698793138373 0.32712534421219686 0.34893370049301 0.3707420567738231 0.3925504130546362 0.41435876933544935 0.4361671256162625 0.4579754818970756 0.4797838381778887 0.5015921944587018 0.523400550739515 0.5452089070203281 0.5670172633011412 0.5888256195819543 0.6106339758627675 0.6324423321435806 0.6542506884243937 0.6760590447052068 0.69786740098602 0.7196757572668331 0.7414841135476462 0.7632924698284593 0.7851008261092725 0.8069091823900856 0.8287175386708987 0.8505258949517118 0.872334251232525 0.8941426075133381 0.9159509637941512 0.9377593200749643 0.9595676763557774 0.9813760326365906 1.0031843889174037 1.0249927451982168 1.04680110147903 1.068609457759843
E0 -0.050120599211757266 -2.2622681751001252 -0.48221292525239345 -0.047841890424765436 -2.257453423313026 -0.4765671799511723 -0.03723767380465751 -2.252288781350444 -0.4563318083930104 -0.011541794697994004 -2.2465374104936275 -0.4095529115023541 0.03448394745284734 -2.240000480308099 -0.3269021240736344 0.10464948488663331 -2.2325152120766028 -0.20150770180700345 0.20143616730023678 -2.223952922232046 -0.028785608344071276 0.32609644762559853 -2.2142170657904483 0.1937293976963576 0.47875356780668865 -2.2032412797838865 0.46655267568254766 0.6585012445764683 -2.1909874266934395 0.7884186159340959 0.8635033552338515 -2.1774436378821367 1.156449552686195 1.0910936234206665 -2.162622357027901 1.5663246770538977 1.3378753048986174 -2.146558383556495 2.0124489499963776 1.5998208733262471 -2.12930691607447 2.488122015281199 1.872371706035896 -2.110941595802107 2.985707112448567 2.150537769810666 -2.091552550006366 3.49679998977561 2.4289973066613832 -2.071244435433831 4.012397817240626 2.7021965196035547 -2.0501344817436555 4.5230680994873556 2.9644492584343385 -2.0283505349405067 5.019117588789242 3.2100367055094936 -2.0060291008075173 5.490761198013691 3.433307061520357 -1.9833133883392218 5.928290913586352 3.628775231270785 -1.9603513531745114 6.322244708455348 3.791222509454136 -1.9372937410295756 6.6635754550555815 3.9157962664302213 -1.9142921311308472 6.943819838272951 3.9981096340022617 -1.89149697964795 7.155267268408659 4.03434119119386 -1.8690556631266442 7.291128794143459 4.02133465002596 -1.8471105219217718 7.345706015501882 3.9566985412938003 -1.825796903630204 7.314559996816559 3.8389059003438906 -1.805241206523783 7.194680179692455 3.6673939528509614 -1.7855589229822746 6.984653295971139 3.4426638005949144 -1.7668526829263052 6.684832280695076 3.1663801072378206 -1.7492102972503165 6.297505185071763 2.841470784100853 -1.7327028012555055 5.827064089438181 2.4722266759412506 -1.717382498082772 5.28017401622494 2.064401246729261 -1.7032810021456641 4.665941842920553 1.6253102654220668 -1.6904072825633538 3.9960852150305715 1.1639236234355101 -1.678745774109516 3.285088530694288 0.6907840180692824 -1.6682559737807308 2.550074450168733 0.21753049068673794 -1.6588754280064015 1.8100261454002997 -0.24371784250552458 -1.6505239195106551 1.0847798332033098 -0.680982570593347 -1.643107692881267 0.39400989659071095 -1.083046768090699 -1.636523680138583 -0.24378599389523792 -1.4400757750753648 -1.630663726304446 -0.8123017588522689 -1.7442379773246286 -1.62541881497112 -1.29843778868742 -1.9903255864509608 -1.6206832938702123 -1.6933158222863385 -2.1763754200377075 -1.6163591004415994 -1.9932938256825894 -2.30428968177477 -1.6123599874023515 -2.200980870726972 -2.3804567415942977 -1.6086157483156558 -2.3262520137568155 -2.4163719158063732 -1.605076443159741 -2.3872631742652994 -2.4292582472346966 -1.6017166238968013 -2.4114660135707497
E1 0.035457300142354674 0.2168272685264346 0.1387418299354505 0.2375904170749332 0.22683775457326213 0.4916006342556385 0.7865337289749689 0.24860956029971196 1.4553706948124425 1.6099389596137705 0.2803549962853207 2.9057881598409008 2.6400288226932065 0.32037608950223023 4.726334509782134 3.8135970218457045 0.36706458331518804 6.808236557283336 5.07200825063425 0.41890193748154714 9.050466447197785 6.361198192552392 0.474459328151266 11.359741656584838 7.631673521024231 0.5323976478669084 13.65052499470993 8.838511899404436 0.5914675055636438 15.845024603044568 9.941361980978233 0.650509226569247 17.873193955266345 10.9044434089614 0.7084528526040986 19.672731857258952 11.69654681650028 0.7643181417811842 21.189082447112106 12.291033826671775 0.8172145686060951 22.375435195121668 12.665837052483361 0.8663413239770288 23.19272490378954 12.80346009687303 0.9109873151847866 23.609631707823677 12.690977552709384 0.9505311659127769 23.602581074138214 12.320035002791565 0.9844412162370126 23.15574380185322 11.686849019849237 1.0122755226261129 22.261036022294967 10.792207166542724 1.033681857941302 20.918119198995797 9.641467995462783 1.0483977114364085 19.134400127693965 8.244561049130795 1.056250288757869 16.925030936334032 6.615986859998728 1.0571565119447242 14.31290908506655 4.774816950449065 1.05112301942862 11.328677366248144 2.744693832794823 1.0382461660338063 8.010723904441363 0.5538310092796763 1.0187120229771431 4.405182156415165 -1.7649870279222597 0.9927963778680902 0.5659309111443349 -4.174404796706185 0.9608647347087194 -3.445405710190215 -6.6324958250368695 0.9233723138937018 -7.559458254201331 -9.092762650948458 0.8808640522103155 -11.69911193529606 -11.504136822544496 0.8339746028384449 -15.779506635675261 -13.810978897997984 0.7834283353505844 -19.708036905333415 -15.953078445551569 0.7300393357118229 -23.38435196205961 -17.86565404351697 0.6747114062798669 -26.700355691436187 -19.479353280275603 0.6184380658050221 -29.540206646839692 -20.7202527674117 0.5623025493175006 -31.78031807101976 -21.511567062605092 0.5074631442918367 -33.29216581329259 -21.78968003782176 0.4550156295265743 -33.96862933916371 -21.518345728399805 0.40587142124596753 -33.7473250290211 -20.68978341151827 0.3607481765082965 -32.61240549258796 -19.324677606197103 0.3201697932058675 -30.594559568922765 -17.472178073297194 0.28446641006501283 -27.771012326419203 -15.20989981552034 0.2537744066460905 -24.2655250628062 -12.643923077409266 0.22803640334348516 -20.248395305147948 -9.908793345347632 0.20700126138560693 -15.936456809843843 -7.167521347560003 0.19022408283489223 -11.593079562628542 -4.6115830541118825 0.17706621058780359 -7.528169778571943 -2.460919676909686 0.16669522837482928 -4.098169902079178 -0.9639376697007549 0.15808496076048387 -1.7060586068905934 -0.3975087280733547 0.15001547314330782 -0.8013507960818345
E2 0.15907571599203632 0.16101629073560864 0.18550500444024867 17.790298878384938 0.7426772692485184 31.16560046975204 31.99926635892102 1.2403086403407853 56.27012621224459 42.99557625255531 1.6580242579613387 75.8542365638789 50.98882665424286 1.9999379760591076 90.27308585661588 56.188615658938716 2.270163648583022 99.88182842241658 58.80454136159793 2.472815129482012 105.03561859324192 59.04620185717553 2.6120062727050053 106.08961070105285 57.12319524062657 2.6918509322009334 103.39895907781042 53.24511960690607 2.716462961918723 97.31881805547553 47.62157305096915 2.6899562158073063 88.20434196600922 40.46215366777073 2.61644454781561 76.41068514137238 31.976459552266 2.5000418118925687 62.293001913526126 22.374088799409904 2.3448618619871056 46.2064466144312 11.864639504157523 2.1550185520481513 28.506173576048667 0.6577097614638774 1.9346257360246395 9.547337130339713 -11.037102333715978 1.6877972678654976 -10.314908390734928 -23.01019868642706 1.418647001519652 -30.72540865521421 -35.0519812017142 1.1312887909360336 -51.329009331137286 -46.95285178462245 0.8298364900635722 -71.77055608654314 -58.50321234019657 0.5184039528512026 -91.6948945894705 -69.49346477348178 0.20110503324784723 -110.74687050795865 -79.7140109895231 -0.11794641479756596 -128.57132951004678 -88.95525289336507 -0.43463653733609675 -144.81311726377362 -97.00759239005293 -0.7448514804188235 -159.11707943717795 -103.6614313846319 -1.0444773900968247 -171.1280616982998 -108.70717178214602 -1.3294004124211494 -180.49090971517694 -111.93521548764147 -1.595506693442891 -186.85046915584917 -113.13596440616232 -1.8386823792131128 -189.8515856883564 -112.09982044275387 -2.0548136157828765 -189.13910498073574 -108.61718550246087 -2.239786549203256 -184.35787270102674 -102.47846149032853 -2.3894873255253337 -175.15273451726966 -93.47405031140147 -2.4998020908001557 -161.16853609750183 -81.39435387072513 -2.5666169910788277 -142.0501231097628 -66.02977407334424 -2.5858181724123845 -117.44234122209264 -47.17075616588115 -2.553292152755046 -86.99010731672014 -24.90452401861796 -2.4674720324526733 -50.82597279895747 -0.32364766193484273 -2.3354175332609466 -10.734365106382516 25.26662818629982 -2.1660132846988924 31.150844288252713 50.56105880821763 -1.9681439162855388 72.69578391219619 74.2543994859502 -1.750694057539912 111.76658229269596 95.04140550162913 -1.5225483379810385 146.22936795699994 111.61683213738607 -1.2925913871279466 173.9502694323561 122.67543467535255 -1.0697078344996616 192.79541524601248 126.91196839766025 -0.8627823096152105 200.63093392521716 123.02118858644081 -0.6806994419936212 195.32295399721806 109.69785052382571 -0.5323438611539202 174.73760398926288 85.6367094919467 -0.42660019661513404 136.74101242860013 49.53252077293536 -0.3723530778962889 79.19930784247742 0.08003964892316162 -0.3784871345164129 -0.02138124185739798
E3 890.1274715532672 28.660897631372038 1560.6983243384857 728.3979636564509 24.713487139420103 1283.1374292917899 576.2793632602355 20.95471323685426 1021.8617749752005 433.771670364621 17.384575923674515 776.8713613887177 300.87488496960754 14.003075199880865 548.1661885323414 177.58900707519481 10.810211065473311 335.7462564060716 63.91403668138318 7.805983520451855 139.61156500990836 -40.15002621182754 4.990392564816493 -40.23788565614842 -134.60318160443722 2.3634381985672333 -203.80209559209868 -219.4454294964462 -0.07487957829593661 -351.0810647979423 -294.6767698878542 -2.324560765773011 -482.0747932736797 -360.297202778661 -4.385605363863979 -596.78328101931 -416.30672816886715 -6.258013372568859 -695.2065280348345 -462.7053460584724 -7.941784791887645 -777.344534320252 -499.4930564474764 -9.436919621820334 -843.1972998755634 -526.6698593358797 -10.743417862366918 -892.7648247007678 -544.2357547236818 -11.86127951352741 -926.0471087958663 -552.1907426108833 -12.79050457530181 -943.0441521608577 -550.5348229974838 -13.531093047690113 -943.755954795743 -539.2679958834831 -14.08304493069231 -928.1825167005213 -518.3902612688821 -14.446360224308435 -896.3238378751939 -487.90161915367935 -14.621038928538432 -848.1799183197595 -447.8020695378759 -14.607081043382344 -783.7507580342176 -398.09161242147184 -14.404486568840177 -703.0363570185709 -338.77024780446663 -14.01325550491189 -606.0367152728168 -269.8379756868603 -13.43338785159753 -492.7518327969574 -191.2947960686538 -12.664883608897057 -363.18170959098916 -103.14070894984525 -11.707742776810477 -217.3263456549157 -5.3757143304364945 -10.561965355337833 -55.18574098873614 102.00018778957383 -9.227551344479068 123.24010440755137 218.9869974101839 -7.70450074423421 317.9511905339441 345.58471453139646 -5.992813554603245 528.9475173904439 481.79333915320876 -4.092489775586216 756.2290849770488 627.6128712756217 -2.0035294071830947 999.7958932937618 783.0433108986372 0.27406755060617627 1259.6479423405817 947.9773809509499 2.7393805803350473 1535.6089660412752 1084.0383719833053 5.063108833685909 1764.622507771715 1160.2486938014597 6.9794414353597345 1895.7895430861995 1176.608346405413 8.488378385356521 1929.1100719847295 1133.1173297951655 9.589919683676271 1864.584094467304 1029.7756439707164 10.284065330318985 1702.2116105339246 866.5832889320664 10.57081532528466 1441.992620184589 643.5402646792156 10.450169668573295 1083.9271234192988 360.64657121216374 9.922128360184898 628.0151202380544 17.90220853091023 8.986691400119458 74.25661064085352 -384.69282336454353 7.643858788376985 -577.3484053723014 -847.1385244741982 5.893630524957473 -1326.7999278014104 -1369.4348947980552 3.736006609860919 -2174.0979566464766 -1951.5819343361118 1.1709870430873295 -3119.2424919074956 -2593.57964308837 -1.8014281753632915 -4162.23353358447
CP -0.050120599211757266 -2.2622681751001252 -0.48221292525239345 -0.044716336346994706 -2.229220211756589 -0.4610664387376544 -0.03469278056473076 -2.1914966044484223 -0.4345331969420854 6.545987761514336 -1.9376798425517976 11.109899730128939 4.799669149502691 -1.7772666329601168 8.862130240902417 1.65038923399527 -1.6910906953294547 4.03454006808235 1.650389233995293 -1.6910906953294536 4.034540068082396 0.38366501505690587 -1.6564284391263902 2.09275478538712 -1.110039058559154 -1.6337767531075453 -0.26641002331322094 -2.380143034227143 -1.621888396591149 -2.3133115485834606 -2.404888653963453 -1.6109134435053034 -2.362338556514013 -2.429258247234696 -1.6017166238968013 -2.4114660135707497
CPT 0.0 0.15241608478551438 0.30483216957102877 0.45724825435654304 0.6096643391420575 0.7620804239275718 0.7620804239275718 0.8233862306940261 0.8846920374604803 0.9459978442269346 1.0073036509933888 1.068609457759843
ENERGY 1973672.5583824264
EGQ 292098.12263584393 2506.4201948625982 479944.0302282869
EGT -3247383.6551343687 -24483041.59932462
DCC 0.4740497302500454 -0.4148537610713306 0.09771650001494636 -1.6404178369858733 -0.8572588238845005 0.6882817881370419 -1.1545295832450446 0.6504523890909877 -1.3883599526797445 -0.9073824573718444 -1.0954253073243774 0.007145694940042956 0.5343599029557071 -1.0658078466234504 -0.18147274021444693 1.621951798510875 -0.3173919456610792 -0.8158149668879264 0.38657901734760186 -0.2236389259485795 -0.7016908087073603 -1.7957131760562903 0.8183256215203523 -0.5710329017935901 0.000785525062587761 -1.0636427168871747 1.301714500069574 0.7478729421405462 0.9808759091945427 -0.1104186881258106 0.46791853063369837 0.8906071496948115 1.0230093656399772 0.31238338941639765 -0.0619046856642053 -0.3594796472983204
DCT -0.7486439842988812 -0.965478907474904
GQ2 -18.601441448974732 179.27166962103396 161.00150761141936
GT2 -1743.3143500136423 -8881.890971557968
CPDT 0.0 0.0 0.0 0.007091460028470935 0.043365453705286924 0.0277483659870901 0.026305768964921178 0.09900164372087764 0.06963370521663129 25.905456965410103 0.9991731342022271 45.44572684694053 -9.166059419354 0.8419752275748071 -11.798069697904538 -20.662385600176208 0.5653992342864074 -31.673757921374772 0.0 0.0 0.0 -4.132477120035299 0.11307984685728055 -6.334751584275034 -9.745922302638355 0.14779471775087713 -15.392765763201703 -12.43050904303219 0.11635135864064403 -20.03302753751814 -0.32291387770921887 0.1432158376468986 -0.6397698425837248 -0.3975087280733547 0.15001547314330782 -0.8013507960818487
END
CASE
M 3
T 0.9263577525148907 1.4483457628689207 1.5313960958130277
WP -0.9126610113814513 -3.3137115547151397 -2.5985594159831216 2.800078563342119 -2.9623240384438763 0.5205095476162169 -1.3300585794833255 0.07281721392356832 -1.6656220330371418 -2.172783258921216 -2.1816969869479297 -4.146187078787122
V0 0.19624719427589304 0.3907214502308603 0.7266357586569806
A0 0.24605581360023454 0.026311603369111997 -0.19605169446491363
VF -0.40594343963891893 -0.012769086199831872 0.5790922715991489
AF 0.09015626091067043 0.015916993830981656 0.07718145714376301
TEND 3.906099611196839
C -0.9126610113814513 -3.3137115547151397 -2.5985594159831216 0.19624719427589304 0.3907214502308603 0.7266357586569806 0.12302790680011727 0.013155801684555999 -0.09802584723245682 16.25758260967217 -1.9451449971318873 10.937009513236518 -17.533925868459345 3.0121218052654193 -11.246385709857515 5.003914979309816 -1.0169025391336028 3.1042349461548184 2.8000785633421166 -2.9623240384438763 0.5205095476162169 4.948513433305889 1.2411032445745396 4.370297367011951 -5.196906544452402 2.0325649747784316 -2.9321155237854715 -5.772639797188151 0.4896304625691562 -4.097055880911913 5.6431513015858386 -1.6979559481270308 3.131774830133285 -1.2064808048918432 0.4641124258463199 -0.5802991357662916 -1.3300585794833255 0.07281721392356832 -1.6656220330371418 -4.397861812816917 -0.213491919791994 -4.614167118968766 4.091440108051076 -3.1101643627161737 1.052606071251073 1.6118837271443056 0.38843289616827836 1.8735487505934616 -3.093855507153091 1.663020379219637 -1.07059414228474 0.8933063498116008 -0.6144373638776497 0.15155485081713943
K 50
TS 0.0 0.07971631859585386 0.15943263719170772 0.23914895578756157 0.31886527438341544 0.3985815929792693 0.47829791157512314 0.5580142301709771 0.6377305487668309 0.7174468673626847 0.7971631859585386 0.8768795045543925 0.9565958231502463 1.0363121417461 1.1160284603419541 1.195744778937808 1.2754610975336618 1.3551774161295156 1.4348937347253694 1.5146100533212234 1.5943263719170773 1.674042690512931 1.753759009108785 1.8334753277046387 1.9131916463004925 1.9929079648963466 2.0726242834922 2.1523406020880542 2.2320569206839083 2.311773239279762 2.391489557875616 2.4712058764714695 2.5509221950673235 2.6306385136631776 2.710354832259031 2.790071150854885 2.869787469450739 2.949503788046593 3.029220106642447 3.1089364252383005 3.1886527438341545 3.268369062430008 3.348085381025862 3.427801699621716 3.50751801821757 3.587234336813424 3.6669506554092774 3.7466669740051315 3.826383292600985 3.906099611196839
E0 -0.9126610113814513 -3.3137115547151397 -2.5985594159831216 -0.8886914057472621 -3.283348072929938 -2.5361613827497593 -0.8231738655154217 -3.2571248363854073 -2.447825212426416 -0.6897683347338709 -3.2370661273848684 -2.3151591337096473 -0.4752621610323403 -3.223062614400708 -2.128272748703261 -0.17763711571763985 -3.2132641749303494 -1.8845778870904626 0.19586358613105287 -3.204472718352219 -1.5875894603059841 0.630668265566906 -3.192535008781715 -1.2457263157082255 1.1068097596801412 -3.172735487927174 -0.8711120907513901 1.60085840150275 -3.140189097945844 -0.47837606715762127 2.0878549999131994 -3.0902341042998493 -0.08345402508914246 2.543243819541146 -3.0188249186121583 0.29761090267960855 2.9448054036757654 -2.9229248840830735 0.6498672834462554 3.2744905272965146 -2.800875483058647 0.9605957792587058 3.519326190253286 -2.652544250743856 1.219898997020188 3.6711638860728466 -2.4791966023051453 1.4206044781975347 3.7262153878293574 -2.283316988418541 1.5580416256106984 3.6845866924337995 -2.0684296116494574 1.6298175376400035 3.5498119649234274 -1.8389191428324811 1.6355928424334059 3.3283874827511855 -1.5998514374511712 1.5768575321137452 3.029305580075169 -1.3567942520178586 1.456706796986008 2.6635885920480433 -1.1156379604534319 1.2796168597445783 2.2438227991064936 -0.8824162704671398 1.0512208096804976 1.7836923712606498 -0.6631269399363834 0.7780844368887205 1.29751331238354 -0.46355249328651205 0.4674820664753683 0.799767404500515 -0.28908093787061806 0.1271723927649938 0.304636152078694 -0.14452648034933457 -0.23482568649216917 -0.1744652736836083 -0.033950243070624 -0.6104572359129536 -0.6253540905674262 0.0395190195504187 -0.9918554482739865 -1.0375459610437154 0.0738642046517759 -1.371565810304447 -1.4027210451854868 0.06835914310729561 -1.742770267503446 -1.7151724965992519 0.023738863615566555 -2.099505269696098 -1.9720035506738638 -0.05775927806313184 -2.4367921916537276 -2.172896101446755 -0.17257457354110187 -2.7506184015461708 -2.319767695553765 -0.31605925048994243 -3.037879438594127 -2.4164264537795495 -0.4827158258094187 -3.2963204684131706 -2.4682259926079912 -0.6664344587963239 -3.5244777383577444 -2.481720345772611 -0.8607303043133518 -3.721620032865174 -2.464318885806979 -1.0589808659579596 -3.887690128799665 -2.4239412455951217 -1.2546633492312333 -4.023246250796315 -2.368672239921941 -1.441592014706762 -4.129403526605117 -2.3064167870236147 -1.614155531199495 -4.20777544243496 -2.2445548301380147 -1.767554328934618 -4.26041529829764 -2.1895962590551132 -1.8980379527164122 -4.289757663351863 -2.1468358316673957 -2.0031424150971233 -4.298559831247253 -2.120008095520271 -2.081927549545835 -4.289843275468348 -2.110942309362485 -2.135214363617321 -4.266835104678618 -2.1192173646965227 -2.165822392120931 -4.2329095180644565 -2.1418167073290304 -2.178807050289441 -4.1915292606792 -2.1727832589212124 -2.181696986947932 -4.146187078787122
E1 0.19624719427589304 0.3907214502308603 0.7266357586569806 0.49127913837193204 0.36163463581757355 0.8973495357762458 1.207154455177393 0.2921291188408697 1.3571154629307705 2.1670725374590303 0.21143386145001786 1.9917668741041883 3.2184810114539775 0.1438500661725729 2.702179767680411 4.2330757368697505 0.10875117591437569 3.4042728064436245 5.10680080688424 0.12058287395955258 4.029007317578293 5.759848548145718 0.1888630839705171 4.522387292669151 6.136659520772837 0.31818196998796633 4.84545938770122 6.205922518354631 0.5082019364308858 4.974312923059793 5.960574567950509 0.7536576280965459 4.9000798835304265 5.4178009300902605 1.0443559301605 4.628934918298979 4.619009138720059 1.3651821589621442 4.182079939243344 3.625420016955902 1.6971514880130187 3.5931283371272182 2.5003145590749427 2.021642596601451 2.8975723246428378 1.3013134315050652 2.322238804394722 2.128202480877796 0.08019087275610402 2.5847724513781976 1.314997340953123 -1.117125306580148 2.797324897855328 0.48512339602329724 -2.2505537238299387 2.950226524447643 -0.33706490672375694 -3.2858594242375645 3.036056732094758 -1.130025164066675 -4.194653880965352 3.0496439420543675 -1.875027016750637 -4.954394995093683 2.988065595902252 -2.5561521494873864 -5.548387095620974 2.8506481555322716 -3.160294290955214 -5.965780939463693 2.6389671031563724 -3.6771592137989786 -6.201573711456341 2.3568469413045796 -4.099264734630074 -6.256609024351464 2.0103611928250036 -4.421940714026467 -6.137576918819649 1.6078324008838338 -4.643329056532665 -5.857013863449538 1.1598321289653484 -4.764383710659742 -5.433302754747793 0.6791809608719017 -4.788870668885307 -4.890672917139149 0.18094850072393953 -4.723367967653555 -4.259199269403128 -0.31754705519744364 -4.577265396847399 -3.5738959566694604 -0.7972044718369621 -4.3624485967999425 -2.8691366725744447 -1.2400054612587894 -4.091354332866213 -2.175130938400794 -1.630824631995098 -3.7757423475352465 -1.5177594447016043 -1.9575140653596397 -3.4266379708567385 -0.9185740513003506 -2.2109033154477506 -3.054332120441048 -0.39479778729090964 -2.3847994091363396 -2.668381301459203 0.04067514896246732 -2.4759868460838987 -2.2776076066428903 0.3792793898251333 -2.484227598730497 -1.890098716284465 0.6167783983920527 -2.4122611122977804 -1.5132078982369486 0.753264468487808 -2.2658043047889778 -1.1535540079140203 0.7931587246665952 -2.0535515669888955 -0.8170214882900317 0.7452111222122113 -1.7871747624639163 -0.5087603698999916 0.6225004471380808 -1.4813232275620023 -0.2331862708395761 0.4424343161872297 -1.1536237714127013 0.0060196032348707185 0.226749176832298 -0.8246806759271266 0.20591045910634453 0.0015103072755469071 -0.5180756957979877 0.3642739159971775 -0.20288818355116334 -0.2603680584995516 0.47963200556902885 -0.3517233559863513 -0.08109446428769118 0.5512411719229098 -0.405943439638925 -0.012769086199824642 0.579092271599146
E2 0.24605581360023454 0.026311603369111997 -0.19605169446491363 6.73564828260165 -0.684656629696917 4.208939789028712 10.85527777167362 -0.9980545469433894 7.087418252855211 12.909125832316448 -0.9756983449598243 8.62808614420785 13.201374016030446 -0.6794042203357425 9.019645910279912 12.036203874315902 -0.17098836966066377 8.450799998264658 9.717796958673127 0.48773301047589435 7.110250855355365 6.550334820602448 1.2349437234844087 5.186700928745315 2.8379990116041363 2.0088275727753624 2.8688526656277666 -1.115028916821494 2.747568361759237 0.34540851319600563 -5.004567413174151 3.389349893846507 -2.1949290813567295 -8.526434925953495 3.872355972447661 -4.563457670837138 -11.379883992336504 4.135589340200046 -6.573512201031598 -13.415545968392598 4.154152580065372 -8.128238386133456 -14.691716268800128 3.9526706547658517 -9.25398589192331 -15.281735308934795 3.5593563613510444 -9.986030356013208 -15.258943504172324 3.0024224968705053 -10.359647416015216 -14.696681269888426 2.310081858373793 -10.410112709541382 -13.668289021458815 1.510547242910464 -10.172701874203774 -12.247107174259193 0.6320314475300697 -9.682690547614438 -10.506476143665294 -0.2972527307178283 -8.975354367385439 -8.519736345052802 -1.2490924947836732 -8.085968971128825 -6.360228193797477 -2.1952750476179075 -7.0498099964566725 -4.101292105274979 -3.107587592170985 -5.902153080981003 -1.8162684948610597 -3.9578173313933345 -4.678273862313912 0.42150222206858245 -4.717751468235413 -3.4134479780674294 2.5386796301382333 -5.359177205647651 -2.1429510658536337 4.461923313972179 -5.853881746580502 -0.9020587632845505 6.1178928581947005 -6.173652293984407 0.2739532920277199 7.43324784743011 -6.290276050809808 1.349809462471157 8.334846498764232 -6.175642247014596 2.290303341240523 8.786493993448044 -5.82061781719779 3.073105913868066 8.832027191614447 -5.257177743617437 3.703782185102032 8.525749036573687 -4.522672882836225 4.191544979270879 7.921962471636019 -3.6544540914168397 4.545607120703073 7.074970440111683 -2.6898722259219547 4.775181433727081 6.039075885310934 -1.6662781429142637 4.889480742671364 4.868581750544017 -0.6210226989564389 4.897717871864391 3.6177909791211764 0.40854324938883435 4.809105645634625 2.3410065143526797 1.3850688455588642 4.6328568883105286 1.0925312995487566 2.2712032329909793 4.378184424220571 -0.07333172198033111 3.029595555122489 4.054301077693215 -1.1022796069243377 3.622894955390713 3.670419673056923 -1.9400094119730333 4.01375057723298 3.2357530346401604 -2.532218193816142 4.1648115640865875 2.7595139867713936 -2.8246030091434235 4.038727059388862 2.2509153537790896 -2.762860914644641 3.5981462065771304 1.7191699599917083 -2.292688967009518 2.805718149088687 1.17349062973772 -1.359784222927857 1.6240920303608704 0.6230901873455821 0.09015626091064632 0.015916993830991544 0.07718145714376057
E3 97.54549565803302 -11.670869982791324 65.62205707941911 65.90763530392012 -6.295829819601924 45.28915320460234 38.085575238358494 -1.6962418809804407 27.323423962497323 14.079315461348155 2.1278938330731263 11.724869353104042 -6.111144027110942 5.176577322558773 -1.5065106235774977 -22.485803227018728 7.449808587476506 -12.370715967547287 -35.04466213837527 8.94758762782632 -20.867746678805354 -43.787720761180566 9.66991444360822 -26.997602757351686 -48.71497909543457 9.61678903482219 -30.760284203186245 -49.82643714113729 8.788211401468253 -32.15579101630908 -47.12209489828868 7.184181543546394 -31.184123196720137 -40.601952366888895 4.8046994610566145 -27.845280744419483 -30.606714685047162 1.7310143087579646 -22.341398875401392 -20.6192755087248 -1.2062959912412703 -16.738825826559356 -11.55185392312352 -3.7896913394902954 -11.578767412530004 -3.4044499282433716 -6.0191717359890955 -6.861223633313365 3.8229364759156734 -7.894737180737682 -2.5861944889094195 10.130305289353615 -9.416387673736054 1.2463200206818268 15.51765651207046 -10.58412321498421 4.636319895460376 19.98499014406619 -11.397943804482146 7.583805135426239 23.53230618534083 -11.85784944222987 10.088775740579395 26.15960463589434 -11.963840128227373 12.151231710919845 27.86688549572677 -11.715915862474667 13.771173046447611 28.654148764838098 -11.114076644971735 14.948599747162689 28.52139444322829 -10.158322475718592 15.683511813065046 27.46862253089739 -8.848653354715232 15.975909244154721 25.49583302784542 -7.185069281961667 15.825792040431693 22.60302593407232 -5.167570257457868 15.23316020189597 18.790201249578047 -2.7961562812038565 14.198013728547537 14.057358974362756 -0.07082735319964684 12.720352620386436 8.439998684045204 2.990182268985773 10.81254980096369 3.0049036394646027 5.838922351881354 8.846418946973584 -1.7489890582596164 8.219115251206617 6.995858210755362 -5.821679409127421 10.130760966961544 5.260867592309037 -9.213167413138798 11.573859499146128 3.641447091634614 -11.923453070293785 12.548410847760385 2.137596708732079 -13.952536380592347 13.054415012804307 0.7493164436014483 -15.300417344034518 13.091871994277898 -0.5233937037572969 -15.967095960620256 12.660781792181151 -1.6805337333441472 -15.952572230349602 11.761144406514074 -2.722103645159091 -15.256846153222519 10.392959837276653 -3.648103439202149 -13.879917729239068 8.55622808446892 -4.45853311547331 -11.821786958399159 6.250949148090832 -5.1533926739725775 -9.082453840702868 3.4771230281424153 -5.73268211469995 -5.661918376150155 0.2347497246236756 -6.196401437655421 -1.5601805647410458 -3.476170762465401 -6.544550642839008 3.222759593524458 -7.6556384331248 -6.777129730250687 8.686902098646414 -12.30365328735455 -6.89413869989048 14.832246950624736 -17.420215325154622 -6.895577551758379 21.658794149459524 -23.005324546525053 -6.781446285854372
CP -0.9126610113814513 -3.3137115547151397 -2.5985594159831216 -0.8763019894160974 -3.241321985816096 -2.463934482325835 -0.8293854668268396 -3.167803466680434 -2.3377215258388726 0.5204743952479797 -3.24778401976275 -1.3504901672484535 1.883259806868716 -3.1922651609004777 -0.28918222172917196 2.800078563342112 -2.9623240384438754 0.5205095476162156 2.8000785633421166 -2.9623240384438763 0.5205095476162169 4.23351025606782 -2.6028147133313952 1.786449882414009 4.5767840312627275 -1.8169331259515022 2.4373187461302472 2.0760548502453258 -0.45591961214109755 1.2283474744463367 -0.05613367502804412 0.13465923741106622 -0.3290401538516412 -1.3300585794833264 0.07281721392356921 -1.6656220330371427 -1.3300585794833255 0.07281721392356832 -1.6656220330371418 -2.6770322614979314 0.007429075432150781 -3.0788455353206645 -3.0644920461873575 -0.7873467236825586 -4.245214598311083 -1.9135475735261451 -2.172008769440186 -4.4918647389865445 -2.0484512192044226 -2.177786081197226 -4.323551007555609 -2.1727832589212124 -2.181696986947932 -4.146187078787122
CPT 0.0 0.18527155050297817 0.37054310100595633 0.5558146515089344 0.7410862020119127 0.9263577525148907 0.9263577525148907 1.216026905088675 1.5056960576624592 1.795365210236243 2.0850343628100276 2.3747035153838114 2.3747035153838114 2.680982734546417 2.9872619537090226 3.293541172871628 3.5998203920342338 3.906099611196839
ENERGY 4072.474503850847
EGQ 1490.4949882083956 -355.4435915951795 884.2881796610629 -503.94891712882554 258.851949533752 -175.64495678002254
EGT -14736.715213920612 -3937.5206340355944 -966.0305512451025
DCC 0.035742862402861314 0.5472366858944854 -1.1229615793719292 -1.9752476678724065 -0.4251500496273028 -1.1490738210190379 1.6151380541856668 -0.1584768602278531 -0.25287334532492606 -1.538154034502331 0.28208603286021405 -0.6236121342785569 1.1218222632388664 0.8412210310146858 -0.7758961005461539 0.41071644017052067 -2.7224161043317197 -0.6733047987738846 1.246221529161101 0.7902080282018997 0.17534088846317405 -0.029294601645347716 -1.4195142573515425 -1.3599663240249162 0.22341155858105105 1.7617794317958786 -2.17088984670659 0.6284881710818028 0.6011965260018283 0.9507578580526358 -0.8692466670412092 -0.5290070709143675 0.0456840955560058 -1.0275518112682733 -1.2292892985419785 -0.8833584719002474 -0.0708934636947166 0.3740533508588625 -0.024593738361064866 0.07726065834448786 -0.6839132179822826 -0.7208376678122493 1.120622815042411 -0.05481416026812425 -0.0824137241779902 0.9359865007909188 1.2385371249615589 1.272795525467371 0.4058922175136146 -0.05032522141475025 0.28931753889400547 0.17930567677828915 1.3974805560965453 0.2920467917406912
DCT 0.638405674353092 -0.0278877131482307 1.3710518498340016
GQ2 -11.853433505378847 -10.056769726571684 1.1481106206038174 1.942834631235222 3.4812346976131905 -1.856079917027315
GT2 139.87035878704805 2.653152944153863 -1.3293869779938154
CPDT 0.0 0.0 0.0 0.03924943885517861 0.07814429004617207 0.14532715173139613 0.10129244875835085 0.15872597586855153 0.27249290275666693 4.371507201435509 -0.25901619390084624 3.197138543646668 5.884488613264258 0.23972966690913644 4.582713072300742 4.94851343330588 1.2411032445745391 4.370297367011952 0.0 0.0 0.0 0.9897026866611779 0.24822064891490792 0.8740594734023903 0.4740218585856757 1.085212671625039 0.8987755277814058 -5.179831871218152 2.8191062149023183 -2.5041767705160747 -5.888617428064624 1.6310438147927604 -4.301148712481652 -4.39786181281691 -0.21349191979199666 -4.614167118968764 0.0 0.0 0.0 -0.8795723625633833 -0.042698383958398804 -0.9228334237937532 -0.5060216435823166 -1.03797548039687 -1.5232754819989098 2.254696500418138 -2.712548470399166 -0.4831868280515237 -0.3523677409054784 -0.015090313401832312 0.4396347408514929 -0.405943439638925 -0.012769086199824642 0.579092271599146
END
CASE
M 4
T 1.1059102592320664 0.35691332556275546 0.5856429858842644 0.5649773286062412
WP -1.5909950466586054 4.992098258817393 0.45974895751598766 -1.9666887439462233 -1.2934829916034705 1.9586687805328236 -3.797534313612622 2.582211881687652 3.8376760684891735 -0.24868855222962338 -0.6269529503376781 -3.5688522673113567 -0.772577415902135 2.6441169437916434 -0.860167085640966
V0 -1.1491938200922416 -0.3660410630522249 0.3682345502220657
A0 0.13971501555294116 -0.03236281463925819 -0.10243088826172099
VF 0.7922668967351905 0.14112060308903407 0.4547731953929287
AF 0.11852146984098949 -0.20081295577081004 0.46661069417574863
TEND 2.6134438992853277
C -1.5909950466586054 4.992098258817393 0.45974895751598766 -1.1491938200922078 -0.36604106305234113 0.36823455022203655 0.06985750777647058 -0.016181407319629096 -0.051215444130860495 21.843112083250688 -62.129212265066165 -24.70107099881971 -32.264291460781386 84.3886048502418 40.80050454407012 11.80420977586856 -29.05081127664843 -15.998851483609126 -1.9666887439462233 -1.2934829916034705 1.9586687805328236 -7.123752157945198 10.93095693720457 10.708986255779708 -4.563040593381679 20.185912609399026 1.0049431158563564 23.487380661543387 -44.12663319647487 -39.88623822007984 33.00769200552108 -76.24934629905874 -47.66596541419739 -53.614310859203925 111.61785001258181 89.05398315733248 -3.7975343136126227 2.582211881687627 3.8376760684891664 0.2478040555811063 3.6660260961801825 -5.259783600886756 21.43799707879512 -34.5929944864759 -37.64559990788592 2.313193588395677 -10.797497505389325 5.506594990025822 -62.67061792704805 122.94014390171833 111.25680100226835 42.94456482857222 -83.96719769043077 -81.40629152413665 -0.2486885522296407 -0.6269529503376734 -3.568852267311345 2.6438876127342623 1.427223187972391 -2.178976519584264 -17.20611355244339 30.772338640412933 37.46600836231808 2.793046042212508 -10.7901348666065 -13.071776408754193 63.08029794147894 -122.93385795707259 -127.11831718753301 -60.041894666922964 123.57644268562292 126.63805822002891
K 50
TS 0.0 0.053335589781333216 0.10667117956266643 0.16000676934399966 0.21334235912533286 0.2666779489066661 0.3200135386879993 0.3733491284693325 0.42668471825066573 0.48002030803199897 0.5333558978133321 0.5866914875946654 0.6400270773759986 0.6933626671573319 0.746698256938665 0.8000338467199982 0.8533694365013315 0.9067050262826647 0.9600406160639979 1.013376205845331 1.0667117956266643 1.1200473854079975 1.1733829751893308 1.226718564970664 1.2800541547519972 1.3333897445333305 1.3867253343146637 1.4400609240959967 1.49339651387733 1.5467321036586632 1.6000676934399964 1.6534032832213297 1.706738873002663 1.7600744627839962 1.8134100525653294 1.8667456423466626 1.9200812321279959 1.973416821909329 2.026752411690662 2.0800880014719954 2.1334235912533286 2.186759181034662 2.240094770815995 2.2934303605973283 2.3467659503786615 2.4001015401599948 2.453437129941328 2.5067727197226612 2.5601083095039945 2.6134438992853277
E0 -1.5909950466586054 4.992098258817393 0.45974895751598766 -1.6490311480377955 4.963773137717598 0.47581881506331225 -1.6902876147186796 4.88798172558337 0.4735261572916654 -1.7035148718507656 4.730868810219483 0.44123491086040595 -1.682506770198844 4.471959367118278 0.3735757749160121 -1.6254892167762678 4.1026539457303155 0.27061760080444364 -1.5345088054782279 3.6247240557350158 0.13703877178350565 -1.4148214477150345 3.048807553311307 -0.018701417264787898 -1.274281003045393 2.3929040274082687 -0.18519138012185266 -1.1227279098096858 1.6808701860157786 -0.3488958595201685 -0.9713778157632474 0.9409152424351612 -0.49498454743091647 -0.8322102087096451 0.20409630154982938 -0.6081607053516196 -0.717357047133955 -0.4971862539040779 -0.6734897845937735 -0.6384913908360452 -1.1306933770670238 -0.6772280465704887 -0.6062160315638492 -1.6658519706854626 -0.607651183084124 -0.6294521236466464 -2.0752595008411596 -0.4558829366139241 -0.7148278146283378 -2.3361886106805656 -0.21672372060365674 -0.8660668759007404 -2.4320917341441977 0.11052076025074875 -1.0833773333368288 -2.3541057096959292 0.5212108897135597 -1.362840097924062 -2.1025563940523817 1.0045445197216338 -1.6957975963976288 -1.6884632759122837 1.5427283500967413 -2.068242438814533 -1.1350440102524384 2.1101493675796092 -2.4602973477526833 -0.4790227138447191 2.672692838046588 -2.8468301317866356 0.23050241133872854 3.188883018310083 -3.1998169523436273 0.9369507890334584 3.6138313782937783 -3.491113088086093 1.582027416640621 3.903839206245719 -3.6952297533433662 2.1115038311342738 4.021009935892828 -3.792110916543364 2.480999074968684 3.937861473595448 -3.769907539489275 2.6617554377723915 3.641933972388837 -3.627365664959848 2.6456320276462386 3.139715912908941 -3.3738838133956754 2.445377406241164 2.456455697580627 -3.027532240865129 2.0907738673697156 1.6323752152759827 -2.612829323377167 1.6242897623434125 0.7184546488093464 -2.1585173511189906 1.096730630082079 -0.22778375925720806 -1.6953383226937082 0.5628903272231744 -1.146491940808389 -1.2538097393579886 0.07720215823113263 -1.9797122363702022 -0.8620003992597222 -0.31060999449330917 -2.675593629304465 -0.5433061916756761 -0.5598805405037695 -3.192607980003325 -0.3142258912491571 -0.6433510511988967 -3.50376626008378 -0.1821402082524961 -0.5515125680033583 -3.6008282090420827 -0.1435271049823457 -0.2960687244712333 -3.4976306837502515 -0.18470038642605466 0.09168616444369318 -3.2283187072247626 -0.28467670171304876 0.5667782966281792 -2.841276885774387 -0.41828476593045116 1.076953712057232 -2.3925715134906715 -0.5592750790976054 1.5690786239421421 -1.9393916724209448 -0.6834296451405997 1.9955397498785146 -1.53349033274131 -0.7716716908667918 2.3206446429943046 -1.214625452929649 -0.8131753849393288 2.5270220230978477 -1.0040010799386176 -0.8084755568516755 2.622022107825895 -0.8977084493686531 -0.772577415902135 2.6441169437916425 -0.8601670856409642
E1 -1.1491938200922078 -0.36604106305234113 0.36823455022203655 -0.9744350314890792 -0.8479419672578519 0.1760851907345811 -0.5376546264693018 -2.0994386351378864 -0.29815847779549803 0.06085582004362879 -3.855558004424116 -0.9292314557998342 0.7322674237841444 -5.879537326740364 -1.607404716801087 1.399213991144604 -7.9628241676026015 -2.238485207412944 1.9957920191752927 -9.925076406418949 -2.743815847340117 2.4675606955844236 -11.614162236489676 -3.060275529378346 2.7715418987381373 -12.906160165007222 -3.1402791194144006 2.8762201976604977 -13.705359013056125 -2.951777456426071 2.761542852033503 -13.944257915613152 -2.4782573524821787 2.4189198121970676 -13.58356632154712 -1.7187415927425675 1.8512237191490453 -12.612203993619115 -0.6877889354581121 1.0727899045452105 -11.047301008482258 0.5845058880292875 0.10941639069926268 -8.934197756681897 2.0525121732866936 -1.001636109417177 -6.346444942655502 3.6550632427901704 -2.211644192174532 -3.385803584732713 5.315456445924738 -3.4604217632853533 -0.18224501513520863 6.94145315898438 -4.676320037804189 3.1060491200229734 8.425278785172068 -5.776227540127742 6.292686860735813 9.643622754599747 -6.66557010399471 9.163065933105031 10.4576385242883 -7.238323937661775 11.474401843231488 10.712964558980856 -7.383729576769231 12.97016480963717 10.250505984003775 -7.022198081454493 13.457288428807143 8.964094828136048 -6.125431424324722 12.84943430442975 6.832800503425453 -4.717194720873044 11.16865256521028 3.922169897343462 -2.8733162294785584 8.54538186487099 0.3842273727852299 -0.7216873514063358 5.218449382151092 -3.5425252319303757 1.558159172907434 1.5342164353439192 -7.533853234526166 3.756872654760771 -2.0976259362076854 -11.218315046249838 5.6911324344028 -5.317179967903488 -14.275853435173145 7.219190331064298 -7.84582321448268 -16.465233400572195 8.241000257671086 -9.486471091398007 -17.62427098834697 8.698218220844023 -10.123576874815774 -17.669833291021334 8.574202320899024 -9.723131701615852 -16.59783844774302 7.894012751847024 -8.332664569391662 -14.483255644283629 6.724411801394025 -6.081242336450199 -11.48010511303869 5.173863850941068 -3.1794697218120085 -7.821458133027527 3.3925353755842202 0.08051069478878503 -3.8194370298934217 1.571780099469926 3.326056014463998 0.13582486877664385 -0.08011224394707969 6.1528953719480555 3.6251734932136674 -1.3972785455014491 8.244760585486762 6.320353296255718 -2.2720459819787204 9.40515390322747 8.015851641008414 -2.655046494155468 9.557578705287266 8.629130059493306 -2.555216786799316 8.745539503752958 8.200624252647877 -2.039798328668926 7.13254194268108 6.893744090325539 -1.2343373525140109 5.002092798097898 4.994873611295631 -0.3226848550753054 2.757699977999387 2.913371023243432 0.45300340291539243 0.9228725223512626 1.1815687027701216 0.7922668967352315 0.1411206030890213 0.45477319539288885
E2 0.13971501555294116 -0.03236281463925819 -0.10243088826172099 6.064244997500638 -17.121997269037774 -6.6628808234432455 10.000929327283718 -28.979136491667486 -10.729067797264587 12.164684361971116 -36.132701490204646 -12.592278981288331 12.770426458631752 -39.1116132723255 -12.543801547077056 12.033071974334568 -38.4447928457063 -10.874922666193335 10.167537266148493 -34.661161218023324 -7.876929510199766 7.38873869114245 -28.289639396952836 -3.841109250658924 3.9115926063853514 -19.859148390171008 0.9412509408666239 -0.04898463105382689 -9.898609205354163 6.1788638928142845 -4.278076664106202 1.0630571498214891 11.580442433621478 -8.560767135702783 12.496929667679609 16.854699391725603 -12.682139688774718 23.874087340544065 21.710347595564116 -16.427277966253016 34.665609160738455 25.856099873574422 -19.581265611068773 44.342574120586676 29.000669054193907 -21.929186266153053 52.376061212412424 30.852767965860096 -23.256123574436998 58.23714942853945 31.12110943701026 -23.347161178851394 61.39691776129126 29.51440629608183 -21.987382722327766 61.326445202992204 25.741371371512457 -18.96187184779683 57.49681074596538 19.51071749173923 -14.05571219818978 49.379093382535075 10.531157485199799 -7.057684115666997 36.45232107309554 -1.4826594467714092 1.8563213675943677 19.02792125768098 -16.194439423149014 11.788963732130826 -1.0313544332287123 -32.10934335347832 21.764100347863312 -21.693307134648066 -47.605987171730774 30.80558858471276 -40.92573798159164 -61.06298681187784 37.93728581260012 -56.696448109073955 -70.85895820789098 42.18304940144632 -66.97323865210954 -75.37251729374155 42.621923283598925 -69.83569401128945 -73.07970363766529 39.25308617755022 -65.22717967164112 -64.08091735759358 32.835642535352314 -54.63033039603274 -49.81809396483782 24.151473533645685 -39.573916393022074 -31.77337787643686 13.982460349070823 -21.586707871166848 -11.428913509429478 3.110484158268239 -2.197475039024873 9.733154719145439 -7.682573862121636 17.065011894846208 30.230682392249122 -17.614832535458262 34.671982721888526 48.581525092842654 -25.904410685101155 49.09466723354436 63.3035384038873 -31.769427134409824 58.80429522125587 72.91457790834406 -34.42800070674383 62.272096476465435 75.93249918917434 -33.16337626584429 58.100546155979714 71.00671983068361 -28.261307872169922 46.912427806820084 58.8118399019952 -20.793875417257162 30.915169465225606 41.61092699519594 -11.854246975745896 12.358697164858068 21.709649228330537 -2.535590622276004 -6.5070630606207445 1.4136747194436978 6.068925568512643 -23.432185177549073 -16.971328413419897 12.866133521980139 -36.166743152265084 -31.139692052215494 16.762865163486623 -42.460810951107106 -38.78574807889851 16.665952418392152 -40.06446254041322 -37.60382837542403 11.482227212056927 -26.727771886521737 -25.288264823747625 0.11852146984099932 -0.20081295577080027 0.4666106941757562
E3 131.05867249950413 -372.775273590397 -148.20642599291824 91.77338777143666 -269.71171400207123 -98.71027233708286 56.51761425623944 -176.56500374164716 -54.67552208480613 25.291351953912454 -93.33514280912479 -16.102175236088062 -1.9053991355442434 -20.022131204504035 17.009768209071375 -25.072639012130722 43.37403107221506 44.66030825067217 -44.21036767584695 96.8533440210324 66.84944488871427 -59.31858512669292 140.41580764194813 83.57717812319774 -70.39729136466858 174.06142193496225 94.8435079541226 -77.44648638977407 197.79018690007467 100.64843438148881 -80.46617020200932 211.60210253728548 100.99195740529638 -79.4563428013742 215.4971688465945 95.8740770255452 -74.417004187869 209.47538582800178 85.29479324223541 -65.34815436149341 193.53675348150762 69.25410605536712 -52.249793322247626 167.68127180711178 47.75201546493997 -35.12192107013158 131.90894080481416 20.78852147095438 -13.964537605145097 86.21976047461476 -11.636375926590176 11.222357072711247 30.61373081651368 -49.522676727693124 40.438762963438194 -34.90914816948862 -92.87038093235469 73.68468006703506 -110.34887648339281 -141.67948854057488 110.96010838350242 -195.70545412519846 -195.9499995523538 151.48058171015956 -289.2920528162103 -254.4221728810456 179.7301651963808 -357.7449437086937 -292.17962517926316 189.67784869272512 -388.095717922293 -299.53741240063516 181.32363219919256 -380.344375457008 -276.4955345451616 154.66751571578305 -334.49091631283903 -223.05399161284254 109.70949924249663 -250.53534048978588 -139.21278360367796 46.44958277933364 -128.47764798784908 -24.971910517668334 -29.696995675639553 20.71331369313351 110.10883368485965 -94.18577584233505 147.32145785960708 222.69986991082794 -144.0149041734351 245.2663733109685 307.5018740268042 -179.1843806689397 314.54806004721763 364.5148460327884 -199.69420532884882 355.1665180683545 393.7387859287805 -205.54437815316248 367.12174737437925 395.1736937147807 -196.73489914188076 350.4137479652918 368.81956939078884 -173.2657682950035 305.0425198410919 314.6764129568048 -135.1369856125309 231.0080630017801 232.74422441282866 -82.34855109446266 128.3103774473559 123.02300375886057 -14.90046474079952 -3.0505368221797653 -14.487249005098647 61.028611817865006 -150.62312128401618 -167.30493535121263 119.3751701163068 -261.88284548683333 -282.7788067827182 157.22569416966599 -330.9582413099308 -355.0232299696737 174.5801839779425 -357.8493087533087 -384.038204912079 171.4386395411365 -342.556047816967 -369.823731609934 147.80106085924785 -285.07845850090564 -312.37981006323923 103.66744793227667 -185.41654080512478 -211.70644027199398 39.03780076022281 -43.57029472962404 -67.80362223619886 -46.08788065691351 140.46027972559614 119.32864404414636 -151.70959631913252 366.67518256053586 349.6903585690418 -277.8273462264342 635.0744137751951 623.2815213384872
CP -1.5909950466586054 4.992098258817393 0.45974895751598766 -1.845176093755818 4.911136545431433 0.5411958308948388 -2.090813305676012 4.828195785247621 0.6163788633910173 0.6265265176873274 -3.6601331473562 -2.655694014209847 -0.39104262480658036 -3.711214475619176 -0.4099667727155687 -1.966688743946218 -1.293482991603483 1.9586687805328147 -1.9666887439462233 -1.2934829916034705 1.9586687805328236 -2.4752011585816387 -0.5132021531952794 2.723104760124059 -3.041840834076755 0.5242212163662634 3.5003424208419687 -3.5598196665841746 1.6181602546768485 4.109034348493966 -3.8152232275257005 2.320521168570141 4.213133439835758 -3.79753431361262 2.5822118816876465 3.837676068489169 -3.7975343136126227 2.582211881687627 3.8376760684891664 -3.768509372207673 3.0116083755469463 3.221604993863485 -3.0042089229082247 2.25454227697528 1.314373766051534 -1.4581695836896804 0.09413236426282173 -1.7734107777326171 -0.5583633994024937 -0.7941216002031068 -3.3136318042910635 -0.2486885522296709 -0.6269529503376248 -3.5688522673112697 -0.2486885522296407 -0.6269529503376734 -3.568852267311345 0.05005875988590647 -0.46568320152456844 -3.815066733937434 -0.20041200897778022 0.677837694464692 -2.8653685296406817 -0.9497309508509926 2.6090199986864646 -0.9554946114058651 -0.8620999828742619 2.628170955522736 -0.9115543946519247 -0.772577415902135 2.6441169437916425 -0.8601670856409642
CPT 0.0 0.2211820518464133 0.4423641036928266 0.6635461555392398 0.8847282073856532 1.1059102592320664 1.1059102592320664 1.1772929243446175 1.2486755894571686 1.3200582545697197 1.3914409196822708 1.4628235847948219 1.4628235847948219 1.5799521819716749 1.6970807791485276 1.8142093763253806 1.9313379735022336 2.0484665706790866 2.0484665706790866 2.161462036400335 2.274457502121583 2.3874529678428313 2.5004484335640793 2.6134438992853277
ENERGY 318030.7959191673
EGQ 15700.444952417389 -33760.47870941523 -25212.680313825946 -23174.13016506626 46940.41144872299 40910.46592355254 24716.75027891882 -49810.47369025285 -49930.64393859971
EGT -176533.50570482307 -927416.1702194702 -976254.238091819 -873198.8905070333
DCC -1.2381390312603113 -1.1961734611212997 -0.4291495058353073 -0.7296598932433178 -0.5574688991187301 -0.5999530642622719 0.9868272043916306 0.05419467513069881 0.35190744273261654 -1.5879695088078003 -0.8469513493629065 1.0845702624154838 -1.2038266452453983 1.1785308940300598 -1.0306658539867677 0.2992183280046312 -0.8462399711359871 0.19662030046938397 -0.8996378247378555 -0.25660542872430736 1.6725477657523191 -0.37526964620246095 2.0367947804284854 -0.45879339774744726 -1.1757696594945186 0.0750524988025546 -0.40899021503626826 1.756531982972958 0.860923068588955 1.181273982805545 0.6316701712585887 2.4709971110767017 0.7943025166472251 0.5313528780883513 -0.8293985972081677 -0.9093038342550448 0.18423593356884393 0.9977381754488336 1.1169590406661698 -0.9440005414502601 0.5314067039673245 0.19334599692989032 -1.1182635832284737 0.5118455817801992 -2.270566289057873 0.26316354598898556 2.471313493673772 -1.0198852016126243 0.01875261496877628 -1.8942642236062688 -0.7550016557819287 0.7561977395834237 -1.042462005800141 -0.03425814295827893 -0.3551682991253563 -0.3784283679264714 0.1906486884846215 0.48439629391143707 1.2302677544535274 0.8329706228846139 -0.5649417518483311 1.4146960132546782 1.248281217180286 -1.5589480991668634 0.6652325921965275 0.825595171805689 0.966318832646851 0.5471752988886776 -1.297183264829064 -0.26763433320209956 -2.07020655646841 -0.15789255356057583
DCT 2.0289426240766937 0.6815708850036828 0.8362035824966512 -0.5134880466237681
GQ2 37.401784185027715 63.04024360779726 44.32212585310827 -50.79059268886208 -94.01483144682275 -30.402641702085745 38.178027328806586 100.2203023708188 5.5453435659261
GT2 389.00722031240116 2407.5396028183877 568.4091891124201 1827.2880289043615
CPDT 0.0 0.0 0.0 -0.22983876401844158 -0.07320821261046823 0.07364691004440731 -0.4442263011300066 -0.14999546209365458 0.13596588306972554 7.371320956684768 -23.026268709627583 -8.876143928368004 -3.6804763641509197 -0.1847575889148203 8.12263824391571 -7.123752157945233 10.930956937204598 10.708986255779706 0.0 0.0 0.0 -1.4247504315890396 2.186191387440914 2.1417972511559418 -3.17522286175042 5.813307014669781 4.355330020208221 -4.353820342998193 9.194997440225075 5.116300379305722 -2.8623594878540644 7.8715011582810455 1.1666596216619949 0.24780405558111873 3.666026096180225 -5.259783600886767 0.0 0.0 0.0 0.049560811116221265 0.7332052192360365 -1.0519567201773512 2.6101241463531855 -2.585418477875456 -6.513289747446442 7.919702155490724 -11.06686137178155 -15.817407285029947 6.145765976714063 -6.066863163227342 -10.5198632182565 2.6438876127342574 1.4272231879723947 -2.178976519584239 0.0 0.0 0.0 0.5287775225468525 0.2854446375944782 -0.43579530391685284 -0.8866577690173167 4.048024011194379 3.3618984557826073 -3.9788443036558405 10.254476806985485 10.141330394334615 0.6204211287055372 0.1355874359313951 0.31109366361540935 0.7922668967352315 0.1411206030890213 0.45477319539288885
END
CASE
M 5
T 1.1933519054431045 0.9699054327248284 1.4708895250186027 0.7302899871188364 0.7776804324302511
WP -1.704902252445244 -3.077417130893653 -3.6321123153604917 4.433776963503583 -3.3583480854019 3.023521504177914 -2.8831691020335546 3.629193392500575 -4.4332542270873745 -1.185825899851769 -0.9806900496057267 4.762421164686362 3.977273314741284 -1.1554816727037176 -0.7531716672150655 2.1514541368091997 1.4011437702136078 3.9415250801946513
V0 -0.723835848631949 -0.852892697258168 -0.1890599613740755
A0 -0.20354817477764345 -0.12337378033953225 0.21570379310500898
VF -0.8162597384809502 -0.4228468155035899 -0.11155002923979852
AF -0.360665495898976 0.11099630494530231 0.09899920734320106
TEND 5.142117282735623
C -1.704902252445244 -3.077417130893653 -3.6321123153604917 -0.723835848631975 -0.8528926972581556 -0.18905996137414402 -0.10177408738882172 -0.061686890169766126 0.10785189655250449 21.52605299369907 -4.351890154035018 27.172132436307265 -20.55008029835835 6.237095282389352 -28.567029105137305 5.058089465525047 -1.8298516241208254 7.63796379141149 4.433776963503583 -3.3583480854019 3.023521504177914 2.5936111951097587 4.250739136388894 -0.5867086729470756 -12.668989064949185 6.554154978839977 -16.903773031139885 -4.536172864059736 -0.6384034862356339 -0.4185573982307839 9.630323209571692 -4.681189329224378 17.0068641157944 -2.6774255644409983 1.659314131568882 -6.587734234393495 -2.883169102033535 3.6291933925005715 -4.433254227087331 -11.48343483368697 5.420337873036675 -1.6383960556560524 4.05946734965443 -6.585768455005994 17.763286337298204 7.638852978809943 -3.1902047082568266 3.589736090385827 -3.3539247937666303 3.365699624804318 -14.940532000633542 0.17363578354790085 -0.5717102490765319 4.6019986149706895 -1.1858258998517694 -0.9806900496057267 4.762421164686362 11.410050357905318 -5.197455765057873 -8.5587713707887 -0.24482637188569686 4.833889996259907 -13.891797322453247 -8.337520458824562 4.243041898942306 15.251224134437658 -2.0769295178216063 -0.8389134587579173 18.904625783918984 3.846916405515138 -1.786721980798224 -15.278131350127143 3.977273314741279 -1.1554816727037096 -0.7531716672150615 -0.05205307701015174 4.803584220178735 3.2765150060035677 -10.174300707106097 4.486430814971328 20.509948546367806 6.1119440984588795 -7.736566080038534 -11.007199732113317 11.969893143332847 -7.363039320468301 -36.88270595050223 -10.141977468594053 8.576347336348986 29.56574959235863
K 50
TS 0.0 0.10494116903542088 0.20988233807084175 0.3148235071062626 0.4197646761416835 0.5247058451771044 0.6296470142125252 0.7345881832479462 0.839529352283367 0.9444705213187878 1.0494116903542088 1.1543528593896297 1.2592940284250504 1.3642351974604714 1.4691763664958923 1.574117535531313 1.679058704566734 1.783999873602155 1.8889410426375757 1.9938822116729966 2.0988233807084176 2.2037645497438385 2.3087057187792595 2.41364688781468 2.518588056850101 2.623529225885522 2.728470394920943 2.8334115639563637 2.9383527329917847 3.043293902027205 3.148235071062626 3.253176240098047 3.358117409133468 3.463058578168889 3.56799974720431 3.672940916239731 3.7778820852751513 3.8828232543105723 3.9877644233459932 4.092705592381414 4.197646761416835 4.302587930452256 4.407529099487677 4.5124702685230975 4.617411437558519 4.722352606593939 4.82729377562936 4.932234944664781 5.037176113700202 5.142117282735623
E0 -1.704902252445244 -3.077417130893653 -3.6321123153604917 -1.759533907261191 -3.171896280737857 -3.6227298121873828 -1.7001044583081935 -3.2880191727185406 -3.4681456879577586 -1.4574164150349944 -3.432224167912078 -3.0900891175293697 -1.0066370901051123 -3.598384712897555 -2.470108634443663 -0.35957362155789474 -3.770603984521607 -1.637907034563717 0.44305200503042474 -3.9260095346632475 -0.6596762797121702 1.3393279343856694 -4.037547934998703 0.3735675986908451 2.25387741937466 -4.0767794217662505 1.3576495959897668 3.10558379884417 -4.016672540531044 2.186900830655679 3.81531547545985 -3.8343987909499506 2.7658236406483567 4.3136508935452 -3.514127271536388 3.0207566797783816 4.548593871884345 -3.0498149739546707 2.9115222767406195 4.49221964239223 -2.447514763666742 2.4411073503657095 4.141589592672669 -1.725098213752521 1.65480440768808 3.515136642198172 -0.9099354318974021 0.6310229869558125 2.6485768362966153 -0.03636118414244589 -0.5287701900729889 1.5908202422926219 0.8568592961340903 -1.7101123491790489 0.3998818456489453 1.7290644992352422 -2.7956057947307977 -0.861207553892168 2.5402308301638232 -3.6749790407332403 -2.1284904461675733 3.2535067996409026 -4.255147941876808 -3.34117140351782 3.837746971810876 -4.470275604244535 -4.445522150836493 4.269902144358339 -4.291111227743039 -5.397089503191006 4.536081481500283 -3.7276681102810976 -6.160811772245785 4.630977973289072 -2.823692893002021 -6.710756747152444 4.556997767793841 -1.6496495759467926 -7.029856508931974 4.3233870254128846 -0.29569110593169423 -7.1096422448569125 3.9453587731860447 1.135369035574052 -6.949979062833508 3.4432197591070706 2.5350852445706487 -6.558800805783889 2.8414973064360263 3.7964082066500917 -5.951844866028239 2.1680661680116495 4.820713309118538 -5.152386999666965 1.453275380563749 5.5248290531186495 -4.190976140962864 0.7290751190255731 5.84806546575199 -3.105169216723292 0.028143550846198906 5.7592425122013395 -1.9392659606823446 -0.6169863096970789 5.263718507853117 -0.7440434051228957 -1.1747998539458178 4.410416783612405 0.4237330474616113 -1.6157480319703075 3.2976431820031933 1.5039444826250596 -1.9139043153281796 2.0672895846960757 2.4384784810154407 -2.049523057807526 0.884288686082488 3.1770996779274805 -2.0117667317197188 -0.08669438990798545 3.683324974522894 -1.801434702825217 -0.7045956482400345 3.9402987490506085 -1.433692005259382 -0.8752857812050068 3.956665989427487 -0.9407965765877045 -0.5748970634055028 3.7714634493490298 -0.37409903790165494 0.12999765303708752 3.4504529955093237 0.20029721009038226 1.0896395178294225 3.072374603729451 0.7133434847676929 2.1106526155305008 2.713469662707835 1.1061346873766686 3.0011577343413163 2.431991617471303 1.3430075476474455 3.615926719729739 2.252716612826152 1.4246388684105593 3.901536828055404 2.1514541368091993 1.4011437702136078 3.9415250801946566
E1 -0.723835848631975 -0.8528926972581556 -0.18905996137414402 -0.12594993910732233 -0.981894457950243 0.6038619102974822 1.3672460344772392 -1.2409916493055202 2.46470470345507 3.296187036039755 -1.4971360405101042 4.767861637955247 5.27492049169922 -1.6439099861583046 6.9988843709894715 6.99110628977559 -1.601526426252627 8.754482997084036 8.206016780789763 -1.316828886203765 9.74252604810004 8.7545367774636 -0.7632914768306085 9.782040493233458 8.545163554719904 0.058981105639759335 8.80321173901503 7.560006849682445 1.1232535795720553 6.8473836293104 5.854788861675953 2.376160077922817 4.067058445320008 3.5588442522260877 3.7377041482403826 0.725896905579063 0.8743888191859805 5.101588623033463 -2.8026267504433875 -1.9528044051158613 6.348442399600188 -6.08915174342734 -4.699682896860831 7.3757155446582 -8.77031625941872 -7.182070341240058 8.104966451919159 -10.57846796242169 -9.254756101988264 8.481902198035614 -11.341828529864753 -10.811495221383714 8.476378542601003 -10.98449365260073 -11.78500842024827 8.082399928149655 -9.52643303490679 -12.14698209794735 7.318119480156787 -7.083490394484414 -11.908068332389954 6.225839007038513 -3.867383462459429 -11.117846499941178 4.871978966806199 -0.18555335073220275 -9.858635301475266 3.3422362279641145 3.5831217635006385 -8.220975657559674 1.7223988427075678 7.084550401336505 -6.293127212919627 0.09012680792333018 10.030651486142443 -4.160822619106322 -1.4852402145585266 12.200318725223594 -1.9072675344968857 -2.9426828979646604 13.439420609823282 0.3868593757056071 -4.2295022505784505 13.66080041512296 2.6434064394721424 -5.301319615739996 12.844276200242254 4.786748977947756 -6.122076671846118 11.036640808238905 6.743789305451565 -6.664035432350374 8.351661866108856 8.443956729476714 -6.907778245763016 4.970081784786117 9.819207550690413 -6.842207795651044 1.1396177591429435 10.80402506293395 -6.464547100638159 -2.8250382320103427 11.335419553222632 -5.780339514404799 -6.542219425925211 11.352969900922394 -4.803462485455679 -9.563509414454826 10.80645487545586 -3.5586517629171057 -11.415043423704129 9.687309075169177 -2.0919060834337557 -11.767750725977644 8.04260124421688 -0.4751107817099659 -10.513006566480506 5.975385887863785 1.1938459056298254 -7.764535137422055 3.64470327248492 2.791072840041113 -3.8584095780157606 1.2655794255656456 4.166675981059247 0.646948025520631 -0.8912150491516176 5.144937057706548 4.971539800798186 -2.5315476897253943 5.548302909960845 8.21760063668438 -3.4588508184256797 5.2869687816782305 9.757249987929832 -3.6231336527975353 4.39518683139479 9.389608891928658 -3.1220057915454387 3.032024337747237 7.344080934287004 -2.200677214533239 1.4813636994728938 4.280352248822959 -1.2519582827841962 0.15190243540975068 1.288391517566673 -0.8162597384809409 -0.4228468155036058 -0.11155002923979396
E2 -0.20354817477764345 -0.12337378033953225 0.21570379310500898 10.751447658298785 -2.0815795994828377 13.725912770518315 16.976447897225775 -2.645065645030164 20.744999102053093 19.172916637339505 -2.067598724164729 22.332208061576182 18.04231797397617 -0.6029456440697518 19.5467849229544 14.28611600247196 1.495126788071552 13.44797496005459 8.605774818163038 3.9728517650759585 5.095023446743568 1.7027585163856074 6.576462479760252 -4.452824343111828 -5.721468807524126 9.052192124941204 -14.136323135644759 -12.965443058230036 11.146273893435612 -22.896227656988458 -19.327700140395905 12.60494097806027 -29.67329263327602 -24.106775958685546 13.174426571631912 -33.40827279064064 -26.645568099820622 12.620973557505314 -33.12350448105783 -26.88152872985446 10.97900340443714 -28.934716529100587 -25.17679100525199 8.474493329327164 -21.738630815847415 -21.90266466938401 5.337559721794987 -12.448845067582177 -17.430459465621293 1.7983189714601862 -1.978957010588715 -12.131485137334634 -1.913112532057637 8.757435628849084 -6.377051427894823 -5.566618399138886 18.84673512444735 -0.5384680806726294 -8.932082240163979 27.375343749922237 5.012955160961155 -11.779387665513333 33.42966377898988 9.909698504706572 -13.881384013837772 36.11097213547688 13.944536335867127 -15.136354690144211 35.14966199353407 17.126294845202548 -15.611648856581288 31.124078110810668 19.479054126324204 -15.38655222278232 24.672433159737835 21.026894272843435 -14.540350498380596 16.43293981274676 21.79389537837158 -13.15232939300943 7.04381074226864 21.80413753652001 -11.301774616302122 -2.8567413792653262 21.081700840900044 -9.06797187789198 -12.63050387942394 19.65066538512305 -6.5302068874123185 -21.639264085776013 17.53511126280037 -3.7677653544964063 -29.244809325890415 14.759118567543354 -0.8599329887775884 -34.80892692733582 11.346767392963347 2.114004500110852 -37.693404217681206 7.322137832671683 5.074761402535607 -37.26002852449531 2.709309980279757 7.943052008863365 -32.870587175346884 -2.463346838283516 10.638171859269299 -23.910081214560865 -7.96646093388126 13.012930903924664 -10.851354820463316 -13.287798289475585 14.826576666866831 4.301871094816062 -17.893862264759708 15.831323630180322 19.43080036150012 -21.25115621942686 15.779386275949669 32.41663680981172 -22.82618351317032 14.422979086259392 41.140584269973886 -22.08544750568331 11.514316543194049 43.48384657220937 -18.51783932779636 6.822198144511254 37.39939551871114 -12.430295235569986 0.7214368736384953 23.46259168175844 -5.163128558875902 -5.647621403766891 5.5614691647703225 1.8771547283569703 -11.095594853598296 -12.203745665737447 7.284048652199907 -14.4331016417493 -25.732826443249557 9.651047238724118 -14.470759934113385 -30.925546801250547 7.571644514000781 -10.019187896584057 -23.68168037322485 -0.36066549589894237 0.11099630494526025 0.09899920734312673
E3 129.15631796219444 -26.111340924210104 163.0327946178436 80.7413089765157 -11.61175805150548 96.13106913351798 39.01065563299128 0.46964319128453 39.323049328317225 3.96435793162118 10.132862804159931 -7.391264797758659 -24.397584127594605 17.37790078712072 -44.01187324470972 -46.07517054465612 22.20475714016691 -70.53877601253596 -61.06840131956321 24.61343186329846 -86.97197310123718 -69.3772764523161 24.603924956515435 -93.31146451081369 -71.00179594291458 22.176236419817755 -89.55725024126531 -65.94195979135873 17.330366253205497 -75.70933029259203 -54.197767997648725 10.06631445667864 -51.76770466479405 -35.76922056178415 0.3840810302370983 -17.732373357870756 -12.674527395058586 -10.806004347616756 22.685153193574426 7.5878085963004125 -20.121682130104833 55.69504489078463 24.311878845208426 -27.244546627447203 79.9991280413462 37.49768335166546 -32.174597839643866 95.59740264525911 47.145222115671544 -34.911835766694836 102.48986870252344 53.25449513722666 -35.456260408600095 100.67652621313914 55.82550241633081 -33.807871765359664 90.15737517710622 54.85824395298394 -29.966669836973495 70.93241559442455 50.35271974718617 -23.932654623441664 43.001647465094436 42.58961693513252 -15.925470589667157 7.466700563056341 34.34576586521739 -8.11805456584275 -24.774031154485478 26.331377587004386 -1.0661638555065722 -50.93313944151466 18.546452100493436 5.2302015413414376 -71.01062429803146 10.990989405684576 10.771041624701247 -85.00648572403571 3.664989502577802 15.556356394572852 -92.9207237195274 -3.431547608826886 19.586145850956264 -94.75333828450661 -10.29862192852948 22.860409993851473 -90.5043294189733 -16.936233456529962 25.37914882325848 -80.17369712292745 -23.34438219282839 27.142362339177296 -63.761441396369094 -29.52306813742473 28.150050541607904 -41.26756223929823 -35.47229129031898 28.40221343055032 -12.692059651714771 -41.19205165151112 27.898851006004534 21.965066366381222 -46.6823492210012 26.639963267970558 62.70381581498975 -51.61149148563209 24.51583622062676 107.72903854125315 -52.42119830451888 20.349496863306513 137.78299767911804 -48.14713632980017 13.821972470665802 147.64663314084854 -38.7893055614759 4.93326304270464 137.31994492644444 -24.34770599954617 -6.316631420576929 106.80293303590591 -4.822337644010759 -19.927710919179045 56.09559746923253 19.78679950513002 -35.89997545310149 -14.80206177357502 47.92111162447826 -53.0788079400713 -100.89369569715332 65.8633128476847 -61.302348153298155 -158.20611101113707 70.40270955806878 -58.1920920591383 -176.44685975038016 61.53930175563045 -43.74803965759176 -155.6159419148823 39.2730894403698 -17.970190948658583 -95.7133575046438 3.6040726122865294 19.141454067661584 3.2608934803363354 -45.467748728618915 67.58689539136819 141.30681104005657 -107.94237458234733 127.36613302246204 318.4243951745191
CP -1.704902252445244 -3.077417130893653 -3.6321123153604917 -1.8776604302838429 -3.2809773559759585 -3.6772353283902586 -2.0649121416174707 -3.4933223418143493 -3.7069992739472397 1.3915641130891196 -4.454029294214584 0.8963341344911475 3.8147587911710303 -4.372873614992153 3.1635514867381946 4.433776963503583 -3.358348085401899 3.0235215041779107 4.433776963503583 -3.3583480854019 3.023521504177914 4.936888481206161 -2.533785089105973 2.9097111183142856 4.248207232382192 -1.092661887853648 1.2057348303223132 1.953850041943055 0.9067731954209322 -2.126596791754868 -0.655599935726618 2.5777503624480866 -4.115436380020174 -2.8831691020335235 3.6291933925005684 -4.433254227087322 -2.883169102033535 3.6291933925005715 -4.433254227087331 -6.261341903654316 5.223737032402823 -4.915234146306588 -8.761242451136688 5.393439133253376 -1.5540986544133593 -7.951963897555428 3.12308307942851 6.792511456837381 -4.542410610127302 0.5482865987085042 7.280222595950814 -1.1858258998517641 -0.9806900496057311 4.762421164686376 -1.1858258998517694 -0.9806900496057267 4.762421164686362 0.48070320592822036 -1.739820030348694 3.5123441578610928 2.1341751468034618 -2.24114731472998 1.5213850023296276 3.4498595201193747 -2.3194135731144896 -0.6164504246679554 3.9848760829291194 -1.8570835643594292 -1.231732887520859 3.9772733147412724 -1.1554816727037138 -0.7531716672150552 3.977273314741279 -1.1554816727037096 -0.7531716672150615 3.969177182853563 -0.40835098199096376 -0.24355534586844918 3.345752718333711 0.6101131469911683 1.5064757032041587 2.3944635398197884 1.5360361032557874 3.979218861148133 2.2784119820886515 1.4669117090801271 3.9588751351900155 2.1514541368091997 1.4011437702136078 3.9415250801946513
CPT 0.0 0.23867038108862093 0.47734076217724186 0.7160111432658627 0.9546815243544837 1.1933519054431045 1.1933519054431045 1.3873329919880701 1.581314078533036 1.7752951650780016 1.9692762516229674 2.163257338167933 2.163257338167933 2.4574352431716537 2.751613148175374 3.0457910531790944 3.339968958182815 3.634146863186536 3.634146863186536 3.7802048606103034 3.9262628580340704 4.072320855457837 4.218378852881605 4.364436850305372 4.364436850305372 4.519972936791422 4.675509023277472 4.831045109763523 4.986581196249573 5.142117282735623
ENERGY 59363.52290630169
EGQ 1856.5236071918519 -837.3997813655307 3414.1675261932005 -684.254723517335 535.4458513548996 -2685.5358838474094 -881.5873492721397 291.6028156132057 4771.231191623488 3357.334529786211 -2487.1366361153277 -10762.531426196601
EGT -43224.07831012803 -43971.66762049565 -28811.804266864026 -81222.22997834883 -128607.75559036733
DCC -0.7104466107613422 -1.7711071622729853 1.6008358472529163 0.471098065321841 0.4237506251145248 0.07226048142276155 -0.0073469666242047 0.8310756729153775 -0.015605524912252944 -0.6309063383981877 0.7095013848253143 0.05969517075518206 -0.7724757474113891 -0.9062390936249864 1.1654792821513025 0.631047402149572 1.9755185797460382 -0.5266551963772884 -0.7435405866028445 0.4038905714156576 1.379406853359054 0.5967524014409582 0.4331530723532702 1.8869880656607085 -0.7433909389259292 -1.2479490199884662 -0.7446183164877919 -0.31685698868306206 0.373351314048129 1.0219603518880207 0.4056097228286869 1.523313749785479 -0.8275081282340309 1.9054954610443966 -0.8120216931775611 1.1707362367212242 -0.937842966657619 0.3432670066780496 0.050898410171773455 0.5175596454464413 0.7514247640553599 -0.2131991711945166 -0.06682367759197934 0.23911171831947 -1.305008143963657 -0.7312364397819483 -1.624406841829142 0.005250509615052082 2.2221569607036886 0.7413092236656039 -0.8654297067274401 -0.7076846958564911 0.9758987636783604 -0.47440938265727467 -1.6084820252726921 -1.0229155522954367 -1.0542564244512531 -1.0213987120903925 0.6759508198308308 0.07070287188072055 -1.4886394534245302 -0.5397969927344668 -1.1383210243958257 -1.2084205225110345 -1.5066749161361825 1.7471620382676971 -0.30732952073089215 0.5762305841893965 0.8687436779943527 -0.38427166589499984 0.5349195392805313 0.5406158791075291 0.2224565209272203 2.1695321291637524 0.283928101990538 -0.22849051357522465 0.6461644796019913 1.7779635398814115 0.9943080002594924 -0.47829989204236983 -0.8587645743553395 -0.930850285678499 -0.6618993556275791 0.3865009025841433 0.8459882922589701 -2.269947873592993 -0.018668165409834035 -1.10501888267669 0.6828997317257747 0.9145184925445102
DCT -0.778352115068058 -0.4494232039998568 -0.9516186302839753 0.39107853484972793 -1.6099618136327005
GQ2 -2.0351982313841117 11.707567543093223 -2.24200267444485 1.3114965851891751 -6.352942218288176 2.4346599161501232 -3.1787218661727983 6.576307347648769 -0.4844200899609007 6.5312363326497795 -14.537288353149751 -6.009533366335612
GT2 87.99718688328038 114.94881603772805 29.352317183929138 -106.79399592251521 -330.40135806240187
CPDT 0.0 0.0 0.0 -0.144767169726395 -0.17057853945163115 -0.03781199227482881 -0.3138247996748267 -0.3558799124882523 -0.04988293129834085 8.68933021083122 -2.415147488393661 11.572445782610416 8.122313852365792 0.2720259760838797 7.599492963997761 2.5936111951097374 4.250739136388898 -0.5867086729470685 0.0 0.0 0.0 0.5187222390219518 0.8501478272777789 -0.11734173458941513 -1.4200997862012283 2.971677758735033 -3.513695728468833 -7.096641939596396 6.184422777148748 -10.307185142933196 -10.761667641509126 6.891299339700582 -8.20220001316173 -11.48343483368697 5.420337873036673 -1.6383960556560524 0.0 0.0 0.0 -2.296686966737394 1.084067574607335 -0.3276792111312105 -3.399168333122442 0.23074758228141712 4.5702079384251775 1.650590081340796 -4.630577650886771 17.023596883277506 9.272085304666254 -7.002011876282662 1.3263025694802266 11.410050357905316 -5.197455765057862 -8.558771370788705 0.0 0.0 0.0 2.282010071581064 -1.0394911530115747 -1.71175427415774 4.528261293567977 -1.3729540134026454 -5.452516645849854 5.40477507506269 -0.32151443850389316 -8.782136403506671 2.9304335113261493 2.5323091753129994 -3.37007201909113 -0.05205307701014927 4.803584220178732 3.2765150060035566 0.0 0.0 0.0 -0.010410615402030348 0.960716844035747 0.6553030012007136 -1.6032921455195968 2.619235579322555 4.500643133333731 -3.669717555607554 3.571864165481611 9.538917483946406 -0.5969112910220744 -0.3555413832884895 -0.10463797266722707 -0.8162597384809374 -0.4228468155036058 -0.11155002923980106
END
CASE
M 6
T 0.8544918659166465 1.2510009165683997 1.222992998367012 0.796050439869719 0.8564189717795121 0.7608568098107238
WP 4.489407841619936 3.5134228301533934 -1.9389589383980033 3.6098169365566246 -2.4701062084959045 3.5345092379210197 -3.5499865879567585 4.286261297995541 0.6444706976068657 -0.42539687033862883 -0.9705382630422346 -1.225278174241252 -3.4276835577588596 1.3120498806129754 -1.4414468479643006 3.804351911676152 -3.7633326739767314 -0.3201864339213243 0.8535493431658541 2.289728356308858 1.5521938058820037
V0 -0.1820086428229508 0.1178497388427255 -0.6961423232326047
A0 0.4304201962437148 -0.3208561270672215 0.27313779694983753
VF 0.5568527962439483 0.6161576892601687 0.907056403809079
AF -0.3512214059226092 0.12059465343058012 0.04139089484252512
TEND 5.741812002312013
C 4.489407841619936 3.5134228301533934 -1.9389589383980033 -0.1820086428229508 0.1178497388427255 -0.6961423232326047 0.2152100981218574 -0.16042806353361075 0.13656889847491877 3.066248035234248 -39.8447608924918 33.10718560024802 -8.116624207677944 48.87927747860084 -37.22437948187373 3.364976994461572 -15.731112928778895 11.32243270623922 3.6098169365566988 -2.470106208495946 3.5345092379210277 -4.384132886518406 -7.38294128647219 9.340016514295511 -6.48844856089628 13.687183100969214 -7.429579597227375 -0.10651625673596536 12.361299372002636 -11.453071067433244 6.260103146142346 -18.331262718687963 11.150253767476343 -2.168649265139702 4.983139342632525 -2.5566709229226148 -3.5499865879567585 4.286261297995541 0.6444706976068657 1.3486347351138785 2.365950964413236 -7.009746501893782 9.436026810194425 -14.49081921239136 4.233087559850854 -2.720369580774951 -1.382111660053079 4.330855523468065 -7.304807945883421 12.83829670641874 -4.841734572223495 3.1724304197769726 -4.6305434480129755 1.1992411319652625 -0.42539687033862955 -0.9705382630422336 -1.2252781742412515 -5.740703908865143 2.861261320158377 0.7650200975803805 -8.06875035825616 10.948607676285047 -1.391073600100279 8.99513301502913 -7.837111913613104 -1.4175823943024344 12.094493010085372 -15.477314371351815 2.4915829665127345 -8.48901519654713 10.121327065435963 -0.7166345249362323 -3.4276835577588436 1.3120498806129648 -1.4414468479643006 5.873339546249811 -5.514726164850953 -0.5559996269319183 16.57520600480065 -15.557641287652167 1.081873511208344 -6.2881365083252545 7.01847184278185 1.9748339823255625 -21.693928396274995 24.80811994117614 -0.36080317749383956 12.296220247292718 -14.533733853385991 -0.5262665464199978 3.8043519116761524 -3.7633326739767314 -0.3201864339213243 -1.0057789350422865 6.520556183356774 3.3203402880266557 -17.811650072349 20.355525942702002 1.2622264920359 9.582548353396332 -14.595122990700471 -3.121080931215498 30.959653108529242 -37.426707072993445 -2.6143264503286865 -25.376205976147396 32.469922391519574 3.3971588557597254
K 50
TS 0.0 0.11717983678187782 0.23435967356375564 0.35153951034563347 0.4687193471275113 0.5858991839093891 0.7030790206912669 0.8202588574731448 0.9374386942550226 1.0546185310369003 1.1717983678187782 1.2889782046006562 1.4061580413825339 1.5233378781644116 1.6405177149462895 1.7576975517281674 1.8748773885100452 1.9920572252919229 2.1092370620738006 2.2264168988556787 2.3435967356375564 2.460776572419434 2.5779564092013123 2.69513624598319 2.8123160827650677 2.9294959195469454 3.046675756328823 3.1638555931107013 3.281035429892579 3.3982152666744567 3.515395103456335 3.6325749402382126 3.7497547770200903 3.866934613801968 3.9841144505838457 4.101294287365723 4.218474124147601 4.33565396092948 4.4528337977113575 4.570013634493235 4.687193471275113 4.804373308056991 4.921553144838868 5.038732981620746 5.155912818402625 5.273092655184502 5.39027249196638 5.507452328748258 5.6246321655301355 5.741812002312013
E0 4.489407841619936 3.5134228301533934 -1.9389589383980033 4.474512803264802 3.469787294470135 -1.972156018331707 4.475935260368103 3.15567792193425 -1.7727371536645058 4.479336444817631 2.4660690906244342 -1.236223753342877 4.451492093088886 1.433702787357583 -0.3665426681778608 4.349213738960767 0.18738197391032307 0.7539920638390405 4.1282700062312285 -1.0897360467594512 1.9946974722199688 3.7523079014329737 -2.2018462642910466 3.206539908664796 3.201752379099783 -2.982121261438841 4.252098806283033 2.481059896879251 -3.3281749366367532 5.031402016615597 1.6185049359913126 -3.209574566604179 5.489032786101463 0.6608695109456961 -2.6562730176269187 5.608452721308888 -0.33230613558028577 -1.7453983230818255 5.405224145569786 -1.2944730980207222 -0.5880422871057697 4.92023180310473 -2.157823373200089 0.6839509117353824 4.212904563147935 -2.859039425612231 1.9311961167778033 3.3544371240722635 -3.345043752699354 3.0199785895907025 2.421011717514221 -3.5787484501310116 3.835465406307417 1.487019812498934 -3.5448047770791558 4.2949168539492675 0.6182838195679293 -3.2552146215194733 4.3606492535361365 -0.13462409151559726 -2.751683024787242 4.04713184888977 -0.7407714473780589 -2.100189725321167 3.4140783096838474 -1.1877832465082008 -1.3826786663167672 2.554350710173176 -1.478733051973984 -0.6886471862493757 1.58168294198365 -1.6289635399159197 -0.10673520939710623 0.6184041269021513 -1.6629070480404033 0.28368556363613995 -0.21683797033349572 -1.6109061241130518 0.4209224653976893 -0.8213535292445884 -1.5060340744520322 0.26937267106311147 -1.120687260821632 -1.3809155124213925 -0.17206599208677176 -1.0808949947343756 -1.2645469069244104 -0.8616034587881711 -0.7207959484550436 -1.1791202891696482 -1.708710654952345 -0.1210057744151055 -1.1372650507559967 -2.582922087832282 0.5855620126571448 -1.1416965063277673 -3.3349458525625146 1.2387636397751562 -1.1868864593505692 -3.819167069905655 1.6780553871539896 -1.2609626967023821 -3.9161541291066135 1.7693274481655155 -1.347608944119801 -3.555164930746824 1.4317377892936096 -1.427964821644279 -2.7365010891074024 0.6643656624777283 -1.4825244065587242 -1.546057145744424 -0.4363930155367313 -1.4929633119311498 -0.1406253993635679 -1.6941194295941007 -1.4436979214659533 1.2835699577599928 -2.8895587181660796 -1.323291024795556 2.5234726780430607 -3.7991519251322963 -1.1258470669157707 3.4017944378225273 -4.233568118772867 -0.852407396330088 3.7996148165834804 -4.076236510760925 -0.5123455131939578 3.6889570196843957 -3.3218483104645595 -0.1247597912458903 3.1593334147232843 -2.107334752537052 0.28076181891361024 2.40082117628989 -0.6886080060824765 0.6679042936833368 1.6431128436814748 0.6376277485430859 1.0019730687407438 1.0882662912766556 1.6199264472977872 1.258897751103273 0.8434268357298693 2.138185034739091 1.4342387330231212 0.8535493431658479 2.289728356308859 1.5521938058820037
E1 -0.1820086428229508 0.1178497388427255 -0.6961423232326047 -0.05432975531907745 -1.2613280756998995 0.4707558554144286 0.056944806830691114 -4.2432700065596585 3.077213957621566 -0.04741839457666397 -7.474322302514025 6.070025454040742 -0.4905194546650007 -9.956751095179193 8.652156340465554 -1.3193251254790135 -11.048742399010079 10.28274513783127 -2.5046688159842407 -10.464402111300323 10.677102892214815 -3.941250592067047 -8.27375601218231 9.806713174834783 -5.4489468980613625 -4.897847029813239 7.895947118459446 -6.810643212564748 -0.9671146935752837 5.327173859275261 -7.843900951599645 2.9468785515601805 2.4610099847006777 -8.415309698865684 6.385172642722675 -0.39967785451768356 -8.440525203683533 9.001552138419022 -3.0098682484285337 -7.884269380994917 10.56254621853337 -5.182385027875933 -6.7603303113625834 10.947428684327154 -6.787897264499259 -5.131562240970344 10.148217958439108 -7.754919270733232 -3.109885581623045 8.26967708488531 -8.069810599807903 -0.8562869107465652 5.5293137290590835 -7.77677604574864 1.4191810338610669 2.257380168283273 -6.97786563968503 3.463109520319645 -1.1134047288581095 -5.828959191616128 5.036018124714073 -4.150964450757905 -4.4994832739964075 5.965781590266052 -6.520030582088846 -3.1348408059668667 6.152051594762113 -7.990101769393849 -1.8533016128361188 5.566256750553629 -8.435443721086017 -0.7460024260804012 4.251602604556798 -7.8350892074486485 0.12305311665645169 2.3230716382526673 -6.2728380606352445 0.7169944715629892 -0.032576732312890044 -3.9372571746694973 1.0260841886601462 -2.5568061565291735 -1.1216805054452657 1.0677179118012496 -4.919303349220591 1.7757909292733203 0.8864243786720074 -6.719356531851653 4.2540327947386425 0.5536389547042706 -7.550124915882742 5.79019911721273 0.1571447073051763 -7.1551846739882 6.037754841232319 -0.224646756698672 -5.469882227471469 4.878788241065089 -0.529489282072146 -2.6216298297134975 2.424384837366289 -0.7113507270010513 1.0700944338272649 -0.9853726028212613 -0.7404129630921309 5.093746645614852 -4.781404066067157 -0.6030718753730648 8.753809662188946 -8.175231591932898 -0.3018632436673288 11.336784352130834 -10.355875001918433 0.14605753926686404 12.367090000408638 -10.793396214624327 0.7112592103806102 11.647320248067226 -9.286650095054293 1.352403332752657 9.25827341814623 -5.963320426657025 2.0162445733386476 5.558952515680128 -1.2799199113261839 2.637630702971125 1.1865652276982104 3.9782098305995603 3.139502596359528 -2.945575196807532 8.699517319587528 3.433112846649491 -5.814046378569772 11.653353951478087 3.43531359851567 -6.795811506118842 12.126915116189176 3.1217224327856714 -5.839630693404272 10.1391091023185 2.5445741413887775 -3.468406284414389 6.443483319401571 1.8329649810089077 -0.7791828531763301 2.528224297911727 1.1928526730846118 0.5568527962439447 0.6161576892601701 0.9070564038090794
E2 0.4304201962437148 -0.3208561270672215 0.27313779694983753 1.3571169536041563 -20.787098603055465 17.78087706583831 0.25872034797999477 -28.182716177142883 25.20759195066153 -2.2150559397599494 -25.545090472425933 24.739430957655337 -5.41449822874685 -15.911603112001167 18.562542593055635 -8.689892838111888 -2.31963571896506 8.863075363098261 -11.391526086986254 12.193430083586009 -2.1728222259809797 -12.869684294501106 24.590212672555452 -12.359001667946146 -12.537813350946656 32.06975826239215 -19.667727437880426 -10.443784330965102 34.20598312552965 -23.66249053493801 -7.001882644076744 31.944417483817894 -24.825800028233683 -2.630833618533894 26.247211690710397 -23.651300920047206 2.25063741741113 18.076516099660616 -20.632638212658343 7.2238051355060335 8.394481064122033 -16.263456908346868 11.869944207498513 -1.8367430624518875 -11.037402009392519 15.770329305136265 -11.6550059266077 -5.448118518075084 18.50623510016697 -20.098157174891824 0.010748563325662985 19.658936264338344 -26.204046453850935 4.845554232529992 18.809713076828082 -29.010533503131818 8.562657430470956 15.728708539400008 -27.895421746623455 10.801227656681501 10.872537473553525 -23.472130384233203 11.683169725497443 4.853736443052955 -16.634730143036823 11.440034512714037 -1.7151579883374044 -8.277291750110052 10.303372894126527 -8.221609256853164 0.7061140674712334 8.504735745530176 -14.05308079873003 9.421416582631352 6.2756739427202195 -18.597036050203663 16.974545068294482 3.847738361491917 -21.24093844750975 22.471428797384874 1.4524798776405028 -21.372251426883935 25.017997042826735 -0.6785506330387534 -18.378438424561878 23.72017907754426 -2.313802294750623 -11.726036524810834 17.78393330079531 -3.234715354957648 -2.0882018634284405 7.941605885092909 -3.4209672389166474 8.920913891598246 -3.884086205871209 -3.0068328800055877 19.662241789908578 -15.73890534319649 -2.1306809077278337 28.49671288114187 -25.668613897982336 -0.9308799515867503 33.78525821493744 -31.718974241328198 0.4542013589142986 33.8888088409346 -31.935748744333438 1.8861943942719481 27.51288966739767 -24.773450624322255 3.229886593936331 15.896292430434091 -11.691507242260005 4.373267101584714 1.407966496843633 4.510082012831132 5.2146759575267305 -13.577919593502223 21.025126865596306 5.652501003475593 -26.68719730073186 35.047437040680535 5.585130081144506 -35.54569808497378 43.77082226272893 4.91095103224667 -37.77925340635635 44.38909225638645 3.5283516984952943 -31.15901839101151 34.27737619730899 1.3508547727372424 -16.909934131322096 15.12007092918817 -1.3483197097978823 0.22625946697854893 -7.010538291555317 -3.929691847398338 15.34989497127966 -25.84512099721222 -5.737334247899336 23.561304948970374 -35.1143467200731 -6.115319519136062 19.960821967439927 -28.548884992428725 -4.40772026894372 -0.35122140592255846 0.12059465343054399 0.041390894842521675
E3 18.397488211405488 -239.0685653549508 198.64311360148815 -1.6567315925807824 -114.56492962616855 103.28456946916438 -16.16636541051368 -15.981978773832793 26.582379247840052 -25.131413242393194 56.68028720205645 -31.463457062484807 -28.55187508821936 103.42186830149922 -70.85293946181025 -26.427750947992152 124.24276452449556 -91.58606795013623 -18.759040821711523 119.14297587104517 -93.66284252746271 -5.545744709377601 88.12250234114845 -77.08326319378972 10.927797923923727 39.73240642682513 -47.576770766538516 24.2170751050452 -1.9033033980455123 -21.307096823983088 33.93299581331434 -35.328126607290926 0.7498642847198251 40.075560048731106 -60.54206320091107 18.594112559570174 42.64476781129552 -77.54511317890586 32.22564800056795 41.64061910100758 -86.33727654127549 41.64447060771319 37.063113917867256 -86.9185532880197 46.85058038100584 28.912252261874556 -79.28894341913863 47.84397732044589 17.188034133029532 -63.44844693463244 44.62466142603344 1.8904595313321408 -39.397063834500784 37.1926326977684 -16.97597874567427 -7.142880935075404 25.551050525408854 -34.73871734869043 24.903715753823146 12.985718163383094 -47.274135445154485 49.320409964362376 2.396415826269135 -54.582233035066494 66.10720169654245 -6.21685648593308 -56.66301011842649 75.26409095036335 -12.854098773223559 -53.51646669523444 76.79107772582506 -17.515311035602267 -45.14260276549038 70.68816202292754 -20.20049327306922 -31.541418329194272 56.955343841670896 -20.909645485624438 -12.712913386346145 35.59262318205509 -19.642767673267898 11.342912063054115 6.600000044079991 -16.399859835999592 40.62605801900634 -30.022525572254267 -11.180921973819508 71.73450679420372 -69.97135992232975 -4.544876461011712 90.43068891043875 -95.23580448050741 1.1691659545627577 95.13923462629451 -103.82299736663947 5.702385514401982 85.86014394177106 -95.73293858072606 9.054782218505979 62.59341685686846 -70.96562812276713 11.226356066874756 25.33905337158663 -29.521065992762715 12.217107059508312 -25.902946514074415 28.600747809287157 12.02703519640664 -80.12763657315114 90.3459501040478 10.75693266597519 -114.76510559538559 128.9425306670099 8.613512949232558 -129.141678160741 143.5913882050754 5.60294610993556 -123.25735426921773 134.29252271824475 1.7252321480841895 -97.11213392081575 101.04593420651798 -3.0196289363215563 -50.70601711553513 43.851622669894994 -8.631637143281676 15.960996146624325 -37.2904118916241 -15.110792472796174 95.34325545821652 -132.96550752363808 -21.671247039492567 140.88814783463394 -185.09025316436734 -23.464741184214414 144.6198105021613 -183.71321351605087 -19.660622205564383 106.53824346079918 -128.83438857868913 -10.258890103542505 26.643446710547437 -20.453778352282143 4.740455121851227 -95.0645797485937 141.42861716316997 25.337413470616795 -258.58583591662455 356.8127979676673 51.53198494275422
CP 4.489407841619936 3.5134228301533934 -1.9389589383980033 4.458302860656189 3.5335631588016954 -2.0579285289425187 4.442911581641928 3.5419897305366335 -2.1669264546584186 4.634541101671316 1.0527374658335127 -0.20035348894654437 4.359058114682227 -1.2083735533298103 1.938315610122491 3.6098169365566988 -2.4701062084959453 3.534509237921016 3.6098169365566988 -2.470106208495946 3.5345092379210277 2.512906084678261 -4.317319471765424 5.871383081950563 0.40055089620800377 -4.022484072194835 7.045525272264016 -2.748102600534491 0.8345205890453169 4.814630014299695 -3.887415245905451 3.69429993298818 2.3983105573631187 -3.5499865879567567 4.286261297995548 0.6444706976068648 -3.5499865879567585 4.286261297995541 0.6444706976068657 -3.220112420276994 4.864969590786954 -1.0701034808218846 -1.4788805182065667 3.2762688475029447 -2.1515297265324045 1.1760868321947384 -0.7326630368844274 -1.8075883935569985 0.9787712669094115 -1.6703987752526492 -1.4124010188314222 -0.42539687033862883 -0.9705382630422381 -1.2252781742412515 -0.42539687033862955 -0.9705382630422336 -1.2252781742412515 -1.339374844701412 -0.5149965965433757 -1.103479257203644 -2.764666546102039 0.6343542905007997 -1.069832159898993 -4.24750869311053 2.082167979875757 -1.1958474245128672 -4.362778463618107 2.1900499184711046 -1.3529260984469904 -3.4276835577588325 1.3120498806129763 -1.4414468479643008 -3.4276835577588436 1.3120498806129648 -1.4414468479643006 -2.4216756747366013 0.36746665826351965 -1.5366805737256657 -0.19995358018750098 -1.718197139842138 -1.552563912995936 2.8424975473504235 -4.504080799211713 -1.3650489619073907 3.9766255439534377 -4.880198278372925 -0.8889069170072998 3.8043519116761537 -3.763332673976734 -0.3201864339213244 3.8043519116761524 -3.7633326739767314 -0.3201864339213243 3.651301161297932 -2.7710907588046467 0.18507426988547193 2.467128493274413 -0.6004611670578286 0.7634056547175614 0.6739090885611547 2.1056958776380137 1.277335855029614 0.768812294748977 2.195966801550695 1.4141657975378912 0.8535493431658479 2.289728356308859 1.5521938058820037
CPT 0.0 0.17089837318332932 0.34179674636665863 0.5126951195499879 0.6835934927333173 0.8544918659166465 0.8544918659166465 1.1046920492303265 1.3548922325440063 1.6050924158576865 1.8552925991713662 2.1054927824850465 2.1054927824850465 2.350091382158449 2.594689981831851 2.8392885815052535 3.083887181178656 3.3284857808520583 3.3284857808520583 3.4876958688260022 3.646905956799946 3.8061160447738898 3.9653261327478333 4.124536220721778 4.124536220721778 4.29582001507768 4.467103809433582 4.638387603789485 4.809671398145388 4.980955192501289 4.980955192501289 5.133126554463434 5.285297916425579 5.437469278387724 5.589640640349868 5.741812002312013
ENERGY 87815.34557663696
EGQ 1328.070302304305 -4971.420545138747 3330.9848709988505 -1281.8591243800008 2307.2838697549223 -901.4188931730929 2798.7469479177876 -3540.448923227751 459.81015765635937 -4988.45650652157 5917.214620517275 -45.68831484389612 9041.382293625635 -11280.877498777336 -941.6220965231341
EGT -95876.23986486543 -33883.516853686975 -23834.63816436597 -49679.80125655113 -111585.11573584797 -197362.8489019666
DCC 0.4199154929842974 1.0983195384609439 0.1093617682609666 -0.8169192120917695 -0.09725296817057151 1.539236433821109 -1.1789874683559909 0.07968424617840836 -0.9813006656330115 1.1087794071475177 -1.6484486205628128 -0.3410864686305161 -0.1241949656160622 0.11691573949774224 2.361218699843453 1.555168780201241 -1.0298594049416439 2.1594044533560264 -1.192533425867206 -1.8708905030281402 -1.4984820521391229 0.20345047060584864 0.5348605862410056 -2.2110858725710423 0.4359741910730118 -0.26705216894187694 0.7063895322572766 -0.3846068147112756 0.9000817112320803 0.5643451296847755 -1.1726449936648313 1.4455919954532441 0.21242712837694047 0.730048820546265 1.2617719358489972 -0.9747583323013593 -0.08473721062979711 -0.8216979687446299 -0.9423727322045078 0.26597954616759883 0.3397911075270968 1.3314034936167187 1.3855406418634504 -0.021358303443520313 -0.837064725742036 3.2006894162813992 2.1478824372684033 -0.1066647719360443 -0.9301549437927054 -0.4236743688132561 0.2809610458129779 1.1315512191882606 0.9693832320769645 0.43541520455856003 -0.2471257314529981 0.16818520549662153 -0.31062453517798094 0.07093359748531192 -0.10337230330569147 0.5253252770235751 -1.882677049788851 -0.3456780081845538 -0.2913091984499482 -1.1306383412932863 -0.17272467537457903 -1.053542333997773 -0.66455314220588 -0.28968199802591327 -0.25317176598830154 -0.5737831578063911 1.1034746203028518 0.20116508652147144 0.32235142391169286 0.23309275778823801 -0.6680652352061411 -0.8832190126414378 0.8396396906319311 -0.35307789716585974 -1.7711374727863118 -2.1987871028194457 0.22176018408396733 -0.7370772074949214 -0.06758385334901792 -0.5472541597462484 -0.40741463120912585 -0.1727376200711584 -1.2474073639911982 -0.01876241927559113 0.9861235865295895 0.6956742731715531 -1.7396246291323858 -1.3416360832729204 -1.332826383515981 -0.24806881758778748 0.8548347926475606 0.32298434001788257 -1.7536428347770534 0.0548855340297183 0.8074115910201032 -0.44901397788419645 1.9041796915195384 -0.6514683046619321 1.1724823121149628 2.3512268771727713 -1.2764235960162493 -0.32368662088264316 0.5746962044923583 3.2114176473232736
DCT -1.788465543369057 0.5660502255860187 0.28479634772344853 -0.422376125602235 -0.8348524391263468 -0.5259161845258707
GQ2 13.727893800420294 -10.973327022419781 -22.9691627545439 -5.627052189233989 0.17072980437085505 2.66951275600508 4.201011293364671 -1.994514907062073 -3.3118202602307445 -3.5335868764152503 -0.2921556060672459 8.554083798758453 8.1224500795758 10.947400108210672 -27.01406027877533
GT2 96.57329900640754 -10.97298038670985 -31.94997785052704 -24.55521689195003 9.078694912465583 58.19707137596541
CPDT 0.0 0.0 0.0 -0.03640172856459016 0.0235699477685451 -0.13922846464652094 -0.03602440146753022 0.01972300046624433 -0.255117526716239 0.672784122376004 -8.73941238293522 6.904359342036292 -1.289575702132952 -10.58458768001374 10.011419344640817 -4.38413288651841 -7.382941286472196 9.340016514295485 0.0 0.0 0.0 -0.8768265773036813 -1.476588257294438 1.8680033028591023 -3.3770641739649947 0.4713592063215244 1.877124428548339 -7.550722277757033 11.647484658676323 -5.349864804457185 -3.642883487235771 9.143972018142009 -7.726035768430112 1.3486347351138939 2.3659509644132086 -7.009746501893787 0.0 0.0 0.0 0.2697269470227757 0.47319019288264724 -1.4019493003787566 2.84749283829979 -2.598053701706068 -1.7684913113230945 6.512630948696324 -9.833903930129413 0.8436875765470027 -0.6453530496046707 -3.0670191558588584 1.292525387318637 -5.740703908865136 2.8612613201584125 0.7650200975803738 0.0 0.0 0.0 -1.1481407817730287 0.5722522640316754 0.15300401951607612 -3.5809080179238113 2.8876333193968895 0.08453508878195606 -5.588246947961631 5.456238512770269 -0.4749018088646408 -0.57920837542125 0.5420859442675683 -0.7892900553378543 5.873339546249817 -5.5147261648509485 -0.5559996269319181 0.0 0.0 0.0 1.1746679092499623 -1.1029452329701905 -0.11119992538638367 5.188399995232918 -4.870662296917493 -0.03709245075985923 10.657579623263697 -9.758834464797953 0.656857066228637 5.29707086822919 -1.7566984924665778 2.2238743446364255 -1.005778935042315 6.5205561833567955 3.320340288026654 0.0 0.0 0.0 -0.20115578700845732 1.304111236671355 0.6640680576053312 -3.1127346243193963 5.705750579499444 1.5202108396084655 -7.070526470648345 10.670169510748199 2.0263873320917045 0.4989280766846562 0.47457509875025217 0.7193466142062441 0.5568527962439447 0.6161576892601701 0.9070564038090794
END
