CASE
NAME soft_only_wall
M 3
X 0.4422060920555948 -2.8290769055120295 -2.3869174333508605 3.0285790419446137 3.24562301942653 3.1713301660617867 1.2274566831363285 0.8123708936192144 1.0090459847901965
START 0.6698358312437263 -3.4230800651953075 -3.6916325567280106
GOAL 1.4224279292530255 -0.2602011865099936 -3.4985003595528106
TTARGET 3.048873561545739
V0 -0.48234755178304456 0.600433739798519 -0.6810148716606721
A0 -0.4002515585117364 0.1154516765310103 -0.12525032333587885
VF 0.2532273875189254 -0.3596788761807239 -0.6868692640524828
AF -0.20187229815124072 -0.08455612640412084 0.24655283128350738
W_SMOOTH 1.0
W_OBS 1.0
W_VEL 100.0
W_ACCEL 100.0
W_TIME 10.0
VMAX 3.0
AMAX 3.0
KAPPA 16
AVOID_OVERRIDE _
TAU_TRUST 0.75
SPACETIME_HARD 1
Q_CONFORMAL 0.0
EPSILON_TRACK 0.0
SAFETY_MODE conformal
REACH_MODEL accel
A_MAX_HUMAN 0.0
V_MAX_HUMAN 0.0
EST_POS_ERR 0.0
EST_VEL_ERR 0.0
NCLASS 1
CLASS0 wall 0.4 10.0 soft
S 1
SOFT0_KIND aabb
SOFT0_LO 1.2461318802483758 -2.0416406258526507 -3.7950664581404108
SOFT0_HI 1.9461318802483758 -1.3416406258526505 -3.1950664581404107
SOFT0_CLASS wall
H 0
RHO 0.0
NC 0
FREEZE 0
COST 167312.283688158
GRAD -8569.053414715047 -19103.93330042185 -19716.66996268811 13591.351580380031 28795.768218058754 36308.947735414586 -9191.512255914029 -312688.7684180729 -336571.4943954799
END
CASE
NAME no_obstacles
M 4
X 3.172130732846263 -3.6809963668501586 3.8584173129158623 1.257356462329759 3.0486648361384017 0.004154439875938998 -1.1591148605340358 -1.6287494789284338 -0.2990604629631548 1.1080156383318456 1.2668650675376965 1.1183191597843396 0.42871262526280896
START 2.6947838795075363 3.9909044925060684 1.129631957428649
GOAL -1.9563501922004347 0.3087574617361648 1.8917816823956715
TTARGET 3.9219124909166907
V0 -0.7348616294566854 -0.35012232789937425 0.006264170016424338
A0 0.025973872370731895 -0.13647319481806958 -0.29219125860293216
VF -0.011026800155952724 0.8919786898732327 -0.6044699992384893
AF 0.26159693585547694 -0.32370299217569054 -0.2972882503298811
W_SMOOTH 1.0
W_OBS 1.0
W_VEL 100.0
W_ACCEL 100.0
W_TIME 10.0
VMAX 1.0
AMAX 1.0
KAPPA 16
AVOID_OVERRIDE _
TAU_TRUST 0.75
SPACETIME_HARD 1
Q_CONFORMAL 0.0
EPSILON_TRACK 0.0
SAFETY_MODE conformal
REACH_MODEL accel
A_MAX_HUMAN 0.0
V_MAX_HUMAN 0.0
EST_POS_ERR 0.0
EST_VEL_ERR 0.0
NCLASS 0
S 0
H 0
RHO 0.0
NC 0
FREEZE 0
COST 336295.22606660455
GRAD 3688.941250408037 -29657.119888980273 9807.036403046019 -2462.6650149180537 28543.171286902096 5101.614739229743 23073.49677067704 -101315.64808709778 -97988.60375607795 -207754.74472459254 -79940.21185306173 -113923.92627728774 -1543633.8636629018
END
CASE
NAME hard_static
M 3
X -2.716041094275359 -2.885495416215215 -2.5882625870098437 3.7481081856143605 1.666257555717646 0.47190404629340676 1.0348620115210498 1.1763008230323493 0.8349024230962669
START 0.9426958853132916 -3.9964989434232665 -0.11289115823221252
GOAL -1.0096541782868123 0.4126456153263982 -0.493377325681549
TTARGET 3.046065257649666
V0 0.1826922268743824 -0.38718503226904666 -0.5817721735330597
A0 0.05973692544558932 -0.1087861375797848 -0.5452284421120223
VF 0.11974200656885103 0.3967663487026348 -0.31468359033991766
AF 0.21988260745616164 0.23904686390628668 -0.03281648250345979
W_SMOOTH 1.0
W_OBS 1.0
W_VEL 100.0
W_ACCEL 100.0
W_TIME 10.0
VMAX 3.0
AMAX 3.0
KAPPA 16
AVOID_OVERRIDE _
TAU_TRUST 0.75
SPACETIME_HARD 1
Q_CONFORMAL 0.0
EPSILON_TRACK 0.0
SAFETY_MODE conformal
REACH_MODEL accel
A_MAX_HUMAN 0.0
V_MAX_HUMAN 0.0
EST_POS_ERR 0.0
EST_VEL_ERR 0.0
NCLASS 1
CLASS0 human 0.8 10000.0 hard
S 0
H 1
HARD0_KIND sphere
HARD0_C0 0.2665208535132397 -1.5919266640484342 -0.30313424195688077
HARD0_R 0.5
HARD0_VEL 0.0 0.0 0.0
HARD0_ACC 0.0 0.0 0.0
HARD0_CLASS human
RHO 10.0
NC 18
LAM 0.11350746482236206 3.0863851861043017 1.3322361291594895 3.777778782657791 2.12532327446635 1.9320764900406735 0.9793440022772065 0.46551749210414983 5.221714169498696 3.575676624681051 0.10901731921852416 0.5091946929834658 0.3496016575415801 2.008445766485032 1.0314112250841416 3.598593487576322 0.9681495064374428 0.11570554300868306
FREEZE 0
NORMALS -0.3703317202162305 -0.8592303199236083 -0.3529556265675068 -0.3703317202162305 -0.8592303199236083 -0.3529556265675068 -0.3703317202162305 -0.8592303199236083 -0.3529556265675068 -0.3703317202162305 -0.8592303199236083 -0.3529556265675068 -0.3703317202162305 -0.8592303199236083 -0.3529556265675068 -0.3703317202162305 -0.8592303199236083 -0.3529556265675068 0.46280257349110804 0.7862351836739743 -0.4094484264509505 0.46280257349110804 0.7862351836739743 -0.4094484264509505 0.46280257349110804 0.7862351836739743 -0.4094484264509505 0.46280257349110804 0.7862351836739743 -0.4094484264509505 0.46280257349110804 0.7862351836739743 -0.4094484264509505 0.46280257349110804 0.7862351836739743 -0.4094484264509505 0.20665894793822712 0.9723949721069298 0.10835173029642071 0.20665894793822712 0.9723949721069298 0.10835173029642071 0.20665894793822712 0.9723949721069298 0.10835173029642071 0.20665894793822712 0.9723949721069298 0.10835173029642071 0.20665894793822712 0.9723949721069298 0.10835173029642071 0.20665894793822712 0.9723949721069298 0.10835173029642071
TMASK 1.0 1.0 1.0 1.0 0.0 0.0 0.0 0.0 0.0 0.0 0.0 0.0 0.0 0.0 0.0 0.0 0.0 0.0
COST 138738.30043552868
GRAD -25356.647749709715 -5430.957025230634 -10699.228950880466 37646.10235833665 13516.922131887964 11583.348968209544 -103996.18075608887 -141229.51378977427 -286281.7317449644
END
CASE
NAME hard_moving_cv
M 4
X -3.454979457220457 2.8196036783085816 -0.8839169679658081 0.9806728975254861 1.5250259799031678 3.5554737097610802 2.9827443147366797 -3.429694439580044 -3.7616507254744675 0.5852258487973901 1.3675621795250419 0.8569921366054294 1.031222684251615
START 3.514622341568362 1.5413759811280565 2.547284723377107
GOAL 1.2313207085242412 2.3545174934118966 -1.1771006185775228
TTARGET 3.8410028491794765
V0 -0.17284919124800213 0.5693604678127268 -0.013759153692302864
A0 -0.10249864304392775 0.006762617807360321 -0.3126040216692491
VF 0.020208549281651177 0.1381907940741235 0.46579248846122634
AF 0.07356424443213905 -0.32334419520063706 -0.13264148073681042
W_SMOOTH 1.0
W_OBS 1.0
W_VEL 100.0
W_ACCEL 100.0
W_TIME 10.0
VMAX 3.0
AMAX 3.0
KAPPA 16
AVOID_OVERRIDE _
TAU_TRUST 2.0
SPACETIME_HARD 1
Q_CONFORMAL 0.0
EPSILON_TRACK 0.0
SAFETY_MODE conformal
REACH_MODEL accel
A_MAX_HUMAN 0.0
V_MAX_HUMAN 0.0
EST_POS_ERR 0.0
EST_VEL_ERR 0.0
NCLASS 1
CLASS0 human 0.8 10000.0 hard
S 0
H 1
HARD0_KIND sphere
HARD0_C0 2.3729715250463017 1.9479467372699766 0.6850920523997921
HARD0_R 0.4
HARD0_VEL 0.6 -0.3 0.1
HARD0_ACC 0.0 0.0 0.0
HARD0_CLASS human
RHO 20.0
NC 24
LAM 1.2352020968946182 6.361665457875258 5.204551618013739 1.3077704223664552 4.88440221458556 2.118770580101818 1.2790266279869347 6.910537036186939 0.3764729126531823 3.564468926799508 0.46055950095775533 0.8750094750127133 4.377552506272006 0.2609594019836848 4.541842930004604 2.5686539537701574 0.9232671997810056 1.3403841947217598 1.9309411696822825 2.6629267744697622 1.3121821330219425 1.2716981824968396 3.1763496813042997 0.08722366031063503
FREEZE 0
NORMALS 0.5138387967671048 -0.18299100312746047 0.838143176140771 0.48925670798389354 -0.1418707023739063 0.8605234322786904 0.46189743126596366 -0.09775006541592694 0.8815303101431545 -0.8477596286073038 0.07464817436015567 0.5251011923127791 -0.9768849150586895 0.1418524163997203 -0.15991796238177144 -0.9542874232846714 0.16173156951369033 -0.2513531642596542 -0.9542874232846714 0.16173156951369055 -0.2513531642596538 -0.9332165681953548 0.1747523471089976 -0.3139561339193439 -0.9384030510823175 0.21090014888045336 -0.27371671655490853 -0.919728259896811 0.3778676427909867 0.10637655981825785 -0.7904457620997734 0.37166181697605144 0.48689114900619046 -0.6912841220867433 0.043924437265669886 0.7212467721672347 -0.6912841220867493 0.04392443726567073 0.7212467721672289 -0.22573501009487146 -0.5357507317062149 0.8136429552904171 0.15387304864340118 -0.9800925590543248 0.1254657745663351 0.05412863658404827 -0.9014903602202455 -0.4294010027136917 -0.05536377998441844 -0.7862198770405042 -0.6154617427689971 -0.16209325933221577 -0.6830672451252037 -0.7121410772565531 -0.16209325933221813 -0.683067245125203 -0.7121410772565531 -0.27752961982376334 -0.5393276401229704 -0.7950490593163828 -0.4932817891387018 -0.27303421564600683 -0.8259088288610864 -0.7572549928881687 0.32173342201006383 -0.5683770587450144 -0.7710701136276499 0.3403743098427943 -0.5381414396506596 -0.7833895657617546 0.35435701391994245 -0.5106191290397877
TMASK 1.0 1.0 1.0 1.0 1.0 1.0 1.0 1.0 1.0 1.0 1.0 1.0 1.0 0.0 0.0 0.0 0.0 0.0 0.0 0.0 0.0 0.0 0.0 0.0
COST 583888.4310618045
GRAD -104109.45490729365 11941.015802999069 -65371.41794902339 13586.034470055112 12915.49421145458 29832.411538569853 4802.195325864709 -29534.28138806958 -30517.863919157193 -2366966.4442944904 -125905.12110431305 -255274.5370854564 -241744.87465335755
END
CASE
NAME hard_moving_ca
M 4
X -1.2307688146859173 1.1119444423178804 2.4309598168633757 -1.0959645148199124 0.9566743291587994 3.46832500970853 2.24719014812006 -0.7790872666289319 0.42367954542431896 1.0259505898435248 1.2648345799098282 0.6368004014040144 0.7088650396665248
START 1.551170907056039 -0.01882632750483726 -2.5844729701948674
GOAL 2.457724322867607 -2.0944008038332926 -1.9676371030370374
TTARGET 3.6364506108238928
V0 -0.017466273159235275 -0.23150965935047219 0.2985960790190022
A0 0.28242600601821266 0.10092856507087725 0.03878736103687882
VF 0.1569709653190757 0.31338658091463323 -0.08081856824626815
AF 0.04001257161841983 -0.36141104897848286 0.15747872310172117
W_SMOOTH 1.0
W_OBS 1.0
W_VEL 100.0
W_ACCEL 100.0
W_TIME 10.0
VMAX 3.0
AMAX 3.0
KAPPA 16
AVOID_OVERRIDE _
TAU_TRUST 3.0
SPACETIME_HARD 1
Q_CONFORMAL 0.0
EPSILON_TRACK 0.0
SAFETY_MODE conformal
REACH_MODEL accel
A_MAX_HUMAN 0.0
V_MAX_HUMAN 0.0
EST_POS_ERR 0.0
EST_VEL_ERR 0.0
NCLASS 1
CLASS0 human 0.8 10000.0 hard
S 0
H 1
HARD0_KIND sphere
HARD0_C0 2.004447614961823 -1.056613565669065 -2.2760550366159524
HARD0_R 0.45
HARD0_VEL 0.3 0.4 -0.2
HARD0_ACC 0.2 -0.1 0.15
HARD0_CLASS human
RHO 15.0
NC 24
LAM 0.4840404534884506 1.10936876411241 0.644097765990812 4.05192854189208 3.9604944599352705 3.498063314688078 2.169203906980652 1.5172712538613924 1.4135556777113596 0.5915979729746789 1.196962995935837 0.3424737066090895 1.067608546688242 0.10958338208925318 0.9829148833292535 3.8103933347418706 0.9956140693788609 1.2090832946385832 6.117487917391758 0.12938324508550997 3.781906767520794 5.835386193819869 0.6083903239447147 2.180565528225137
FREEZE 0
NORMALS -0.38619300011625984 0.8841975773269076 -0.2627729265172301 -0.4882874841550445 0.8504986590865407 -0.19551819278403046 -0.5903452674672179 0.7988684165478042 -0.11533307514092818 -0.5881122781568937 0.47175143318256385 0.6569433259964711 -0.5670102772240234 0.33669732301468214 0.7517541208381121 -0.5772067991529165 0.2864955053506811 0.7646912033137969 -0.5772067991529166 0.28649550535068113 0.7646912033137967 -0.5842353299219953 0.253982094077208 0.7708191585314246 -0.6095427041815963 0.23244663183082892 0.7579091338211263 -0.6544546408312065 0.21236134754681713 0.7256664393249811 -0.6300352248279668 0.20620614542791443 0.7486886142207155 -0.585822385620875 0.18466272380806129 0.7891209102167135 -0.5858223856208751 0.18466272380806126 0.7891209102167135 -0.5545503573153631 0.16967569168663307 0.814668067897635 -0.5070592686828649 0.14454169091203894 0.8497050062410407 -0.45205709627244506 0.09725787948144411 0.8866709009483158 -0.44267050795229057 0.00016742402453097648 0.8966843331733063 -0.48614814004258367 -0.1514424426527969 0.8606539214437421 -0.4861481400425844 -0.15144244265279727 0.8606539214437415 -0.5333913198722632 -0.409209227972906 0.7402982558582341 -0.6172215341787533 -0.6778504134005602 0.39944510861783733 -0.6669856019672585 -0.7423946368329261 0.06309049033001421 -0.7006720836139118 -0.7124060413569283 0.0391951971839667 -0.7306202420873585 -0.6825877027460523 0.016373451440561706
TMASK 1.0 1.0 1.0 1.0 1.0 1.0 1.0 1.0 1.0 1.0 1.0 1.0 1.0 1.0 1.0 1.0 1.0 1.0 1.0 0.0 0.0 0.0 0.0 0.0
COST 39528.889219319666
GRAD -3433.4991906533596 1899.9994666916932 7709.852646488049 -9350.557734681854 659.51444256824 1268.430062681285 17150.768182468957 3851.0872897733493 4100.026673179584 -71006.24370723273 -6290.819833884865 -65884.5269348002 -56284.07088008496
END
CASE
NAME frozen_moving
M 4
X -3.488140819173858 -0.26440723527056065 -3.905035691900755 -1.2634888540182159 -3.4886322476402754 2.6084857523055023 1.7123056271300836 3.0747449116998586 2.468910705374273 0.5909945064255728 0.5331925089720019 0.956013578615575 1.1988165778347406
START 3.762710978668861 -1.7733483166828243 -0.8288612794057064
GOAL -1.1109391243820967 -2.673125954348527 0.8599025257489812
TTARGET 3.27901717184789
V0 0.44661431023435744 0.7688189513709465 -0.2583773773227767
A0 -0.0584854195777714 -0.1884747907340949 0.5082680096138451
VF 0.9949631638101126 0.39436093782302606 -0.1676632052158678
AF 0.12012469418417974 -0.10308666041945135 -0.2918304169387429
W_SMOOTH 1.0
W_OBS 1.0
W_VEL 100.0
W_ACCEL 100.0
W_TIME 10.0
VMAX 3.0
AMAX 3.0
KAPPA 16
AVOID_OVERRIDE _
TAU_TRUST 1.5
SPACETIME_HARD 1
Q_CONFORMAL 0.0
EPSILON_TRACK 0.0
SAFETY_MODE conformal
REACH_MODEL accel
A_MAX_HUMAN 0.0
V_MAX_HUMAN 0.0
EST_POS_ERR 0.0
EST_VEL_ERR 0.0
NCLASS 1
CLASS0 human 0.8 10000.0 hard
S 0
H 1
HARD0_KIND sphere
HARD0_C0 1.325885927143382 -2.2232371355156757 0.015520623171637382
HARD0_R 0.5
HARD0_VEL 0.4 0.3 0.1
HARD0_ACC -0.1 0.2 0.0
HARD0_CLASS human
RHO 30.0
NC 24
LAM 1.4748066028468534 2.4468965807430525 7.727014793634019 0.7159388263753429 2.3171995812386372 1.0368414061386875 0.07192953738478386 0.954819995140853 4.595472421520531 2.8147185119753497 1.8881642159721277 2.7656857900045964 1.016297231787285 5.671584603675478 3.336673086074484 5.672549785675055 0.9442688620698618 0.6439988590481892 2.8631879487086773 8.649601330982685 2.4290766926164093 1.3672696888770803 6.656095974568921 2.102616910193685
FREEZE 1
NORMALS 0.9308254195263765 0.1718498208429701 -0.3225394199780608 0.9221750682276513 0.19173056111853118 -0.3359055454625596 0.9149155602595699 0.20873017312051714 -0.345486949715899 -0.21395453856579477 0.45404272465357 -0.8649096251148211 -0.6226441026027428 0.3298941162162797 -0.7095662009847318 -0.7609945120646191 0.24257557857181233 -0.6017012890862731 -0.7609945120646187 0.24257557857181375 -0.6017012890862732 -0.8329243952307193 0.18273148847431392 -0.5223467765282968 -0.9013075123010276 0.09933185816164257 -0.42163722585166546 -0.9735993472231008 -0.060521395497054764 -0.2200942338495971 -0.9555261877371499 -0.2624424893386282 0.13451261776596554 -0.7373565121028227 -0.3931522222532782 0.5493056564398995 -0.7373565121028255 -0.3931522222532764 0.5493056564398967 -0.09217252154561617 -0.40932251541346065 0.9077220415124446 0.2720464101839923 -0.2098190832671355 0.9391308231566793 0.32119383095531245 0.2925215585832629 0.9007028703852726 0.17704891246951357 0.7172635725889795 0.6739337133800744 -0.04601353440530733 0.8898893485604583 0.45384986721401 -0.04601353440530747 0.8898893485604588 0.4538498672140096 -0.32970522555722587 0.9410782212833468 0.07527446888840099 -0.7640256928307821 0.6268729672557238 -0.15262707367452105 -0.833531255247521 -0.5341477722404906 0.14110919153624535 -0.8071129288184375 -0.574832795152495 0.1346698843516754 -0.7741868276065209 -0.620975755650497 0.12257188443866585
TMASK 1.0 1.0 1.0 1.0 1.0 1.0 1.0 1.0 1.0 1.0 1.0 1.0 1.0 1.0 0.0 0.0 0.0 0.0 0.0 0.0 0.0 0.0 0.0 0.0
COST 1012303.5641244876
GRAD -177282.19606711643 90122.96701362755 -150294.1482613882 61176.21758011186 -65367.70256652902 77088.37685536845 1268.8054537091994 35019.350552591364 -14580.863360576044 -3711050.708530182 -2046324.9561716467 -179044.75216469035 -97548.65052944137
END
CASE
NAME trust_demote
M 5
X 1.094317606324788 1.6313705839992423 -0.2939771022671236 3.8252497039802957 3.3645687457594713 1.4068956389101137 -0.21163900448232376 -1.825602949385531 3.5253134163104978 0.8632267291941265 -3.2186992518654636 -1.7882589101023454 0.494097063000715 0.6491280103995731 0.6618072893902707 0.9891505155859429 0.6247138389178367
START 3.827254230425691 1.076993752094502 2.5453486049578276
GOAL -2.819950286908587 0.9856914684146165 -2.381257996637686
TTARGET 3.4188967172943387
V0 0.19939151466307692 -0.11247723394353602 -0.5749224294722253
A0 -0.12579771284452737 0.1147456661138578 0.09330023860854239
VF 0.23819976508919277 0.18520304476939464 -0.23590471975406718
AF -0.04207152505511792 0.02427600155217485 -0.39496907705047246
W_SMOOTH 1.0
W_OBS 1.0
W_VEL 100.0
W_ACCEL 100.0
W_TIME 10.0
VMAX 3.0
AMAX 3.0
KAPPA 16
AVOID_OVERRIDE _
TAU_TRUST 0.6
SPACETIME_HARD 1
Q_CONFORMAL 0.0
EPSILON_TRACK 0.0
SAFETY_MODE conformal
REACH_MODEL accel
A_MAX_HUMAN 0.0
V_MAX_HUMAN 0.0
EST_POS_ERR 0.0
EST_VEL_ERR 0.0
NCLASS 1
CLASS0 human 0.8 10000.0 hard
S 0
H 1
HARD0_KIND sphere
HARD0_C0 0.5036519717585519 1.0313426102545593 0.08204530416007083
HARD0_R 0.4
HARD0_VEL 0.5 0.2 0.0
HARD0_ACC 0.0 0.0 0.0
HARD0_CLASS human
RHO 25.0
NC 30
LAM 5.495728173127211 1.5942977148947373 2.9460935471180068 2.9268097218356095 0.20656763081785198 7.207800786563899 1.425680944250527 2.8503344393598655 2.7603188298438592 0.2130143595172807 0.058666674714153 0.6688759166680164 3.7531395636962914 5.114568331319921 5.147502853166647 2.4071850549196165 0.15873442749649824 2.9761136701778867 1.6874378724476167 1.1890475049658902 3.503033849478454 2.7402193756450344 0.7701879882464715 6.724603571809942 7.0845776723538885 0.5520317436399282 2.325831708316917 4.415280544546377 2.3265801298010453 2.080650497758255
FREEZE 0
NORMALS 0.8033491990262954 0.011034355310151072 0.5954060021755735 0.8074545186079398 0.003621237456699694 0.5899187122128797 0.8113279697360148 -0.003656916892461504 0.5845798084803117 0.8299294430255095 0.010162101931259458 0.5577758073668185 0.9186076169564068 0.20593282170654295 0.33727098750656376 0.48084181124115155 0.7013679767394029 -0.5261882873713604 0.48084181124115055 0.7013679767394044 -0.5261882873713588 -0.26907545600352556 0.5335219200381814 -0.8018433511698323 -0.16855592746197973 0.6238731015302267 -0.7631325261738535 0.49589007224071435 0.7922370845171459 -0.3556029220477128 0.7241086646094271 0.6859753893801643 0.07144513281031804 0.7416992365715993 0.5676271323790852 0.3573257352279615 0.7416992365715954 0.5676271323790891 0.3573257352279637 0.7047502737151239 0.4340148092634854 0.5612113657423897 0.560136881153476 0.26499250684560105 0.7848730124595574 0.15471758010809444 -0.03576128994579149 0.9873112987031539 -0.1978552999449043 -0.39878798944768823 0.8954448167006063 -0.3246762671113282 -0.6458079064775655 0.6910263884293549 -0.3246762671113285 -0.6458079064775655 0.6910263884293546 -0.40933777069397964 -0.8092398755711424 0.4213946051729717 -0.29423159251427045 -0.9382890241227871 0.18177314756922686 0.06617647853942384 -0.9974984126991115 -0.024851365171238444 0.06087673063170018 -0.9811714328521751 -0.1832938706624014 -0.19713187182325032 -0.913704063255764 -0.355364474731744 -0.19713187182325126 -0.9137040632557639 -0.3553644747317443 -0.42757544359915106 -0.7611693615819862 -0.4876478678512405 -0.7393227383911345 -0.4264709827059777 -0.5210800220768702 -0.8919352109135189 -0.1301983625661193 -0.4330126625374342 -0.8915500814340734 -0.12972627084133387 -0.43394647935949227 -0.8906794465146799 -0.129084483808263 -0.4359212309537788
TMASK 1.0 1.0 1.0 1.0 1.0 1.0 1.0 0.0 0.0 0.0 0.0 0.0 0.0 0.0 0.0 0.0 0.0 0.0 0.0 0.0 0.0 0.0 0.0 0.0 0.0 0.0 0.0 0.0 0.0 0.0
COST 560401.8639196291
GRAD -135375.86283659388 -24610.486288506796 -88302.60717117187 72778.13773778832 30627.77610639777 15741.324665323758 -46604.70885293863 -10400.448945445107 11526.202626354578 59531.49878743142 -42915.90835913305 -17027.642272098583 -1596308.614575319 -545624.8231587473 -413964.702270571 -132556.80053378484 -834113.1173128854
END
CASE
NAME mixed_soft_hard
M 4
X 3.6188506393180404 0.7340288344797363 1.607509001914603 2.0701362684056326 2.2530668363146935 2.217922066774781 -2.1505908700924365 -0.771133609609489 2.9043004706387157 1.2929892320518048 1.3114839885795648 1.3629724355093877 0.6111947934778058
START -0.37299068597815754 3.033854900094913 -3.7686174593716775
GOAL 2.3161571569248016 2.2333449974171087 -3.3328539477076786
TTARGET 4.578640449618563
V0 -0.26942719222008205 0.4474231408343725 -0.08596686957382701
A0 0.14697850124418255 0.25402915876196364 0.29096808762453824
VF 0.10088431815415758 0.0066417664908954375 -0.19223967532983552
AF 0.16956242686806916 0.07891499283671527 -0.23336259457039643
W_SMOOTH 1.0
W_OBS 1.0
W_VEL 100.0
W_ACCEL 100.0
W_TIME 10.0
VMAX 3.0
AMAX 3.0
KAPPA 16
AVOID_OVERRIDE _
TAU_TRUST 2.0
SPACETIME_HARD 1
Q_CONFORMAL 0.0
EPSILON_TRACK 0.0
SAFETY_MODE conformal
REACH_MODEL accel
A_MAX_HUMAN 0.0
V_MAX_HUMAN 0.0
EST_POS_ERR 0.0
EST_VEL_ERR 0.0
NCLASS 2
CLASS0 human 0.8 10000.0 hard
CLASS1 wall 0.4 10.0 soft
S 1
SOFT0_KIND aabb
SOFT0_LO 1.5715832354733221 2.733599948756011 -3.850735703539678
SOFT0_HI 2.2715832354733223 3.533599948756011 -3.050735703539678
SOFT0_CLASS wall
H 1
HARD0_KIND sphere
HARD0_C0 0.971583235473322 2.633599948756011 -3.550735703539678
HARD0_R 0.4
HARD0_VEL 0.3 0.2 0.0
HARD0_ACC 0.0 0.0 0.0
HARD0_CLASS human
RHO 18.0
NC 24
LAM 2.6058244971559934 3.66578051943288 0.2178485874664053 0.5558563099180527 5.814347840348488 1.7248716778638817 0.23963529620647323 0.17285539771117384 2.184913499448177 0.6931056334048129 1.4898143430743782 2.6267106876735586 3.036858257644304 0.7283777251079687 0.4129605759398625 0.29033029113294107 0.855620971249021 0.4984531895996144 0.3158672522565934 3.8812990151474205 0.232669787626827 1.430977037714848 0.2397746459033093 1.9705127861401648
FREEZE 0
NORMALS -0.947081386606355 0.2819287272066774 -0.15346999680526208 -0.9437560642395959 0.2936852565417366 -0.15189951053575562 -0.9384459399886979 0.31696376344445915 -0.1373069203713135 -0.24895747336021595 -0.392995157198513 0.8851977083548134 0.15801212026395536 -0.41632316273868253 0.8953810328664271 0.3746417756975817 -0.35786083055066925 0.855324012208092 0.3746417756975816 -0.35786083055066914 0.855324012208092 0.5181745192113363 -0.30446397114996554 0.7992476824562543 0.6954286124546954 -0.1818400283059453 0.6952073425137497 0.8719591860016064 0.07356859736833629 0.4840194618284185 0.6684621835140281 0.07240067990073334 0.7402137872004071 0.05424939794287897 -0.154162064977471 0.9865551482531106 0.054249397942878294 -0.15416206497747065 0.9865551482531107 -0.3236042535428261 -0.2543730989481247 0.9113586635460915 -0.4831105224807572 -0.333443249614248 0.8095800283820372 -0.5131473261091843 -0.3892491304588066 0.7649607415704793 -0.5084129957425265 -0.4229296320694617 0.7500978283382105 -0.48863049698471384 -0.47569240509285526 0.7314075287782089 -0.4886304969847136 -0.47569240509285465 0.7314075287782092 -0.4648353582739815 -0.5318948121552379 0.7078248360298213 -0.38257644405954894 -0.6710940052837432 0.6350339365128246 0.017642424689527376 -0.9793626272574085 0.20133948739017993 -0.003558609599068828 -0.982994425911324 0.18360091210282115 -0.021749301488078934 -0.9863361155103179 0.1633035061619849
TMASK 1.0 1.0 1.0 1.0 1.0 1.0 1.0 1.0 1.0 0.0 0.0 0.0 0.0 0.0 0.0 0.0 0.0 0.0 0.0 0.0 0.0 0.0 0.0 0.0
COST 415884.8638662344
GRAD 4453.3937354531245 -6126.009811510977 7958.652474008588 8568.10361131661 9852.386767613545 -13211.317714448482 -64276.83284542668 -45111.935138322675 79281.59312917566 -43458.715349802675 28115.876099381134 -75242.94408667873 -2158532.0461097066
END
CASE
NAME conformal_q
M 3
X -0.8277594958091106 -0.6298216446256086 -3.6944763564268763 0.5611258904439529 0.31967915430690486 -0.7934369064910154 0.6263218375501225 0.5315615279468489 1.1687080945068602
START -2.2232201630645374 -2.194342770455868 -3.436337253425952
GOAL 2.75966990232964 3.568014553555945 -0.32425369880999977
TTARGET 2.3265914600038315
V0 -0.25980279350550634 0.1799759580499134 -0.4514706948566829
A0 0.3196447471982556 0.14892646237867746 -0.35877251080304023
VF -0.3957690792087374 -0.35997103333698316 -0.04534787015635385
AF 0.17080123998532445 0.34620362090377715 -0.24468248214758212
W_SMOOTH 1.0
W_OBS 1.0
W_VEL 100.0
W_ACCEL 100.0
W_TIME 10.0
VMAX 3.0
AMAX 3.0
KAPPA 16
AVOID_OVERRIDE _
TAU_TRUST 2.0
SPACETIME_HARD 1
Q_CONFORMAL 0.93
EPSILON_TRACK 0.0
SAFETY_MODE conformal
REACH_MODEL accel
A_MAX_HUMAN 0.0
V_MAX_HUMAN 0.0
EST_POS_ERR 0.0
EST_VEL_ERR 0.0
NCLASS 1
CLASS0 human 0.8 10000.0 hard
S 0
H 1
HARD0_KIND sphere
HARD0_C0 0.2682248696325513 0.6868358915500385 -1.880295476117976
HARD0_R 0.4
HARD0_VEL 0.3 -0.2 0.1
HARD0_ACC 0.0 0.0 0.0
HARD0_CLASS human
RHO 18.0
NC 18
LAM 1.9384925502867085 1.1992701985556582 2.077501689654018 0.13471827994271726 1.68515458838215 0.02192738573854543 2.064154562554639 1.8947047522146399 0.5220877923899936 0.6438025259037881 0.4226166527338941 1.7339689599751518 1.3386763879082597 0.7561788535834001 0.36390294124316 0.5551464726330846 1.2300601242529432 2.114104333063296
FREEZE 0
NORMALS -0.6055164908688917 -0.7002366779473134 -0.3781777018058232 -0.6170781857170402 -0.6826056923847619 -0.39148943975040484 -0.6270141599526478 -0.6646625159905446 -0.40629666877294784 -0.5855394671229703 -0.5824593942600343 -0.563812545514537 -0.5324441871781612 -0.5043054613480491 -0.6798376197260037 -0.5001215925798642 -0.46409401459927996 -0.7310917440708132 -0.5001215925798634 -0.46409401459928135 -0.731091744070813 -0.4535836046761815 -0.40747123257372914 -0.7926090512943991 -0.44553024133609054 -0.4153414591141556 -0.7930915939511207 -0.5915527503365478 -0.6623201111717748 -0.45977974499391966 -0.4475382229448368 -0.6187759032648266 0.6456205701045896 -0.05546226218704492 -0.13806511835343604 0.988869031048676 -0.055462262187047716 -0.13806511835343932 0.9888690310486753 0.17881357415267152 0.1642940052236148 0.9700686499141852 0.31494903953506403 0.4222858839477717 0.8499892556464405 0.49806457844712776 0.8053889858009675 0.32137245875583964 0.47276552444410597 0.8178456081965134 0.32805688538844063 0.44604639211268965 0.8322943202125989 0.329133378169247
TMASK 1.0 1.0 1.0 1.0 1.0 1.0 1.0 1.0 1.0 1.0 1.0 1.0 1.0 1.0 1.0 1.0 0.0 0.0
COST 35678.86481025036
GRAD 13242.78039254048 20392.844777170554 -30046.663561716552 -5653.524326841012 -11950.98510184218 19499.631856370208 -114329.05037174301 -89975.1568255785 -28769.33908014643
END
CASE
NAME eps_track_allhard
M 3
X 1.3929429492783507 -0.7297549563052206 1.085173249149343 -3.112309975015286 3.0351630892409327 -3.0954751687470514 0.5634712387214551 1.18795109231684 0.5349780702837312
START -3.962298506226502 3.773767701715636 -0.4654232896725006
GOAL 3.425224138352183 2.0758795122453098 3.4060756016958695
TTARGET 2.2864004013220263
V0 0.3070301549430619 0.07670149840182638 -0.3154908594766113
A0 0.4790995540386312 0.08321030572031721 -0.22273186247358506
VF -0.19592596752252356 0.274286736520546 0.4144291922619262
AF 0.0467750892391376 -0.2510201829871172 0.24193409589545617
W_SMOOTH 1.0
W_OBS 1.0
W_VEL 100.0
W_ACCEL 100.0
W_TIME 10.0
VMAX 3.0
AMAX 3.0
KAPPA 16
AVOID_OVERRIDE hard
TAU_TRUST 2.0
SPACETIME_HARD 1
Q_CONFORMAL 0.0
EPSILON_TRACK 0.25
SAFETY_MODE conformal
REACH_MODEL accel
A_MAX_HUMAN 0.0
V_MAX_HUMAN 0.0
EST_POS_ERR 0.0
EST_VEL_ERR 0.0
NCLASS 2
CLASS0 human 0.8 10000.0 hard
CLASS1 wall 0.4 10.0 soft
S 0
H 2
HARD0_KIND sphere
HARD0_C0 -0.26853718393715953 2.924823606980473 1.4703261560116845
HARD0_R 0.4
HARD0_VEL 0.2 0.2 0.0
HARD0_ACC 0.0 0.0 0.0
HARD0_CLASS human
HARD1_KIND aabb
HARD1_LO 0.23146281606284047 2.924823606980473 1.1703261560116844
HARD1_HI 0.9314628160628404 3.7248236069804728 1.8703261560116844
HARD1_CLASS wall
RHO 12.0
NC 36
LAM 1.285280826530691 1.904275879583453 1.6015632205425863 2.524535108920904 2.2853768043052707 0.034790386271721443 1.1328576848347076 3.3459829203027036 1.2432344488637879 0.8990728341959213 0.16436509916867958 0.6111630500151098 0.49575055999453166 0.30124520979262337 3.1890221156610767 0.5320891077773049 0.07129480715532378 0.8242455895234224 0.45633456702966085 1.6504459208985005 1.4815116684776282 1.2433425619109275 1.8054323483087533 0.7468735402424149 1.7745968049403416 0.9789578457354651 1.837531640287344 1.4957349329284628 3.0412032395532234 0.879743022852438 0.8429155088848063 0.7188785717678676 0.4559042561576255 3.11007138618569 2.283624944898878 4.351518610232984
FREEZE 0
NORMALS -0.8679389235034375 0.199480031168435 -0.4548513408056904 -0.8302232872196911 -0.3484551264037541 -0.4350957575535227 -0.8644713125690726 0.19607138824630482 -0.46286646071655646 -0.8302232872196911 -0.3484551264037541 -0.4350957575535227 -0.8600817105533707 0.19317025365627574 -0.47217020688937783 -0.8302232872196911 -0.3484551264037541 -0.4350957575535227 -0.7753388030661675 -0.3541006288657369 -0.5229364063600968 -0.8302232872196911 -0.3484551264037541 -0.4350957575535227 0.1498458967942374 -0.973782278903109 -0.17115572005690693 -0.8302232872196911 -0.3484551264037541 -0.4350957575535227 0.37854813886775807 -0.9207819651511172 -0.09413755473881569 -0.8302232872196911 -0.3484551264037541 -0.4350957575535227 0.3785481388677588 -0.9207819651511171 -0.09413755473881331 -0.3634265119684676 -0.55627031468855 -0.747318210265704 0.5222010730806911 -0.8519773094642545 -0.03795659931322009 -0.3634265119684676 -0.55627031468855 -0.747318210265704 0.3409074934625466 -0.8797746476415772 -0.33132861371789546 -0.3634265119684676 -0.55627031468855 -0.747318210265704 -0.5900263451609051 -0.12932936607020865 -0.7969584851721842 -0.3634265119684676 -0.55627031468855 -0.747318210265704 -0.6310321694474443 -0.008941311894890462 -0.7757051334521708 -0.3634265119684676 -0.55627031468855 -0.747318210265704 -0.5726902585834015 -0.04302181953346715 -0.8186421628328866 -0.3634265119684676 -0.55627031468855 -0.747318210265704 -0.5726902585834008 -0.04302181953346757 -0.8186421628328869 0.5481559535761795 -0.7787063274037631 -0.30519093404020464 -0.4626807865435224 -0.10152618201638414 -0.880692298211267 0.5481559535761795 -0.7787063274037631 -0.30519093404020464 0.811688498640848 -0.5571180048188816 -0.1754460312483434 0.5481559535761795 -0.7787063274037631 -0.30519093404020464 0.8248983814163997 -0.3292051681334071 0.4595286907374328 0.5481559535761795 -0.7787063274037631 -0.30519093404020464 0.8182983408400627 -0.32797697520627817 0.4720369997287722 0.5481559535761795 -0.7787063274037631 -0.30519093404020464 0.8109429677727978 -0.3272916571541689 0.4850274983721283 0.5481559535761795 -0.7787063274037631 -0.30519093404020464
TMASK 1.0 1.0 1.0 1.0 1.0 1.0 1.0 1.0 1.0 1.0 1.0 1.0 1.0 1.0 1.0 0.0 0.0 0.0
COST 1348873.3366840743
GRAD 124323.23783718643 -87703.05084924231 67298.47793555874 -159717.38118631038 51364.52493423 -139009.69803643264 -2597423.9716428714 -544093.7524931806 -5034737.4978577625
END
CASE
NAME det_accel
M 4
X -1.2558948439248363 -1.3954201551871712 2.3708059764910114 2.430535716833986 -2.3085793271686903 3.3427264246751047 -0.49954484886196404 1.020846765234114 -0.2786636238937694 0.6774257427267381 1.0016697426023318 0.7382600616186652 0.6933277874080468
START -3.3662480827211594 0.5157682077928802 1.6888580145867138
GOAL -2.9554870793609487 1.7732247177558857 3.470792056956051
TTARGET 3.1106833343557816
V0 0.04549286597449954 -0.3675366875893867 -0.4985477890114418
A0 -0.6424794446227717 0.2891814459632641 0.2334406386398414
VF 0.22161830296215823 0.24972374035637973 0.3795085199128284
AF -0.19533185959959284 0.3001052081493192 -0.29869132700361095
W_SMOOTH 1.0
W_OBS 1.0
W_VEL 100.0
W_ACCEL 100.0
W_TIME 10.0
VMAX 3.0
AMAX 3.0
KAPPA 16
AVOID_OVERRIDE _
TAU_TRUST 0.75
SPACETIME_HARD 1
Q_CONFORMAL 0.0
EPSILON_TRACK 0.0
SAFETY_MODE deterministic
REACH_MODEL accel
A_MAX_HUMAN 2.0
V_MAX_HUMAN 0.0
EST_POS_ERR 0.1
EST_VEL_ERR 0.3
NCLASS 1
CLASS0 human 0.8 10000.0 hard
S 0
H 1
HARD0_KIND sphere
HARD0_C0 -3.160867581041054 1.144496462774383 2.5798250357713823
HARD0_R 0.4
HARD0_VEL 0.5 0.2 -0.1
HARD0_ACC 0.0 0.0 0.0
HARD0_CLASS human
RHO 20.0
NC 24
LAM 0.17917652606106974 5.598840924662648 3.9266876474689125 3.216412780972675 1.1577136871321478 2.7751286759009632 0.24859221603716447 1.9766212263455227 0.6047527000747944 1.198149915349312 1.125041443428941 6.720129124688417 2.663548778486823 0.1510945972849646 1.1583347092833738 0.9701090145157767 2.5020329664853245 0.3571596013271742 0.6344963876007323 0.6575406168879442 7.544074205091471 0.21079069819751375 0.07889217440145121 1.1637487898641707
FREEZE 0
NORMALS -0.18508738168144576 -0.566605230543865 -0.8029328576304747 -0.2207765428984908 -0.5835514149937511 -0.7814892604281788 -0.2627374146917263 -0.5938363039734633 -0.7604784645236474 0.07377703392061602 -0.7995100802879577 -0.5961045049182397 0.3620210577878613 -0.8860998112492453 -0.28942680978480534 0.504696509478622 -0.8620957240450946 -0.045523575246890664 0.5046965094786219 -0.8620957240450948 -0.04552357524689056 0.5831424403180779 -0.8011847625522355 0.13434236321427048 0.6173649378646141 -0.7335606445270824 0.28416423824336634 0.6249686642939666 -0.6649698594116169 0.40893673682454845 0.6935506211185376 -0.6380031814548475 0.334573573970784 0.7728662120923581 -0.616245339386992 0.15139187524375727 0.7728662120923581 -0.616245339386992 0.1513918752437574 0.8188101416189987 -0.5735130494809807 -0.02515420555098679 0.8165009336717086 -0.48008674214727914 -0.3206913552430749 0.7018906689436648 -0.3299870796096364 -0.631235309643336 0.5846984540997145 -0.24022223017730324 -0.7748683745656721 0.4756722549937642 -0.19880323926043567 -0.8568624031247406 0.47567225499376425 -0.19880323926043586 -0.8568624031247405 0.2344819971444359 -0.10610341993690181 -0.9663127119586342 -0.6456514167001818 -0.014389718492008078 -0.7634966824517111 -0.769011110402575 8.865940967540777e-06 0.6392354120344036 -0.7559649793822119 -0.00017489198634672767 0.654612037286548 -0.7468354685188427 0.0036466469706625945 0.6649988608472288
TMASK 1.0 1.0 1.0 1.0 1.0 1.0 1.0 0.0 0.0 0.0 0.0 0.0 0.0 0.0 0.0 0.0 0.0 0.0 0.0 0.0 0.0 0.0 0.0 0.0
COST 130625.64347511764
GRAD 3968.909703438566 -6773.863866874187 -2721.74557720648 5632.7188430386495 -7737.209265887626 24464.893545521678 6271.093793303708 11036.643540206496 -55773.09865737349 -75030.9314737518 -28180.454698425827 -201407.87053724294 -391653.4892912587
END
CASE
NAME det_speed
M 3
X -0.9239094947182025 -3.867446348435495 -0.3718751897239949 2.9696832375852154 -0.25440631320709794 1.6567275980561353 1.0530268896463584 1.2664620739270138 0.8378441980967943
START -0.26441901751510954 -2.816133673350378 3.497344685802731
GOAL -3.4511800385119997 3.80014074935219 2.1076586141373213
TTARGET 3.1573331616701665
V0 -0.33494497676112417 0.1300523734310874 0.4951423720039196
A0 0.24542640127018078 0.015318812524291101 -0.12097189250695646
VF 0.5384129276294147 -0.42991753760767004 0.32754446987111596
AF 0.3374921195873391 -0.5318785011966549 -0.10740325187701778
W_SMOOTH 1.0
W_OBS 1.0
W_VEL 100.0
W_ACCEL 100.0
W_TIME 10.0
VMAX 3.0
AMAX 3.0
KAPPA 16
AVOID_OVERRIDE _
TAU_TRUST 0.75
SPACETIME_HARD 1
Q_CONFORMAL 0.0
EPSILON_TRACK 0.0
SAFETY_MODE deterministic
REACH_MODEL speed
A_MAX_HUMAN 0.0
V_MAX_HUMAN 2.5
EST_POS_ERR 0.15
EST_VEL_ERR 0.0
NCLASS 1
CLASS0 human 0.8 10000.0 hard
S 0
H 1
HARD0_KIND sphere
HARD0_C0 -1.8577995280135546 0.492003538000906 2.802501649970026
HARD0_R 0.4
HARD0_VEL 0.4 0.3 0.0
HARD0_ACC 0.0 0.0 0.0
HARD0_CLASS human
RHO 16.0
NC 18
LAM 1.6547347864039765 0.7353479646188785 0.9997156993536717 0.447919124785828 5.607614968924625 2.892696019208885 2.088564623247896 2.333593443474707 2.955236788572167 1.9077609048265354 0.6317993789681224 3.0633312530207495 1.688857028215137 4.053113193480457 4.329838788588476 1.9596302273816166 1.4071150477334888 4.4017544475894725
FREEZE 0
NORMALS 0.42637544678451444 -0.8852301582834992 0.18593424978921066 0.3860003952362208 -0.8972337781732467 0.21441838116738643 0.3479436438930093 -0.9061491156385334 0.24047661196457057 -0.023319541838544667 -0.9778607849476642 -0.2079530817996657 -0.060960137116542835 -0.8766436855228961 -0.47726272671932596 0.09034998316891639 -0.823943020486362 -0.5594236136714171 0.09034998316891574 -0.8239430204863618 -0.5594236136714175 0.2154255507791537 -0.7589102828132419 -0.6145299136021156 0.48077749882324494 -0.6943636302725833 -0.5354550826912973 0.7763697366268124 -0.562518681406538 -0.28429344895488473 0.8587116717074512 -0.46332960000499274 -0.21895192767502217 0.9042070786872769 -0.3344110726716176 -0.2656666959301422 0.904207078687277 -0.33441107267161757 -0.2656666959301423 0.9366473491810317 -0.02106405675553395 -0.3496398844313193 -0.2480319603600018 0.8757502380447045 -0.41417588921208087 -0.7295270811570567 0.6528197381664225 -0.20400153754025682 -0.7429859840220226 0.6407411674246823 -0.19344917656604765 -0.757577352823273 0.6261891173590113 -0.1842925494707384
TMASK 1.0 1.0 1.0 1.0 0.0 0.0 0.0 0.0 0.0 0.0 0.0 0.0 0.0 0.0 0.0 0.0 0.0 0.0
COST 140065.89208908775
GRAD -13210.34494853819 -2206.0640699249557 -11291.696160879352 36879.1856529566 -13054.576456434146 5222.9707687223645 -56595.51237707574 -51270.01657907818 -448405.97167514183
END
CASE
NAME wall_all_hard
M 3
X -2.096002494732409 2.924830605311346 1.1350785403235255 0.975486884282013 -1.2410939687334501 0.8640647255618328 1.2981447828432668 0.5575903507953415 0.7127658352390156
START -3.9880289317901854 -1.945897458007777 -1.624235591678036
GOAL 0.6135386442421771 -2.8581629925956893 2.761102184933385
TTARGET 2.5685009688776237
V0 0.5097183271554748 0.20817026393600974 -0.07273256325134253
A0 -0.1654424424895911 0.07570668267099917 0.7659520899247588
VF -0.46116897263656986 0.36235413983853026 0.14051256486675837
AF -0.5354516773438278 -0.015778430527573 0.0641962869823109
W_SMOOTH 1.0
W_OBS 1.0
W_VEL 100.0
W_ACCEL 100.0
W_TIME 10.0
VMAX 3.0
AMAX 3.0
KAPPA 16
AVOID_OVERRIDE hard
TAU_TRUST 0.75
SPACETIME_HARD 1
Q_CONFORMAL 0.0
EPSILON_TRACK 0.0
SAFETY_MODE conformal
REACH_MODEL accel
A_MAX_HUMAN 0.0
V_MAX_HUMAN 0.0
EST_POS_ERR 0.0
EST_VEL_ERR 0.0
NCLASS 1
CLASS0 wall 0.4 10.0 soft
S 0
H 1
HARD0_KIND aabb
HARD0_LO -1.387245143774004 -2.6020302253017333 0.3684332966276746
HARD0_HI -0.6872451437740041 -1.9020302253017332 0.8684332966276747
HARD0_CLASS wall
RHO 10.0
NC 18
LAM 0.48358993507041537 1.570222039295364 0.17792374888519963 0.19657493218807803 1.991083826082778 0.3022120739038741 0.9150803186564659 1.41741269496488 2.3317886520507214 1.2975354775580827 2.0130072676035042 1.6441230511820009 1.7944225306953339 1.7641931846628873 0.35352854124546385 0.5701718932062326 0.5621189215480696 1.9872810681118052
FREEZE 0
NORMALS -0.6591986643374506 0.7201360002977907 -0.2164746220941884 -0.6591986643374506 0.7201360002977907 -0.2164746220941884 -0.6591986643374506 0.7201360002977907 -0.2164746220941884 -0.6591986643374506 0.7201360002977907 -0.2164746220941884 -0.6591986643374506 0.7201360002977907 -0.2164746220941884 -0.6591986643374506 0.7201360002977907 -0.2164746220941884 0.20122479101860724 0.9771618470456845 0.06828841891407288 0.20122479101860724 0.9771618470456845 0.06828841891407288 0.20122479101860724 0.9771618470456845 0.06828841891407288 0.20122479101860724 0.9771618470456845 0.06828841891407288 0.20122479101860724 0.9771618470456845 0.06828841891407288 0.20122479101860724 0.9771618470456845 0.06828841891407288 0.8082440133176788 -0.11239024730228603 0.5780225317818181 0.8082440133176788 -0.11239024730228603 0.5780225317818181 0.8082440133176788 -0.11239024730228603 0.5780225317818181 0.8082440133176788 -0.11239024730228603 0.5780225317818181 0.8082440133176788 -0.11239024730228603 0.5780225317818181 0.8082440133176788 -0.11239024730228603 0.5780225317818181
TMASK 1.0 1.0 1.0 0.0 0.0 0.0 0.0 0.0 0.0 0.0 0.0 0.0 0.0 0.0 0.0 0.0 0.0 0.0
COST 86611.92632931651
GRAD -15628.65255467491 29560.16954273829 16003.471948191876 24869.411506850094 -25091.31019047555 -26401.459391122058 -82850.48270277712 -288180.8809781131 -93498.52393672388
END
CASE
NAME multi_frozen
M 5
X -0.26121098184030966 -3.38939367650962 1.4408552552048395 -1.4494555206867759 1.2414932628525843 -1.0071902798919874 2.2275836740568398 3.096515271871173 -1.0065459332944364 -0.8117652298674765 2.8078588366099053 1.7382357138782645 0.929177639730955 0.5590770092282075 1.366474203679556 1.242075894320879 0.799810097841994
START 0.9885171694494073 2.9585592966910985 -0.6728152626840309
GOAL -1.9378910297606025 1.6882370590035478 3.4267068894381314
TTARGET 4.896614844801591
V0 -0.2787308948099784 -0.6777960818061329 0.3139122008786959
A0 -0.009928840854287404 -0.1071165806158992 -0.09583171687628703
VF -0.5235360281007216 0.3085880744100036 0.07441224246241236
AF 0.3671738696216305 0.22647506861182803 -0.0012940469149066486
W_SMOOTH 1.0
W_OBS 1.0
W_VEL 100.0
W_ACCEL 100.0
W_TIME 10.0
VMAX 3.0
AMAX 3.0
KAPPA 16
AVOID_OVERRIDE hard
TAU_TRUST 2.0
SPACETIME_HARD 1
Q_CONFORMAL 0.5
EPSILON_TRACK 0.1
SAFETY_MODE conformal
REACH_MODEL accel
A_MAX_HUMAN 0.0
V_MAX_HUMAN 0.0
EST_POS_ERR 0.0
EST_VEL_ERR 0.0
NCLASS 2
CLASS0 human 0.8 10000.0 hard
CLASS1 wall 0.4 10.0 soft
S 0
H 3
HARD0_KIND sphere
HARD0_C0 -0.4746869301555976 2.323398177847323 1.3769458133770502
HARD0_R 0.4
HARD0_VEL 0.5 0.1 0.0
HARD0_ACC 0.0 0.0 0.0
HARD0_CLASS human
HARD1_KIND sphere
HARD1_C0 0.12531306984440238 2.9233981778473233 1.5769458133770502
HARD1_R 0.35
HARD1_VEL -0.2 0.3 0.1
HARD1_ACC 0.1 0.0 -0.1
HARD1_CLASS human
HARD2_KIND aabb
HARD2_LO 0.5253130698444024 1.8233981778473232 0.9769458133770502
HARD2_HI 1.1253130698444025 2.723398177847323 1.8769458133770502
HARD2_CLASS wall
RHO 22.0
NC 90
LAM 2.023814826464782 4.270839078823583 5.042654486921189 0.9880955646730265 2.154886347279355 4.474211191987532 0.8370390634418526 0.3433209951961486 3.345480980291523 0.5961703921580208 2.8705082896238827 1.5250472104590127 5.969647029007573 3.7287133909664485 2.653018361609301 4.703213590884036 0.057078962622790205 0.8853168833856488 2.335558098897205 4.2546165736928225 2.399249058250604 0.13587576263112688 1.8561207401108746 10.23291721321892 3.6103819271344006 4.5322213343028785 0.6982033189035649 2.8677598921677516 1.9320064305162257 1.985357220177908 0.24283410161572172 1.506665185651208 2.695485025918965 1.4398370567781071 1.85239755736105 1.305296709569057 2.1083330787644248 6.817390879963958 1.6527472219081822 3.2759165410125197 1.1761242155274907 3.325379028044554 0.6175073313389158 0.3738572261061732 2.60994791412038 0.3235270637825286 0.10135517973264983 3.114403022881795 4.054174036018626 3.536480384001191 1.5879151221933459 1.9231308164005874 8.698294743287441 2.9126404698485433 0.26201208145380706 4.910670066228257 2.045519070239183 3.6501517687412575 1.8292485997242434 0.4092859767972242 2.6517465313886825 1.8262051430594337 1.7773818328765005 0.9602457133843745 1.0138691960920885 6.855134892576217 0.27595711382182125 1.0741893372530513 0.552277452312768 3.6299749640844046 2.5874053071860383 0.4482002953471169 3.1368664298063553 2.5775037420830906 1.0074794898777324 2.1871809478100825 3.2520554394414285 0.16416937074456955 1.9028619230362813 4.595957016460193 4.291076374426649 3.834609625296905 0.0003183492749550537 3.6046057337696484 4.906940223102062 0.360465977833908 4.799802053199031 0.6300770471154562 2.8219060804967504 0.5706629991906981
FREEZE 1
NORMALS 0.5633579577931687 0.24454761360909835 -0.7891921667561111 0.35818576453851314 0.014590074631075284 -0.9335363344852843 -0.07778669237879085 -0.8611483846823544 -0.502367086947124 0.540323488266002 0.2004092206379738 -0.8172433372694695 0.3573351412665271 -0.06319740352617315 -0.9318356534301427 -0.07778669237879085 -0.8611483846823544 -0.502367086947124 0.511173385515634 0.14712416628980088 -0.8467917392334529 0.35249925789098474 -0.1448595842386877 -0.9245323001607351 -0.07778669237879085 -0.8611483846823544 -0.502367086947124 0.27985091042611443 -0.9352239134219309 -0.21688637508484374 0.18059933253626803 -0.9539619569326219 -0.23945869333297726 -0.07778669237879085 -0.8611483846823544 -0.502367086947124 0.08640830788271277 -0.9960462024975517 -0.020629270928773907 0.060000444028422896 -0.9965184792712142 -0.05788667538716233 -0.07778669237879085 -0.8611483846823544 -0.502367086947124 -0.022037822209397217 -0.9994372297437165 -0.025289487825426407 -0.016837470604656922 -0.9980724327254811 -0.059732056862937914 -0.07778669237879085 -0.8611483846823544 -0.502367086947124 -0.022037822209396776 -0.9994372297437166 -0.025289487825425644 -0.016837470604656565 -0.9980724327254812 -0.059732056862937054 -0.3918728611665783 -0.887365495389647 -0.24293649020475686 -0.08604176320387799 -0.9959006626289397 -0.0279049307472113 -0.06272936426169558 -0.996202659021656 -0.060376228910937524 -0.3918728611665783 -0.887365495389647 -0.24293649020475686 -0.17118344165090374 -0.9814464834513131 -0.08636567272709021 -0.12419942200647216 -0.985770051967622 -0.11327801294607047 -0.3918728611665783 -0.887365495389647 -0.24293649020475686 -0.3133622331876401 -0.9153591040693273 -0.25282765159106607 -0.22179856130227033 -0.9396186991324406 -0.26061868399042926 -0.3918728611665783 -0.887365495389647 -0.24293649020475686 -0.4868167191309195 -0.6996496624255799 -0.5229721138286241 -0.3367860137285488 -0.7996131960425185 -0.4971859990702703 -0.3918728611665783 -0.887365495389647 -0.24293649020475686 -0.5732784325416895 -0.2933582335971316 -0.7650443030069006 -0.4105897210681116 -0.5158925939134773 -0.7518450056350938 -0.3918728611665783 -0.887365495389647 -0.24293649020475686 -0.5732784325416903 -0.2933582335971214 -0.7650443030069038 -0.41058972106811303 -0.5158925939134695 -0.7518450056350984 -0.15237110580143248 0.5430544492453679 -0.8257571745202452 -0.42499281941354267 0.48457592227447577 -0.7645699961408171 -0.3506561352139144 0.32078954128746284 -0.8798490467332565 -0.15237110580143248 0.5430544492453679 -0.8257571745202452 -0.21857448758164374 0.7111401940129625 -0.6682101599329571 -0.1402032848870192 0.629176928580764 -0.7645125449909671 -0.15237110580143248 0.5430544492453679 -0.8257571745202452 0.04258116795335556 0.6367962825121158 -0.7698554011725045 0.2145505343282286 0.45918560874068637 -0.8620421364091878 -0.15237110580143248 0.5430544492453679 -0.8257571745202452 0.3405116784189588 0.4175889643893574 -0.8424198796802741 0.5637800720307296 0.09379615144834537 -0.8205816914570446 -0.15237110580143248 0.5430544492453679 -0.8257571745202452 0.47677149277548675 0.21249785661252912 -0.8529558046063788 0.6901619824978572 -0.18182549623159075 -0.7004398095730732 -0.15237110580143248 0.5430544492453679 -0.8257571745202452 0.47677149277548614 0.21249785661252948 -0.852955804606379 0.6901619824978569 -0.1818254962315901 -0.7004398095730738 0.14550597521961542 0.48759739409892144 -0.8608581720837236 0.6216028237496635 -0.10578702372768777 -0.7761565789950392 0.7429181085484398 -0.4379608891953944 -0.5062242028251793 0.14550597521961542 0.48759739409892144 -0.8608581720837236 0.47343369228699594 -0.2509118959775482 -0.8443362833992474 0.684842039656057 -0.5894327925273545 -0.42843945174684406 0.14550597521961542 0.48759739409892144 -0.8608581720837236 -0.4848485242216821 0.4042982383094606 -0.7755416449552684 0.4111595823934545 -0.5196221694223657 -0.7489596777202591 0.14550597521961542 0.48759739409892144 -0.8608581720837236 -0.9096375835587649 0.3308420196686034 -0.2512031540386592 -0.5129457414088514 -0.783870461467392 -0.34990536722008353 0.14550597521961542 0.48759739409892144 -0.8608581720837236 -0.9895507537148476 0.09488788378516871 0.1085614818116874 -0.6583358283122619 -0.6817940535395256 0.3189840211022342 0.14550597521961542 0.48759739409892144 -0.8608581720837236 -0.9895507537148477 0.09488788378516841 0.10856148181168744 -0.6583358283122616 -0.681794053539526 0.31898402110223417 -0.8646543299949202 -0.04839964141044324 0.5000303634104393 -0.9655371604730825 -0.014264844021444251 0.25987401942214383 -0.6466705545893979 -0.6043153697235022 0.46542467461769493 -0.8646543299949202 -0.04839964141044324 0.5000303634104393 -0.9106307880777537 -0.1519479605764162 0.3842699377801459 -0.5679958379012892 -0.6153252743031041 0.5465853409401153 -0.8646543299949202 -0.04839964141044324 0.5000303634104393 -0.8395411415101982 -0.2786027696829557 0.4664238077507827 -0.4830851271735634 -0.6514972204069446 0.5849616497734934 -0.8646543299949202 -0.04839964141044324 0.5000303634104393 -0.8521660771013432 -0.2625070938921388 0.4526621286279772 -0.504311472846969 -0.6341095355882577 0.5861527405301157 -0.8646543299949202 -0.04839964141044324 0.5000303634104393 -0.8630865023113097 -0.2462977932310104 0.44092979778822405 -0.5226312936074167 -0.6166414612577834 0.5887357974508631 -0.8646543299949202 -0.04839964141044324 0.5000303634104393
TMASK 1.0 1.0 1.0 1.0 1.0 1.0 1.0 1.0 1.0 1.0 1.0 1.0 1.0 1.0 0.0 0.0 0.0 0.0 0.0 0.0 0.0 0.0 0.0 0.0 0.0 0.0 0.0 0.0 0.0 0.0
COST 185401.92656781562
GRAD 5557.981705728439 -63629.161217655135 26928.43091264237 -8216.679725997614 36792.22176571527 -16446.57170316938 4760.4321656195 -5307.557332376236 2288.203857798126 -2304.2495654824006 4057.82496005304 -3352.4641391455257 -436859.94778603525 -479428.25814498524 -3710.9042542158513 710.1400988625346 -14819.565058948687
END
CASE
NAME spacetime_off
M 4
X 0.14396337577751872 -2.3089324548521546 2.929825952510728 3.2075083122501944 2.151201048222239 -0.7970946506397638 -0.9641293035392566 -3.1642620150019427 3.113056669897972 1.1859728867156591 1.0655887331572083 0.8465003092072971 0.7337014050779946
START -1.3023871243082725 3.8892273870115632 -2.535034251547403
GOAL 3.580642131288294 -2.7662814143737737 -1.1311340174933706
TTARGET 3.831763334158159
V0 0.25384161764677116 0.3862490444486297 0.36021937750605804
A0 0.4904893704360736 0.07513249613745425 0.31308087400268786
VF -0.5273012266353281 0.5943431061105526 -0.2292464910298783
AF -0.10291755143676592 -0.05528436895241131 0.19097279873728357
W_SMOOTH 1.0
W_OBS 1.0
W_VEL 100.0
W_ACCEL 100.0
W_TIME 10.0
VMAX 3.0
AMAX 3.0
KAPPA 16
AVOID_OVERRIDE _
TAU_TRUST 0.75
SPACETIME_HARD 0
Q_CONFORMAL 0.0
EPSILON_TRACK 0.0
SAFETY_MODE conformal
REACH_MODEL accel
A_MAX_HUMAN 0.0
V_MAX_HUMAN 0.0
EST_POS_ERR 0.0
EST_VEL_ERR 0.0
NCLASS 1
CLASS0 human 0.8 10000.0 hard
S 0
H 1
HARD0_KIND sphere
HARD0_C0 1.1391275034900108 0.5614729863188948 -1.8330841345203868
HARD0_R 0.45
HARD0_VEL 0.7 0.2 -0.3
HARD0_ACC 0.0 0.0 0.0
HARD0_CLASS human
RHO 14.0
NC 24
LAM 0.5498135485198794 1.537563722295956 2.132717340866469 1.2023980275935857 0.5407058382138618 0.9552194149718288 1.7353789188549027 2.7581311418771706 0.3401388855993298 2.3174426165278486 2.071603763080735 2.903042150621112 2.345117820439297 3.032328307761245 0.5741074479199385 1.042838320919147 0.19666706620725502 0.7000749760116283 1.1703991976994987 3.371439960502532 2.22491454654936 0.5258689626683334 2.801099717447735 1.1236485937313008
FREEZE 0
NORMALS -0.8124309364049319 0.13565290761826398 0.567057547544265 -0.8124309364049319 0.13565290761826398 0.567057547544265 -0.8124309364049319 0.13565290761826398 0.567057547544265 -0.8124309364049319 0.13565290761826398 0.567057547544265 -0.8124309364049319 0.13565290761826398 0.567057547544265 -0.8124309364049319 0.13565290761826398 0.567057547544265 0.08634781212331553 -0.32126225396648544 0.9430453963186979 0.08634781212331553 -0.32126225396648544 0.9430453963186979 0.08634781212331553 -0.32126225396648544 0.9430453963186979 0.08634781212331553 -0.32126225396648544 0.9430453963186979 0.08634781212331553 -0.32126225396648544 0.9430453963186979 0.08634781212331553 -0.32126225396648544 0.9430453963186979 -0.5518005542016661 -0.27129318638852595 0.7886166086267108 -0.5518005542016661 -0.27129318638852595 0.7886166086267108 -0.5518005542016661 -0.27129318638852595 0.7886166086267108 -0.5518005542016661 -0.27129318638852595 0.7886166086267108 -0.5518005542016661 -0.27129318638852595 0.7886166086267108 -0.5518005542016661 -0.27129318638852595 0.7886166086267108 -0.3128980492681949 -0.7488433487792582 0.5842332152088108 -0.3128980492681949 -0.7488433487792582 0.5842332152088108 -0.3128980492681949 -0.7488433487792582 0.5842332152088108 -0.3128980492681949 -0.7488433487792582 0.5842332152088108 -0.3128980492681949 -0.7488433487792582 0.5842332152088108 -0.3128980492681949 -0.7488433487792582 0.5842332152088108
TMASK 1.0 1.0 1.0 1.0 0.0 0.0 0.0 0.0 0.0 0.0 0.0 0.0 0.0 0.0 0.0 0.0 0.0 0.0 0.0 0.0 0.0 0.0 0.0 0.0
COST 378717.0696481928
GRAD -8424.138960159527 -24398.24482206477 21380.676425658272 26764.790297780797 26844.573108284145 -31143.365765053393 -59651.50215433006 -28797.320291733064 55682.9455928652 -168529.78674168838 -164274.77751474094 -434486.51841825066 -824850.987956236
END
CASE
NAME single_seg
M 1
X 0.4941365297933412
START 0.9616148266836761 -1.8366983521576072 3.551003962698794
GOAL 0.011431322427415402 -2.670857732574497 2.55143686815157
TTARGET 0.4941365297933412
V0 0.07901608816138529 -0.20966380956314437 -1.1798409866169044
A0 0.022880212099907777 0.5510635825827206 0.20213730767321172
VF -0.46058795608076947 0.6610865002912497 -0.22395646001216912
AF -0.5136164252004208 0.3183480935290417 0.00681030717778814
W_SMOOTH 1.0
W_OBS 1.0
W_VEL 100.0
W_ACCEL 100.0
W_TIME 10.0
VMAX 3.0
AMAX 3.0
KAPPA 16
AVOID_OVERRIDE _
TAU_TRUST 2.0
SPACETIME_HARD 1
Q_CONFORMAL 0.0
EPSILON_TRACK 0.0
SAFETY_MODE conformal
REACH_MODEL accel
A_MAX_HUMAN 0.0
V_MAX_HUMAN 0.0
EST_POS_ERR 0.0
EST_VEL_ERR 0.0
NCLASS 1
CLASS0 human 0.8 10000.0 hard
S 0
H 1
HARD0_KIND sphere
HARD0_C0 0.4865230745555458 -2.253778042366052 3.051220415425182
HARD0_R 0.4
HARD0_VEL 0.3 0.3 0.0
HARD0_ACC 0.0 0.0 0.0
HARD0_CLASS human
RHO 12.0
NC 6
LAM 0.3382850435378693 0.11930772684710672 0.45626164026891153 1.8629073220648247 2.6920624704089375 1.903368471115527
FREEZE 0
NORMALS 0.5895277018460271 0.51754220138287 0.6201670408397356 0.649665642138165 0.5256220896812372 0.5492321660867425 0.7163892231891449 0.5361311459277655 0.4464861422985425 -0.5236866530484694 -0.6914507709221307 -0.4976425633022996 -0.5811056138211941 -0.6371208181723992 -0.5063529684289664 -0.6368783701423143 -0.5776056466222996 -0.5106443563135739
TMASK 1.0 1.0 1.0 1.0 1.0 1.0
COST 74790.39319498179
GRAD -709192.4030999062
END
CASE
NAME single_seg_soft
M 1
X 0.8204906519248258
START 1.611165162679411 0.05810986066824153 -3.1211964212764665
GOAL -3.822788660476485 -2.8376330280465725 -1.8403166518625014
TTARGET 0.8204906519248258
V0 -0.2645467893642197 -0.8063626679571 -0.33456597958458195
A0 -0.06870733138926088 -0.1342788662251429 0.5975364811388262
VF 0.581015086606668 -0.5432751505032066 -0.08911433100238852
AF 0.09468715246673846 -0.2892343761576852 -0.09008597796164572
W_SMOOTH 1.0
W_OBS 1.0
W_VEL 100.0
W_ACCEL 100.0
W_TIME 10.0
VMAX 3.0
AMAX 3.0
KAPPA 16
AVOID_OVERRIDE _
TAU_TRUST 0.75
SPACETIME_HARD 1
Q_CONFORMAL 0.0
EPSILON_TRACK 0.0
SAFETY_MODE conformal
REACH_MODEL accel
A_MAX_HUMAN 0.0
V_MAX_HUMAN 0.0
EST_POS_ERR 0.0
EST_VEL_ERR 0.0
NCLASS 1
CLASS0 wall 0.4 10.0 soft
S 1
SOFT0_KIND aabb
SOFT0_LO -1.005811748898537 -1.6897615836891655 -2.680756536569484
SOFT0_HI -0.305811748898537 -0.9897615836891654 -2.080756536569484
SOFT0_CLASS wall
H 0
RHO 0.0
NC 0
FREEZE 0
COST 181293.32092481633
GRAD -881109.221319872
END
CASE
NAME large_m6_mixed
M 6
X -1.1152382482127976 -1.085496284214729 1.7192875741869367 0.9424823799865694 0.3418503049292907 -0.689290623236988 3.8541129051292486 -0.9087540058192971 -0.22902682935555685 2.497624949408203 -1.4738725456601793 3.8226937120811666 -0.11314899593743721 0.1606642668187126 0.5166678770728419 1.2342843435407893 0.4370080743359258 0.6019012716177349 0.6497156515251886 0.4735338789030473 0.6186820631025955
START 0.4815452708133199 -0.6725386869415759 -2.6068793137313397
GOAL -3.082525199869252 -3.0138582697505933 -3.432489194873013
TTARGET 4.015125283025282
V0 0.021902900026655125 -0.4715805579971473 0.1345570374326128
A0 0.6571004702124906 0.08852621515626644 0.3437740914341226
VF 0.41089579367202583 0.10453501777801917 -0.4940237164691304
AF -0.26200370493184166 -0.04206221737451482 0.39607401315936636
W_SMOOTH 2.0
W_OBS 1.0
W_VEL 50.0
W_ACCEL 80.0
W_TIME 5.0
VMAX 2.0
AMAX 2.0
KAPPA 24
AVOID_OVERRIDE _
TAU_TRUST 2.5
SPACETIME_HARD 1
Q_CONFORMAL 0.4
EPSILON_TRACK 0.15
SAFETY_MODE conformal
REACH_MODEL accel
A_MAX_HUMAN 0.0
V_MAX_HUMAN 0.0
EST_POS_ERR 0.0
EST_VEL_ERR 0.0
NCLASS 2
CLASS0 human 0.8 10000.0 hard
CLASS1 wall 0.4 10.0 soft
S 1
SOFT0_KIND aabb
SOFT0_LO -0.5004899645279661 -2.2431984783460845 -3.3196842543021763
SOFT0_HI 0.19951003547203383 -1.3431984783460846 -2.5196842543021765
SOFT0_CLASS wall
H 1
HARD0_KIND sphere
HARD0_C0 -1.1004899645279662 -1.7431984783460845 -3.0196842543021765
HARD0_R 0.4
HARD0_VEL 0.4 -0.2 0.1
HARD0_ACC 0.1 0.1 0.0
HARD0_CLASS human
RHO 20.0
NC 36
LAM 1.1151205984065569 1.294574888353708 2.546648933111117 0.7880139887018894 2.9510215225563394 3.451481748831078 2.692243073372781 0.8207469508467751 0.5362683105145788 4.362030163516899 0.8832732173516551 3.253765722878911 1.354678260926069 1.087336220665244 1.1496518006497234 2.669316092617444 6.075710590442872 3.8073673127395558 5.330341873835328 3.8321185486911102 2.7244928005983176 0.4031009212601603 0.4809985148634831 2.13791060914598 2.1575385574754495 0.14486948675420508 2.1892389744547165 3.9563127894664856 0.4570813922238123 1.1330628114053685 0.8338434808190498 0.42777384670107216 1.079849865984109 3.2259616841408976 2.539166707768809 3.2783133594351814
FREEZE 1
NORMALS 0.809486709631432 0.5478290573545567 0.2112216628286401 0.8074706257696589 0.5439406197329227 0.22829759246150547 0.810041505988556 0.527694770517253 0.2556775073105493 0.011014278404498987 -0.008418213197070167 0.9999039050617797 -0.12778161774795047 0.025261463827971887 0.9914805679442158 -0.10437326999666921 0.1655914428607946 0.980655747222991 -0.10437326999666902 0.16559144286079427 0.9806557472229911 -0.09388242956133118 0.2251182078828606 0.96979785620472 -0.056130211106756485 0.3186996850750503 0.9461923219590058 0.025337656402405036 0.44959266630458367 0.8928742563055388 0.15801464826054196 0.5784796692407733 0.8002453643790651 0.31693902465746066 0.6585376542291231 0.6825524248082203 0.31693902465745993 0.6585376542291251 0.6825524248082189 0.5114558212656701 0.719301730319764 0.4701254764979799 0.6760601296665767 0.6701912943548526 0.30624553881841104 0.7907520353225975 0.5424128884062689 0.2837242977327427 0.8452090085232162 0.3810031974241628 0.3747776613724013 0.8308816464086931 0.22145412839957201 0.5104838476151476 0.830881646408693 0.22145412839957232 0.5104838476151478 0.7801991275318745 0.05278622768911075 0.6233000365513025 0.6483121336704264 -0.10119204200881969 0.7546201348823025 0.4780455383583526 -0.18216142253315346 0.8592378479771307 0.3731666073792823 -0.1101021513768638 0.921208010928706 0.29377383669159984 0.012616784511666371 0.9557916873587484 0.29377383669159973 0.01261678451166644 0.9557916873587484 0.23292557984290593 0.09981830806495032 0.9673582478223343 0.1732476370598646 0.22388036668163885 0.9590948011889484 0.10412636942359822 0.36729214265600163 0.924258719804051 -0.015348571168252823 0.4626247646463534 0.8864213154583994 -0.20965997735387776 0.5022322750323109 0.838931126977561 -0.20965997735387779 0.5022322750323108 0.8389311269775611 -0.5858692202351943 0.5154963887532599 0.6253165038309428 -0.9739835879131878 0.15481478800360643 0.1654942654328299 -0.9504749992752617 -0.27594059169907614 -0.1430177108104278 -0.9481222015893622 -0.2747258424105063 -0.15996875434027275 -0.9458852188935029 -0.27366506338469576 -0.17438057736296422
TMASK 1.0 1.0 1.0 1.0 1.0 1.0 1.0 1.0 1.0 1.0 1.0 1.0 1.0 1.0 1.0 1.0 1.0 1.0 1.0 1.0 0.0 0.0 0.0 0.0 0.0 0.0 0.0 0.0 0.0 0.0 0.0 0.0 0.0 0.0 0.0 0.0
COST 333939.59605405794
GRAD -11239.85169498481 -18035.64099438385 33054.95843213095 311.9019350584696 20258.991493289137 -22852.009461028832 11971.780369637889 4240.431374026806 -18893.998474057404 -14700.662443800618 -51661.78101214931 35645.63128168161 36183.16566130872 100423.81018452835 2103.2146732526326 -95964.94602363097 -272870.57468330296 -110750.42725020827 -239800.84676138082 -442616.0568841754 -1024307.3876944485
END
CASE
NAME active_hinges
M 4
X -0.03553239554925547 2.696110258774783 2.3927447283679495 -2.2417444104908757 -3.1315249258897913 -0.030534472574056615 2.7489036470491772 2.12167028632886 1.6048803389488642 0.4114102536885694 0.5338324653069239 0.3381032620527371 0.20464039981731005
START 1.2276507697234322 -2.698267306458037 3.2316784670764793
GOAL 1.1074515466708474 3.3717401625141985 3.1443480485104223
TTARGET 1.4879863808655405
V0 0.8076353787147884 0.013068404588154002 0.5228044637198384
A0 0.13496577353596179 0.19799310143585197 0.4625176438116405
VF 0.46820481143104065 0.39310253694448694 0.012401078797791915
AF 0.6536377456104399 -0.3593910774743737 -0.18892931701814147
W_SMOOTH 1.0
W_OBS 1.0
W_VEL 200.0
W_ACCEL 200.0
W_TIME 10.0
VMAX 0.5
AMAX 0.5
KAPPA 16
AVOID_OVERRIDE _
TAU_TRUST 0.75
SPACETIME_HARD 1
Q_CONFORMAL 0.0
EPSILON_TRACK 0.0
SAFETY_MODE conformal
REACH_MODEL accel
A_MAX_HUMAN 0.0
V_MAX_HUMAN 0.0
EST_POS_ERR 0.0
EST_VEL_ERR 0.0
NCLASS 0
S 0
H 0
RHO 0.0
NC 0
FREEZE 0
COST 8639038.847231282
GRAD 201448.5628130764 936936.9564739636 6911.14883009428 -900970.7982037377 -725254.4618204829 88861.89863906716 3352069.493042589 409125.1389398491 -1253956.9166552238 -13844324.16414835 -8033112.278547777 -26323356.163078737 -60491018.258307174
END
CASE
NAME zero_weights
M 3
X 1.9881005920603405 -0.47261410702851414 3.280604153149751 0.06091943021980395 -0.624697023445056 -1.9419618536086976 1.2181505714221301 0.809096071665667 1.1842723667354136
START -1.5689821718969617 -2.7194142361642317 -1.7613238866418657
GOAL -0.14367000445292444 -1.9981912624403861 -3.617464772364361
TTARGET 3.2115190098232107
V0 0.032761497360583675 -0.13636741258782678 -0.114791683652761
A0 -0.026372526734398 0.1338801338295559 -0.34111635937023693
VF 0.10817557452771763 -0.2685891307688916 -0.4513547610875424
AF -0.09048527993143585 0.1125861815991944 -0.0008434427410613779
W_SMOOTH 1.0
W_OBS 0.0
W_VEL 0.0
W_ACCEL 0.0
W_TIME 0.0
VMAX 3.0
AMAX 3.0
KAPPA 16
AVOID_OVERRIDE _
TAU_TRUST 2.0
SPACETIME_HARD 1
Q_CONFORMAL 0.0
EPSILON_TRACK 0.0
SAFETY_MODE conformal
REACH_MODEL accel
A_MAX_HUMAN 0.0
V_MAX_HUMAN 0.0
EST_POS_ERR 0.0
EST_VEL_ERR 0.0
NCLASS 1
CLASS0 human 0.8 10000.0 hard
S 0
H 1
HARD0_KIND sphere
HARD0_C0 -0.856326088174943 -2.358802749302309 -2.6893943295031133
HARD0_R 0.4
HARD0_VEL 0.3 0.2 0.0
HARD0_ACC 0.0 0.0 0.0
HARD0_CLASS human
RHO 10.0
NC 18
LAM 1.7434870521368522 0.4001966541685817 0.13684654125988974 0.04346972728114527 1.3023152033215537 0.12850098712561078 1.3867144300756131 1.244939348798552 1.2125068166171236 0.9913337909545337 2.7671530678803786 0.03247299245455674 2.538877671530521 0.538116399608091 0.7483629937774807 1.39427677176221 0.8236002695976943 0.182594379867905
FREEZE 0
NORMALS -0.5820298698387973 -0.29451324636763965 0.757959879102731 -0.6127802800527504 -0.3486824785598116 0.7091691318182561 -0.6487855124766168 -0.3951693877955192 0.6503218539690699 0.25997727214317284 0.09561386215601551 0.9608692977364847 0.35011729513323814 0.18616138845939575 0.9180205973154715 0.3716809049707572 0.24627357565241503 0.8950992295916097 0.37168090497075723 0.24627357565241495 0.8950992295916097 0.38478912933518195 0.28476641071100967 0.8779780277867101 0.38569932162417014 0.34301185168682286 0.8564922083130891 0.3626655178467973 0.45609178111280024 0.8126832158758219 0.3099823264525689 0.6283749512105522 0.7134815190165679 0.19869888694729415 0.8541794552792246 0.48051660793857437 0.19869888694729165 0.8541794552792289 0.4805166079385678 -0.3191113554349069 0.6735547060395958 -0.6667023329825764 -0.39600696543987535 0.18774251660068758 -0.8988499489812201 -0.22615053720115477 -0.07048313014822849 -0.9715390176869567 -0.23782960485095853 -0.19769019108379673 -0.9509761655297618 -0.25035366632906286 -0.281191431153787 -0.9264202182602025
TMASK 1.0 1.0 1.0 1.0 1.0 1.0 1.0 1.0 1.0 1.0 1.0 0.0 0.0 0.0 0.0 0.0 0.0 0.0
COST 8097.160662616185
GRAD 1368.2541100864332 423.05555150308385 2470.521370195914 -1056.4711235979514 -121.28033221109602 -1945.3804658260503 -19348.171815406684 -18045.162685794334 -1601.9464640439005
END
CASE
NAME fuzz0_M2
M 2
X 3.3459916863823844 0.87826758629088 2.9116901201877017 0.51123360941962 1.241261131024677
START 1.346569204171506 -1.6119766561501914 -0.7488156368819139
GOAL -2.553380363938543 -2.161678445934056 3.736871556988323
TTARGET 1.752494740444297
V0 -0.30507685074588586 -0.15342174382263557 0.03001766172968078
A0 -0.060395928661927493 0.026402227461724388 -0.20625228283305028
VF -0.1525128316374725 0.3360723758119078 -0.2778482637814009
AF 0.2583274754668095 0.2535468973221103 -0.17522335663136432
W_SMOOTH 2.4858995291197576
W_OBS 1.169530427877474
W_VEL 143.36314074766196
W_ACCEL 175.36745779817113
W_TIME 18.42894966179533
VMAX 1.078647207469897
AMAX 1.0097690494332687
KAPPA 27
AVOID_OVERRIDE _
TAU_TRUST 0.5817882383256253
SPACETIME_HARD 0
Q_CONFORMAL 0.0
EPSILON_TRACK 0.0
SAFETY_MODE deterministic
REACH_MODEL accel
A_MAX_HUMAN 1.2814164192837372
V_MAX_HUMAN 1.1963396821606977
EST_POS_ERR 0.043671735697517214
EST_VEL_ERR 0.05332307524961291
NCLASS 0
S 0
H 0
RHO 0.0
NC 0
FREEZE 0
COST 593923.5081700926
GRAD 139541.573239112 135240.55460411555 145876.67865943577 -3279003.8657936994 -375362.0486226762
END
CASE
NAME fuzz1_M6
M 6
X -0.022863132211661252 -0.38748660821571956 3.066924322667705 1.736884056796443 -3.2940632534864562 2.928882141592667 0.7825253189126462 2.456515312999178 2.9722854213646146 1.2486148117025166 3.2536368069823762 1.1263957572020145 3.406548718411469 3.0444382526800844 -1.2270608405213146 0.8633774935294964 1.3509464921483472 0.7450521972682944 0.9712003914500922 1.3914314423188734 1.3681135299865557
START 3.2567084520388825 1.6646431467810041 -0.20163458485467256
GOAL 0.6270540931165351 0.2222854704954278 -3.6815073017032143
TTARGET 6.6901215467016595
V0 0.08013020188338542 -0.13194826747105912 0.06253873250030834
A0 -0.046758056663195595 0.3284770988820062 0.007113339756580603
VF -0.1846216418190944 -0.009486158058404878 0.20327447963605327
AF -0.3101388518665626 0.09286666420438133 0.08639961064103886
W_SMOOTH 1.1300077937839623
W_OBS 1.6082623974949506
W_VEL 78.32667171382391
W_ACCEL 187.96695771561141
W_TIME 13.453795678368888
VMAX 1.846165910122203
AMAX 2.573912061614887
KAPPA 19
AVOID_OVERRIDE _
TAU_TRUST 0.6554204962306456
SPACETIME_HARD 1
Q_CONFORMAL 0.0
EPSILON_TRACK 0.0
SAFETY_MODE deterministic
REACH_MODEL speed
A_MAX_HUMAN 2.1879658280899275
V_MAX_HUMAN 1.8390678962651095
EST_POS_ERR 0.05295294399098478
EST_VEL_ERR 0.3906734774004685
NCLASS 0
S 0
H 0
RHO 0.0
NC 0
FREEZE 0
COST 120466.31093455027
GRAD -28141.032895134485 1729.2170373106615 22701.33636743262 13431.76453371667 -22584.100176384916 -8959.956668856968 -7665.029974526651 23962.972048866293 6453.5615101741 -761.7986797725493 -8659.217491208077 -2757.1362869491422 5506.918470864848 4841.468398003761 2631.481227398027 -254690.35462308524 -48216.1336741915 -167234.90331644716 -17445.078581782578 -3991.67406341681 -26584.171242930573
END
CASE
NAME fuzz2_M3
M 3
X 2.607532582622044 3.124248757774655 -0.5452951689619319 3.9033463119813057 -0.6528187851571516 -1.5083852209820199 0.40335578800626914 0.600266190174776 1.286228927431199
START 2.530678301358255 -0.8204137123999091 0.06717810732922036
GOAL 0.6761446009512628 -0.7477473641000278 -2.017703204990723
TTARGET 2.2898509056122442
V0 0.4296266570944538 0.004870757152763351 0.43699087530235325
A0 -0.01023473308327942 0.43181526691902833 0.20313312946592266
VF 0.3653070634662583 -0.03332680343102674 -0.16444473949068159
AF 0.28095015914684446 -0.4660983640483839 0.31253614230417537
W_SMOOTH 2.3969801060304934
W_OBS 1.432776257476732
W_VEL 159.52983364473462
W_ACCEL 68.36982493801317
W_TIME 19.307850940510907
VMAX 1.8892184008810204
AMAX 2.943719513701776
KAPPA 25
AVOID_OVERRIDE _
TAU_TRUST 2.447325058018097
SPACETIME_HARD 1
Q_CONFORMAL 0.0
EPSILON_TRACK 0.0
SAFETY_MODE conformal
REACH_MODEL accel
A_MAX_HUMAN 0.5979410909447087
V_MAX_HUMAN 2.046755420586404
EST_POS_ERR 0.1261320104922456
EST_VEL_ERR 0.38324102240901153
NCLASS 1
CLASS0 wall 0.4 10.0 soft
S 1
SOFT0_KIND aabb
SOFT0_LO 1.5176984021666946 -1.0149625457551352 -1.34634102194451
SOFT0_HI 2.2600849875226934 -0.5433137446870331 -0.9155579490847643
SOFT0_CLASS wall
H 0
RHO 0.0
NC 0
FREEZE 0
COST 730715.8402164613
GRAD -38910.52591393898 369508.22769714077 -40276.8517403656 18733.668601022855 -84597.71066258854 4637.359030449164 -5718809.203583966 -1191384.1663310174 -55289.344571689624
END
CASE
NAME fuzz3_M3
M 3
X -1.489408014546222 -0.21207980178644803 2.914432295117596 -2.6981726323728132 1.3214789256424835 -0.26959047558787663 1.1363609127844545 0.8679342239684165 0.7018898664123345
START 0.006762579864127538 2.061410660791916 -3.5087363638719333
GOAL 0.9948338062327498 0.10969679013090516 -1.5680271710166362
TTARGET 2.7061850031652055
V0 -0.04919397680903336 0.1672098255760079 0.43685701127002763
A0 0.14626124099128446 -0.06920145154616454 0.09380507727121634
VF 0.04673143172134713 0.34512507341662946 0.5522925902302165
AF 0.11508079272535181 0.02498796632134624 0.25644492409838765
W_SMOOTH 0.5564403511639597
W_OBS 0.7629285698806945
W_VEL 64.65301734915299
W_ACCEL 176.97983194218818
W_TIME 1.5137869843630591
VMAX 2.245657891588257
AMAX 1.4147994267992219
KAPPA 14
AVOID_OVERRIDE soft
TAU_TRUST 1.0108028456301605
SPACETIME_HARD 1
Q_CONFORMAL 0.0
EPSILON_TRACK 0.0
SAFETY_MODE conformal
REACH_MODEL accel
A_MAX_HUMAN 1.9084814574889535
V_MAX_HUMAN 0.7049244043892412
EST_POS_ERR 0.012743690441664679
EST_VEL_ERR 0.14338054555282118
NCLASS 2
CLASS0 human 0.8 10000.0 hard
CLASS1 wall 0.4 10.0 soft
S 2
SOFT0_KIND sphere
SOFT0_C0 -0.24181746735357756 1.1256091485354514 -2.3266197201297016
SOFT0_R 0.5218640960690588
SOFT0_VEL 0.036805281964510154 -0.3306494546021819 0.2569925977350646
SOFT0_ACC 0.0 0.0 0.0
SOFT0_CLASS human
SOFT1_KIND aabb
SOFT1_LO 0.4521144119318266 1.0741313197602136 -2.978399681707473
SOFT1_HI 1.0536646536066965 1.7456459679208087 -2.5210698941169762
SOFT1_CLASS wall
H 0
RHO 0.0
NC 0
FREEZE 0
COST 187413.18248985606
GRAD 13346.561428208171 -21220.658242820642 32136.52536110798 -54787.351709714836 32706.62487833674 -11805.31820358114 -180521.1124648776 -140578.39706323505 -418305.90296415525
END
CASE
NAME fuzz4_M5
M 5
X -2.479773250216298 -0.5046207612397655 1.2290786868181511 2.6849112761391805 1.7919689608987843 -3.1549680510829896 -3.340374486669165 -2.653960267425152 -1.4460138389704902 3.167864761991291 -1.7204472372639614 -0.12236063539018804 0.6199050145810241 0.6711397956095013 1.1897426612464734 0.99827480279933 0.5137142985089658
START 3.8751531785247835 -0.5668896202277045 2.432767667822806
GOAL -3.018284792185505 3.400341552303627 -1.925661159790745
TTARGET 3.992776572745295
V0 -0.4369338097975298 -0.2305187799189694 0.019732313883021557
A0 -0.1694580643444988 -0.3198935252372449 -0.0789235483248506
VF 0.10297041034648705 -0.2679839649457156 -0.15500461696804324
AF -0.012341105175828605 0.16315659115825223 0.1488477790588912
W_SMOOTH 1.750165294708134
W_OBS 1.7804858570152555
W_VEL 139.31884122503783
W_ACCEL 134.95634995704424
W_TIME 17.189058482774445
VMAX 1.3841683256623623
AMAX 1.6740363580983653
KAPPA 18
AVOID_OVERRIDE _
TAU_TRUST 0.4613962714217217
SPACETIME_HARD 1
Q_CONFORMAL 0.0
EPSILON_TRACK 0.19561450247450238
SAFETY_MODE conformal
REACH_MODEL speed
A_MAX_HUMAN 1.178812121513588
V_MAX_HUMAN 2.9500219101317198
EST_POS_ERR 0.1927492921994885
EST_VEL_ERR 0.04232072883025398
NCLASS 1
CLASS0 wall 0.4 10.0 soft
S 1
SOFT0_KIND aabb
SOFT0_LO 0.02781574812050791 1.5133896523985384 -0.08579930666166274
SOFT0_HI 0.6458520096297057 1.9785674597401441 0.7251604643683007
SOFT0_CLASS wall
H 0
RHO 0.0
NC 0
FREEZE 0
COST 1994649.1604030365
GRAD -215232.08195423172 -36563.90984397245 25621.62901751938 105744.4347943205 21866.682192949676 -21145.044116706453 -80261.86044268645 13398.380387016532 -3639.8759509257006 265837.73355997057 -164783.49306550543 63470.88933798097 -2512464.690893606 -1191987.0159520279 -176737.6939229727 -630271.0179678721 -7326961.45938711
END
CASE
NAME fuzz5_M3
M 3
X 2.391774260469175 -3.088656411055661 3.790304809635252 -0.25097261288658146 3.9656470867618365 3.721289817469488 0.9791916560671042 1.0889043032255983 1.027426948066367
START 0.8998895052931095 2.1967032887846543 3.1053493613048486
GOAL -2.1576473273829633 1.989060515562465 -0.2667028372894604
TTARGET 3.0955229073590695
V0 -0.10381259808802401 -0.2583467350106049 0.1203305558580353
A0 -0.25698424168277284 -0.21554713676560214 -0.045588524735377264
VF 0.3100935755999594 0.0350296146965112 0.24220061130425805
AF 0.14511921503374864 0.21475746382049182 -0.1472998731570818
W_SMOOTH 1.7199902277333396
W_OBS 1.4914682904762062
W_VEL 74.31497385861596
W_ACCEL 163.35073736620058
W_TIME 10.718125361493552
VMAX 1.1604407396346241
AMAX 2.0773511576980326
KAPPA 22
AVOID_OVERRIDE hard
TAU_TRUST 0.6398193024739685
SPACETIME_HARD 1
Q_CONFORMAL 0.7893101765923004
EPSILON_TRACK 0.02268004730829858
SAFETY_MODE conformal
REACH_MODEL accel
A_MAX_HUMAN 1.251894113906273
V_MAX_HUMAN 2.0980302724709383
EST_POS_ERR 0.0490511793784501
EST_VEL_ERR 0.052671699433761356
NCLASS 1
CLASS0 human 0.8 10000.0 hard
S 0
H 2
HARD0_KIND sphere
HARD0_C0 -0.015240671773097736 2.6624229043714136 1.8780083485724492
HARD0_R 0.5618045129580364
HARD0_VEL 0.02225533657046831 0.4175517388199179 -0.2584114122008527
HARD0_ACC 0.0 0.0 0.0
HARD0_CLASS human
HARD1_KIND sphere
HARD1_C0 -0.9171026646755671 2.5793723158908604 1.8409404730939827
HARD1_R 0.41881323864044306
HARD1_VEL 0.08636609127610334 -0.16530171186573006 -0.07765847126888656
HARD1_ACC -0.1378830666360749 0.07331604713513788 -0.0017484587035586818
HARD1_CLASS human
RHO 11.856022862452178
NC 36
LAM 1.640067169803679 2.517049457145507 3.0799926192180997 1.0368324859225746 1.202525855468008 1.5928213272109473 1.3482818446916496 0.7497166270527734 2.7459787531996214 1.673837053054558 0.7979171240991096 1.0804515623429987 0.809501348785004 0.7633882273652631 1.1949579098548517 1.691295544912837 0.02407296998645322 0.08491661016620763 3.842245474919789 2.5723718320075517 2.0624030418187016 0.7488143990326097 0.2428271805460464 2.2314478379033162 1.5074070624384688 1.3923407710253914 3.0997808922679146 0.13263767995509768 2.104283847380843 2.2958334689770554 0.14484537954429852 0.8865000169360794 0.5750140225421446 0.8488172895215207 1.1146808544481568 0.6068139362521761
FREEZE 1
NORMALS 0.57187550376101 -0.29103361079064644 0.7669796904666051 0.8088211456060312 -0.17034239663086864 0.5628426266112038 0.5294465710973727 -0.3525685243052216 0.7716098522067179 0.7946681309763033 -0.17892844027931795 0.5800751458818414 0.4830579982023872 -0.41251723724337763 0.7723240895827305 0.7784919255082297 -0.1932270489622753 0.5971713568715596 0.4033621604042158 -0.8501078129970958 0.33854936691026083 0.6011985293810513 -0.7345058168398595 0.31474042209171643 0.3768320372439089 -0.8874744204993712 0.2653050483234546 0.5238445313222759 -0.8138273124146066 0.2515392863386619 0.37416055360271394 -0.8828494386753413 0.283867484503501 0.5131282168464337 -0.8145244651082318 0.270646132091608 0.3741605536027143 -0.8828494386753409 0.28386748450350163 0.5131282168464341 -0.8145244651082313 0.27064613209160854 0.37168743867797727 -0.8784950437491699 0.3001581350507575 0.5036282974869306 -0.8146398514004088 0.2876116313377043 0.3817282349065909 -0.8343880914541766 0.39759284137740086 0.5345763912850717 -0.7526230759099583 0.3844302114668711 0.37443250144239676 -0.5740729120647824 0.7281762104717855 0.6083779611576348 -0.3836752025393754 0.6947442661397418 0.18406356966591875 -0.13814571719505872 0.9731579332988568 0.5017536030455355 0.1925707690154191 0.8433029234810189 -0.18267427761948607 0.1765632090481922 0.9671895065119366 0.2776998857434523 0.6220848251188433 0.7320472961598394 -0.18267427761948657 0.17656320904819162 0.9671895065119366 0.277699885743452 0.6220848251188431 0.7320472961598397 -0.6262719777214333 0.5489320049768962 0.5535856427265158 -0.10104084062452892 0.9385122461083255 0.3301295388640562 -0.9683931866147417 0.24051077765910153 -0.06609993909195631 -0.4497968153734698 0.8555516196675628 -0.2563479100053182 -0.6994478407232712 -0.536099620675399 -0.4726202649265547 -0.4760472316718567 -0.1767759410315944 -0.8614692681053433 -0.6911598204337396 -0.5715057435323367 -0.44235651654242847 -0.4469252862616715 -0.1926105784780912 -0.8735896940545131 -0.680541155051248 -0.6042857585755855 -0.4143699533801195 -0.4066043774597358 -0.20562799907487633 -0.8901629099367393
TMASK 1.0 1.0 1.0 1.0 0.0 0.0 0.0 0.0 0.0 0.0 0.0 0.0 0.0 0.0 0.0 0.0 0.0 0.0
COST 186477.58113136902
GRAD 12034.759336657915 -49563.267534234714 -3691.0841369376153 -916.8869912550281 37461.4946354856 16777.58085536945 -292285.56800260476 -199835.1494352885 -158541.901390433
END
CASE
NAME fuzz6_M1
M 1
X 0.7413598176867411
START 0.871100025862976 -0.731729041620202 0.024266519278862475
GOAL 2.935443347735779 3.5307909852776334 3.309966025358289
TTARGET 0.7413598176867411
V0 -0.09558164756455236 0.18561333109196942 -0.9334596255938753
A0 -0.13732268194539138 0.22177045072303236 0.20736550316144453
VF 0.14758524041068113 0.621547266028721 -0.3922469063259778
AF -0.017005361545434954 0.08947294028222 -0.5086483025039951
W_SMOOTH 1.640808332815495
W_OBS 0.772906423760211
W_VEL 79.57889081845633
W_ACCEL 83.22455804845836
W_TIME 13.277978704139212
VMAX 2.5298546354790865
AMAX 0.6234202651391794
KAPPA 21
AVOID_OVERRIDE soft
TAU_TRUST 1.9286679144907346
SPACETIME_HARD 1
Q_CONFORMAL 0.0
EPSILON_TRACK 0.07720678572951441
SAFETY_MODE deterministic
REACH_MODEL speed
A_MAX_HUMAN 1.6303898448292764
V_MAX_HUMAN 2.6742597333516827
EST_POS_ERR 0.0335286914008383
EST_VEL_ERR 0.14235968984961075
NCLASS 1
CLASS0 human 0.8 10000.0 hard
S 1
SOFT0_KIND sphere
SOFT0_C0 1.712449666956759 0.9161518062890406 2.1431594943556687
SOFT0_R 0.39922829281222416
SOFT0_VEL 0.2166166613869488 -0.24309020768973402 0.04407456764031306
SOFT0_ACC 0.0 0.0 0.0
SOFT0_CLASS human
H 0
RHO 0.0
NC 0
FREEZE 0
COST 298306.7172215952
GRAD -1680918.3075404372
END
CASE
NAME fuzz7_M4
M 4
X 2.9212874698359537 0.9246810281556721 3.582792004205892 -2.089570446909634 2.1964236134904844 3.5702907732914557 -3.663178159343544 0.7600139588488952 -1.2178955869879289 0.9142242438776998 1.3088599567533687 0.5656256385322999 0.631335495829909
START -2.0977642985775464 3.322641665081811 0.37864918337510645
GOAL -3.233688190518728 -2.517721477431529 3.5796168038579053
TTARGET 3.4200453349932776
V0 0.1586560124927033 -0.4712389601323788 -0.3219486332065556
A0 -0.0774530021439768 0.3788159946352321 -0.17541662793901644
VF 0.2189981446259507 -0.2541721687318231 0.13358144452752096
AF 0.19412781238254972 -0.04324711352587157 -0.2624725820534418
W_SMOOTH 1.0914555022990966
W_OBS 0.5140509863889915
W_VEL 168.70495671941896
W_ACCEL 49.126628530055115
W_TIME 5.511090687537015
VMAX 0.7226640435281241
AMAX 2.140072558355382
KAPPA 18
AVOID_OVERRIDE soft
TAU_TRUST 1.1093532321863027
SPACETIME_HARD 1
Q_CONFORMAL 0.29645282391013694
EPSILON_TRACK 0.0
SAFETY_MODE conformal
REACH_MODEL speed
A_MAX_HUMAN 2.0516788352562063
V_MAX_HUMAN 0.5163727804519644
EST_POS_ERR 0.1252606284220301
EST_VEL_ERR 0.04064123452720421
NCLASS 2
CLASS0 human 0.8 10000.0 hard
CLASS1 wall 0.4 10.0 soft
S 2
SOFT0_KIND aabb
SOFT0_LO -2.9155352666008567 -0.08374025190783996 1.7683267137224818
SOFT0_HI -2.4207950005559526 0.7825016766007411 2.2805530599037582
SOFT0_CLASS wall
SOFT1_KIND sphere
SOFT1_C0 -2.8937884774992115 1.138100946589037 2.4094475179101633
SOFT1_R 0.4158721756175696
SOFT1_VEL 0.16594481637810482 0.15498283054923956 0.45518101489660556
SOFT1_ACC 0.15945395488941955 -0.0615377184596762 0.21155286156747605
SOFT1_CLASS human
H 0
RHO 0.0
NC 0
FREEZE 0
COST 287984.5308842017
GRAD 16300.463750749535 -7017.6268083301675 3340.434501657603 -1058.1736320429636 -3194.517024882147 36349.38022992778 -9763.29546777073 25073.990008083383 -88426.49645297804 -141076.3122665289 16602.282891085786 -436888.25228622276 -956607.5159168786
END
CASE
NAME fuzz8_M4
M 4
X -1.7974259140386053 -0.9686160714869176 -1.4850284111154828 -1.928932632549949 -3.1051113067406355 -3.0204575631711483 -3.2222628107798315 0.859741185675011 -0.1404823978900902 0.8479573130449967 0.6340100430213312 0.85050306811629 0.4583804111666967
START 3.195002529653932 -0.2568244860520279 0.2453116954259098
GOAL 1.9461264819885056 -3.694578398357958 -2.164343570001967
TTARGET 2.7908508353493144
V0 0.12933373240003768 0.17394257479941044 -0.20791261710054845
A0 -0.12882888800319345 -0.04863768999032314 0.11524050695324106
VF -0.47415365702921974 -0.04185225817634242 -0.8473585213869703
AF 0.010324049223307293 -0.08035349822304262 -0.12386395623220764
W_SMOOTH 2.882683472018089
W_OBS 1.2522038531066912
W_VEL 11.644402599350386
W_ACCEL 50.03826974239727
W_TIME 13.56174506126245
VMAX 1.6199372627138062
AMAX 1.160254268153782
KAPPA 27
AVOID_OVERRIDE hard
TAU_TRUST 0.5895018548790659
SPACETIME_HARD 1
Q_CONFORMAL 0.18075449857055423
EPSILON_TRACK 0.0
SAFETY_MODE deterministic
REACH_MODEL accel
A_MAX_HUMAN 1.732821817770378
V_MAX_HUMAN 2.8910778707701494
EST_POS_ERR 0.13655259882013793
EST_VEL_ERR 0.189896733349461
NCLASS 2
CLASS0 human 0.8 10000.0 hard
CLASS1 wall 0.4 10.0 soft
S 0
H 3
HARD0_KIND aabb
HARD0_LO 2.421867491950779 -2.1724201929272153 -1.3141632268913481
HARD0_HI 2.9463362286961736 -1.7613629319476982 -0.8654383435413047
HARD0_CLASS wall
HARD1_KIND sphere
HARD1_C0 1.740731649640677 -1.198049996378683 -0.1502829748448682
HARD1_R 0.5249943213868906
HARD1_VEL 0.7440920289868951 -0.4115494795744441 0.7622509148998415
HARD1_ACC 0.0 0.0 0.0
HARD1_CLASS human
HARD2_KIND aabb
HARD2_LO 2.5596479030140347 -1.9178241901976358 -0.9269793879450535
HARD2_HI 3.4429873249317953 -1.4918495256403737 -0.3049851400283654
HARD2_CLASS wall
RHO 2.696675002806786
NC 72
LAM 1.4374514817516972 5.340719098059176 2.3287820318055648 5.143195837088841 0.22354378246958542 0.46554814404270756 1.8301306699249233 0.5756950720241892 5.964033046160715 5.126292503386736 4.482087560408401 5.345429515738884 4.634684620015619 1.4977884264844517 5.68379018676243 7.2447400732579785 3.527711342206263 0.2820450086700319 0.6969541813305423 1.909057094906713 6.435643076236371 8.391641621965645 1.3352242113033042 5.294181898515585 3.7249425451654985 3.8658568957658614 2.5706959383504246 9.00110769362981 6.809601038951798 3.8659164291247454 4.012425049177719 4.1190177710745495 10.13496444378385 2.940053174613364 4.97797447798232 3.220615512940617 1.1386178729500946 4.503492398520061 7.291561857856665 5.421519719361524 0.13456585100102098 1.7513914249122473 0.8333894656423931 2.7806845489417564 5.138105568751388 1.7467913928109058 3.4482117882877703 9.086876140196605 0.8231293898395136 5.515844743494783 0.20265993162914095 6.095947972417859 1.100052477206909 5.191724451957418 1.234092843345903 0.36439320338229936 3.9113017382308675 3.5911823359736736 1.8236720774482513 8.304129021111201 1.170016438488487 0.7890917678575902 4.5215393536101915 4.850394472800691 2.0261168267445733 0.06944312432203902 3.8155693968141664 1.4578373877366724 1.409737685757497 0.888517661446686 7.606690236873554 4.912514597840915
FREEZE 0
NORMALS -0.6083006293813508 0.7170271931674325 0.34035620833574604 0.8184404411534211 0.5297066952819548 0.22263436674975345 -0.7576176637426054 0.6333079122357669 0.15791315298217132 -0.6083006293813508 0.7170271931674325 0.34035620833574604 0.7848638339279488 0.6049322598783327 0.13433437069646267 -0.7576176637426054 0.6333079122357669 0.15791315298217132 -0.6083006293813508 0.7170271931674325 0.34035620833574604 0.7363966643747275 0.6752492358280788 0.04193354518008541 -0.7576176637426054 0.6333079122357669 0.15791315298217132 -0.6083006293813508 0.7170271931674325 0.34035620833574604 -0.6625859208419119 0.7470796842413372 -0.053402648772693614 -0.7576176637426054 0.6333079122357669 0.15791315298217132 -0.6083006293813508 0.7170271931674325 0.34035620833574604 -0.8843402885314211 0.3968509494979642 -0.2458690260336328 -0.7576176637426054 0.6333079122357669 0.15791315298217132 -0.6083006293813508 0.7170271931674325 0.34035620833574604 -0.8962038653445467 0.12433656930973352 -0.4258627117672776 -0.7576176637426054 0.6333079122357669 0.15791315298217132 -0.9201222996286191 -0.1765674459161358 -0.34956957929544413 -0.8962038653445463 0.12433656930973362 -0.4258627117672787 -0.8899946926792314 -0.20900826355631016 -0.4052468294360566 -0.9201222996286191 -0.1765674459161358 -0.34956957929544413 -0.8616333521104175 -0.03301662084563785 -0.5064561869292356 -0.8899946926792314 -0.20900826355631016 -0.4052468294360566 -0.9201222996286191 -0.1765674459161358 -0.34956957929544413 -0.7647708586630821 -0.21463991551455897 -0.6074991690592138 -0.8899946926792314 -0.20900826355631016 -0.4052468294360566 -0.9201222996286191 -0.1765674459161358 -0.34956957929544413 -0.6102501756589391 -0.3812939191012248 -0.6944131841811922 -0.8899946926792314 -0.20900826355631016 -0.4052468294360566 -0.9201222996286191 -0.1765674459161358 -0.34956957929544413 -0.6232268369384887 -0.3590303893912328 -0.6947557047000235 -0.8899946926792314 -0.20900826355631016 -0.4052468294360566 -0.9201222996286191 -0.1765674459161358 -0.34956957929544413 -0.7503088964779081 -0.203937785084268 -0.6288449249863013 -0.8899946926792314 -0.20900826355631016 -0.4052468294360566 -0.9356153855767942 0.3507656207369141 0.03984130496148282 -0.7503088964779104 -0.2039377850842635 -0.6288449249862998 -0.9508543020815902 0.3089741581746385 -0.02027475753753105 -0.9356153855767942 0.3507656207369141 0.03984130496148282 -0.860618716522123 -0.0007023565605133525 -0.5092493804287597 -0.9508543020815902 0.3089741581746385 -0.02027475753753105 -0.9356153855767942 0.3507656207369141 0.03984130496148282 -0.9179921486781286 0.31679953218648665 -0.23859688047360544 -0.9508543020815902 0.3089741581746385 -0.02027475753753105 -0.9356153855767942 0.3507656207369141 0.03984130496148282 -0.8675001161529368 0.49669296965802756 -0.027196366796519822 -0.9508543020815902 0.3089741581746385 -0.02027475753753105 -0.9356153855767942 0.3507656207369141 0.03984130496148282 -0.8692914853977032 0.4900424157324957 -0.064735957536093 -0.9508543020815902 0.3089741581746385 -0.02027475753753105 -0.9356153855767942 0.3507656207369141 0.03984130496148282 -0.8864409211455341 0.39934344632087065 -0.23398142062827745 -0.9508543020815902 0.3089741581746385 -0.02027475753753105 -0.9895926012849575 -0.07163698549485682 -0.12479834049890604 -0.8864409211455341 0.39934344632087043 -0.2339814206282779 -0.9508188265570281 -0.1516102602554675 -0.27010717881978924 -0.9895926012849575 -0.07163698549485682 -0.12479834049890604 -0.8702912097543618 0.29257654068482736 -0.39622238460893267 -0.9508188265570281 -0.1516102602554675 -0.27010717881978924 -0.9895926012849575 -0.07163698549485682 -0.12479834049890604 -0.7223693533544998 0.013724528069007938 -0.6913712133604386 -0.9508188265570281 -0.1516102602554675 -0.27010717881978924 -0.9895926012849575 -0.07163698549485682 -0.12479834049890604 -0.3729032707318791 -0.32058242850104557 -0.8707296120000968 -0.9508188265570281 -0.1516102602554675 -0.27010717881978924 -0.9895926012849575 -0.07163698549485682 -0.12479834049890604 -0.3843705365281906 -0.30185851379063944 -0.872433795941639 -0.9508188265570281 -0.1516102602554675 -0.27010717881978924 -0.9895926012849575 -0.07163698549485682 -0.12479834049890604 -0.3947612422315431 -0.2843655506351743 -0.8736703012256759 -0.9508188265570281 -0.1516102602554675 -0.27010717881978924
TMASK 1.0 1.0 1.0 1.0 0.0 0.0 0.0 0.0 0.0 0.0 0.0 0.0 0.0 0.0 0.0 0.0 0.0 0.0 0.0 0.0 0.0 0.0 0.0 0.0
COST 1191755.7745863907
GRAD -55137.30117416555 34409.54373136802 12373.96737392363 64374.5664068872 -60738.475052229245 -28074.94670908717 -227133.467000127 216047.1819597715 93626.07282881586 -301494.30195423495 -362013.1651521055 -1108794.973463006 -8282036.357469938
END
CASE
NAME fuzz9_M2
M 2
X 3.729095557082367 -3.5581108987618224 3.9635170797382733 1.246377563256092 1.3105396978880615
START -3.2029610326045255 -0.016262710628245358 0.28334534482339535
GOAL 3.2613977269896433 -2.116653253273748 -1.662738186669948
TTARGET 2.5569172611441537
V0 0.11518898286933804 0.046368187838110704 -0.5360272812938734
A0 0.19003834059043526 -0.34914126388524314 -0.24449055001578818
VF -0.03292004541189578 -0.638887677405142 -0.042898767178102905
AF -0.15343791449651453 0.20816950034447523 0.05358743507368133
W_SMOOTH 2.471017680401672
W_OBS 0.6509221665164882
W_VEL 120.90171032193366
W_ACCEL 104.39116359675658
W_TIME 6.315276937369374
VMAX 2.8110534521695176
AMAX 2.3701236014218687
KAPPA 15
AVOID_OVERRIDE _
TAU_TRUST 1.1049541768638456
SPACETIME_HARD 1
Q_CONFORMAL 0.07221344269886112
EPSILON_TRACK 0.19215696094730997
SAFETY_MODE conformal
REACH_MODEL accel
A_MAX_HUMAN 1.0302606284852824
V_MAX_HUMAN 0.6006433658216697
EST_POS_ERR 0.005496842760719312
EST_VEL_ERR 0.2897652290080152
NCLASS 1
CLASS0 wall 0.4 10.0 soft
S 2
SOFT0_KIND aabb
SOFT0_LO -0.24502520668127298 -1.3147910073725977 -1.0990838997913004
SOFT0_HI 0.7171930412954719 -0.6056998105989659 -0.5997012621854076
SOFT0_CLASS wall
SOFT1_KIND aabb
SOFT1_LO -0.3621337339002367 -1.0420020720666727 -0.7634455582987627
SOFT1_HI 0.6236179915778988 -0.609016076668877 0.1457853361089132
SOFT1_CLASS wall
H 0
RHO 0.0
NC 0
FREEZE 0
COST 83424.79844784537
GRAD 14989.863295435982 -10815.740884108673 18694.626851497356 -160368.32859645569 -88379.66350714242
END
CASE
NAME fuzz10_M4
M 4
X 3.565381324437748 0.8253995719454945 -0.15428326184166963 -2.9308286440027436 -3.244372603897193 -0.4806255964330166 -2.198455357553841 3.501330364610598 3.1668785197480407 1.143926806550648 0.8510130552113171 1.051437941043038 0.9656722117151183
START -3.184865078927243 2.809223713795002 -0.7546010065744504
GOAL 0.17929513702894528 0.4486334742542697 1.8805759112070186
TTARGET 4.012050014520121
V0 -0.14824755427526004 0.06564323952201692 0.15830005027113264
A0 0.018063781624228486 -0.11552028536344724 0.05507789267240312
VF 0.40985639870753526 0.16157219529501643 -0.3471460764323583
AF 0.07988384745649367 -0.1890695291099082 -0.31115076615366616
W_SMOOTH 2.6632771267617144
W_OBS 1.5089739061069674
W_VEL 30.848774484760824
W_ACCEL 47.77623955283784
W_TIME 17.521906978791165
VMAX 0.5788246138788287
AMAX 2.768728203992502
KAPPA 15
AVOID_OVERRIDE soft
TAU_TRUST 2.3481191681868534
SPACETIME_HARD 1
Q_CONFORMAL 0.5609320666238112
EPSILON_TRACK 0.14888233261108627
SAFETY_MODE conformal
REACH_MODEL accel
A_MAX_HUMAN 0.6829584836096532
V_MAX_HUMAN 1.6168419864615533
EST_POS_ERR 0.1036362562877235
EST_VEL_ERR 0.30040545294888327
NCLASS 0
S 0
H 0
RHO 0.0
NC 0
FREEZE 0
COST 134289.61764327824
GRAD 22442.101044729738 8890.914047157934 4346.948246774063 -13983.809438710925 -15078.479123248178 -6222.624849372601 2772.405249883349 19584.506918279567 8038.054881357578 -141836.25655807747 -183855.57581602805 -119937.30444723138 -97170.30084214112
END
CASE
NAME fuzz11_M4
M 4
X -1.0479371536338817 1.571507316370032 -1.5734330007558812 -3.1876321366673777 2.41699169394116 -0.9095470629051494 -0.21981378953511044 0.09618936870992201 -0.41036989041425276 1.2094922859508253 0.7772368509731742 0.5201628453927031 0.43972515266580725
START 3.377066055962282 -3.304472857454117 1.7965077912752712
GOAL 1.9368054434787494 1.3871309128056621 3.182419522748761
TTARGET 2.94661713498251
V0 0.05753534216508474 -0.19852864083033245 0.011235588450967235
A0 0.20946262050680717 0.06414893898946192 0.2230600633231956
VF -0.5073807097154192 -0.1125538504677056 -0.33985817123936823
AF 0.1387872266903153 0.38792965645945265 -0.12213156664045173
W_SMOOTH 1.0853386539666503
W_OBS 1.3280091058508425
W_VEL 11.473015255525084
W_ACCEL 28.533758445373152
W_TIME 0.11064784649636561
VMAX 2.5474695350388363
AMAX 0.791985688824718
KAPPA 13
AVOID_OVERRIDE hard
TAU_TRUST 2.3439784525604153
SPACETIME_HARD 1
Q_CONFORMAL 0.24090855762113855
EPSILON_TRACK 0.14530819236581904
SAFETY_MODE deterministic
REACH_MODEL speed
A_MAX_HUMAN 1.059664866239229
V_MAX_HUMAN 2.1046246716505403
EST_POS_ERR 0.13199620188886593
EST_VEL_ERR 0.34397251087714675
NCLASS 2
CLASS0 human 0.8 10000.0 hard
CLASS1 wall 0.4 10.0 soft
S 0
H 3
HARD0_KIND aabb
HARD0_LO 2.8378916184686567 -0.7770427714832191 2.1624551267403316
HARD0_HI 3.464522710807106 8.760626915171876e-05 3.048555761343899
HARD0_CLASS wall
HARD1_KIND sphere
HARD1_C0 2.3915959766671095 -1.340537366721493 2.9412508535458937
HARD1_R 0.43348506987575675
HARD1_VEL -0.4333340980854541 0.14611381804146967 0.7261199330594901
HARD1_ACC 0.0 0.0 0.0
HARD1_CLASS human
HARD2_KIND sphere
HARD2_C0 1.9272578672373089 -0.7913464856080106 1.8462014383153638
HARD2_R 0.5642469901591688
HARD2_VEL 0.22651691718803313 0.3531183577594096 -0.20593860946898565
HARD2_ACC -0.04660946270808804 0.11566676135989827 0.10763242930720401
HARD2_CLASS human
RHO 23.597300579238663
NC 72
LAM 7.168222138475989 0.6087882394399197 0.6102188676757067 2.0816726236987515 1.3936212475883947 2.6354844744255774 1.3408004501142625 0.5767024243398239 0.17335319447790393 2.0985304599583157 3.954692962981292 1.9846881570124841 5.617513569365578 3.914656621120785 1.7850491330235474 1.9952787988784142 0.11612270526575709 2.002813810912689 2.6767378058707507 4.525082082038943 3.0444681642567333 3.9116552836431984 0.5754128937274976 3.7684730337901846 3.004093592752804 2.2824784634046984 0.08177993317557758 7.950623981789138 3.2834786327922485 0.9921231630406521 3.6986744982356776 0.8044407168151517 4.134546250681734 5.182814148340334 3.0054723020628202 1.747085914134554 1.198674296031299 3.5017226988067174 2.562203441910006 1.7559329266362538 1.4622722396113994 3.5219142645322172 2.061732729830287 3.3298013012808227 8.946104471860188 1.2556847263002728 1.1010112126318803 0.8464577085082505 0.6230045518770864 0.3066835365506022 1.5773345680915456 0.096460142068013 1.3971664310081506 2.162170603492392 0.9509027951435941 2.7159058222519947 1.5807753294237112 4.755184780089468 4.012809145150269 4.057994489138528 3.8294350537745667 2.3945019937659504 0.6555245153232651 0.9048501529069074 3.0288763141203066 0.4604636570860587 0.1278091363407033 0.7416687802721628 0.6059955815604143 0.10247918215009526 1.2870397608663735 4.663450422968447
FREEZE 1
NORMALS -0.37532318779341833 -0.4315177041496709 -0.8203200446837707 0.39774771558253025 -0.7926682619821914 -0.46203222960634516 0.4996304469848203 -0.8660693616298799 -0.01712534063197879 -0.37532318779341833 -0.4315177041496709 -0.8203200446837707 0.412190318925028 -0.7673747254850366 -0.4911569725365288 0.47159585993331665 -0.8818141777883558 -0.0010491640488917125 -0.37532318779341833 -0.4315177041496709 -0.8203200446837707 0.429632494894964 -0.7440950311475151 -0.5116038545123633 0.44859490315312417 -0.8935764823054676 0.016842895701905503 -0.37532318779341833 -0.4315177041496709 -0.8203200446837707 0.04418941355042643 -0.19474325311511081 -0.979858337259123 0.06945614061893367 -0.483805968335173 -0.8724148265209554 -0.37532318779341833 -0.4315177041496709 -0.8203200446837707 -0.23740107147898068 0.23991461935196084 -0.9413191311568226 -0.383146346503118 0.1543030270003447 -0.9107082150830986 -0.37532318779341833 -0.4315177041496709 -0.8203200446837707 -0.42164221412697817 0.4827798225097861 -0.767555526488813 -0.6250722620822755 0.47986463569373533 -0.6156416153785136 -0.7717461690396809 0.4899075121548673 -0.4054608243798715 -0.4216422141269782 0.4827798225097862 -0.7675555264888128 -0.6250722620822756 0.4798646356937356 -0.6156416153785134 -0.7717461690396809 0.4899075121548673 -0.4054608243798715 -0.49409303164596363 0.5816054517352003 -0.6462253280325637 -0.6806041205350032 0.5810644053309113 -0.4462535019114239 -0.7717461690396809 0.4899075121548673 -0.4054608243798715 -0.5591922454003452 0.6529566401335734 -0.5108342772265733 -0.7245727098668747 0.6340456798040388 -0.2701489663833791 -0.7717461690396809 0.4899075121548673 -0.4054608243798715 -0.6162157799328819 0.6741171882223939 -0.4072396457920614 -0.7679176237671422 0.626369736578377 -0.13402789338999696 -0.7717461690396809 0.4899075121548673 -0.4054608243798715 -0.6467634953323034 0.5650909317017591 -0.5122198941997269 -0.8332222889985438 0.5012242226302389 -0.23348425164181774 -0.7717461690396809 0.4899075121548673 -0.4054608243798715 -0.6215497884352551 0.4243186814722826 -0.6585055178582129 -0.8590526712556734 0.33667113517117836 -0.3855918240199629 -0.7792709700061065 0.15235369388216813 -0.6078857682708163 -0.6215497884352561 0.4243186814722841 -0.6585055178582112 -0.8590526712556742 0.3366711351711797 -0.3855918240199599 -0.7792709700061065 0.15235369388216813 -0.6078857682708163 -0.5916289870844202 0.32444166372727906 -0.7380465760907898 -0.8514325065923524 0.21320758470126686 -0.4791713811818438 -0.7792709700061065 0.15235369388216813 -0.6078857682708163 -0.5305487800887626 0.20810815673885377 -0.8217110118801393 -0.8064307095480001 0.06419030541679961 -0.5878342584337929 -0.7792709700061065 0.15235369388216813 -0.6078857682708163 -0.4467128398645133 0.11119046377676331 -0.8877411331380843 -0.7341349060661216 -0.07183627563014004 -0.6751929273910363 -0.7792709700061065 0.15235369388216813 -0.6078857682708163 -0.36794627061925783 0.1057547653315781 -0.9238135480425922 -0.7100262569899496 -0.12528011932271726 -0.6929412717448195 -0.7792709700061065 0.15235369388216813 -0.6078857682708163 -0.2833247261104271 0.17152098028069426 -0.9435611548267557 -0.7436579345858411 -0.11925812552546294 -0.6578376515704112 -0.7922950574752852 0.5290564562696493 -0.30392072647260365 -0.2833247261104271 0.17152098028069407 -0.943561154826756 -0.7436579345858411 -0.11925812552546333 -0.6578376515704113 -0.7922950574752852 0.5290564562696493 -0.30392072647260365 -0.15741581877885327 0.2613720133857406 -0.9523155625195189 -0.8092189715112408 -0.10583472740538362 -0.5778958960066406 -0.7922950574752852 0.5290564562696493 -0.30392072647260365 0.04058891373857621 0.5090198860812258 -0.8597972410140533 -0.9332037361062127 0.29799822431490625 0.20081794048981033 -0.7922950574752852 0.5290564562696493 -0.30392072647260365 0.2541971678706573 0.8062286613611922 -0.5342088968243387 -0.1805724767022234 0.4932170285725492 0.8509586026262912 -0.7922950574752852 0.5290564562696493 -0.30392072647260365 0.24940035684114592 0.7904942811697512 -0.5593909665389919 -0.21537840212510345 0.4691755383445632 0.8564382395229246 -0.7922950574752852 0.5290564562696493 -0.30392072647260365 0.24459111940098627 0.7745765170598841 -0.583272152197884 -0.2509655577373776 0.44455580598224703 0.8598758190558923
TMASK 1.0 1.0 1.0 1.0 1.0 1.0 1.0 1.0 1.0 1.0 1.0 1.0 1.0 1.0 1.0 1.0 1.0 1.0 1.0 0.0 0.0 0.0 0.0 0.0
COST 234083.7397135474
GRAD -140.93888351771284 -2035.8729599626072 -8576.88854852612 1372.7493080878867 19784.89398000159 29326.307218825714 -32049.118091404856 -60177.52068581742 -101948.61796525662 -26734.52798795859 -37002.45864441897 -254668.13410356827 -1786361.1586608347
END
CASE
NAME fuzz12_M4
M 4
X 0.004065630630374351 2.379117945767364 2.7730386360732986 0.7313092326146684 1.6067373591366882 -2.4703775798958922 0.22409197585727103 -0.09886095295551378 -2.7892978360306317 0.5880359712294958 0.521756570625023 0.8186569547635136 0.7364506680924481
START -3.1048522065559014 -0.9608557112057614 -1.784214451685643
GOAL 3.9700017743091296 0.18492960181246243 0.6656382988173508
TTARGET 2.66490016471048
V0 0.19278695069170848 -0.0521915073070669 0.09120309514482396
A0 0.14063575647554655 -0.09247084313716131 0.15870652721687736
VF -0.5724059819230034 0.10501441365362577 0.055147955903043444
AF -0.0934997547917473 -0.06879415431552861 -0.05390797746662384
W_SMOOTH 2.528126662978244
W_OBS 0.5939064752907199
W_VEL 55.495146912061486
W_ACCEL 141.61821849310678
W_TIME 14.770558461111914
VMAX 0.7082145851578698
AMAX 1.991591300663426
KAPPA 14
AVOID_OVERRIDE soft
TAU_TRUST 0.7410159372910567
SPACETIME_HARD 1
Q_CONFORMAL 0.42448858373811565
EPSILON_TRACK 0.18229655578613002
SAFETY_MODE conformal
REACH_MODEL accel
A_MAX_HUMAN 0.9241475079536092
V_MAX_HUMAN 1.7852351392602595
EST_POS_ERR 0.036278860938645345
EST_VEL_ERR 0.19944029800596397
NCLASS 2
CLASS0 human 0.8 10000.0 hard
CLASS1 wall 0.4 10.0 soft
S 2
SOFT0_KIND aabb
SOFT0_LO 0.241322811746224 -0.29718348449530185 -0.5538637481692256
SOFT0_HI 0.8639383670139769 0.6582067138519059 -0.01898037057717039
SOFT0_CLASS wall
SOFT1_KIND sphere
SOFT1_C0 1.2790090194526331 0.2834253880393647 -1.201854679176363
SOFT1_R 0.4593011177075319
SOFT1_VEL 0.5173813478941612 0.04263677138437115 0.42588687448666596
SOFT1_ACC 0.0 0.0 0.0
SOFT1_CLASS human
H 0
RHO 0.0
NC 0
FREEZE 0
COST 990938.0017587383
GRAD 78984.15537899027 128296.13726799385 272166.30518834427 -3482.544136645995 -42894.64703498751 -120620.15435555529 -53082.56800882631 -902.4183703695307 -2757.5044937302473 -3959393.827829511 -1893788.6997801317 -92961.36223090021 -487539.22186197585
END
CASE
NAME fuzz13_M3
M 3
X -1.8851105306397038 -3.6762154031393166 -1.9041048388371689 -3.9292707113670335 0.34685065845399965 3.7342726745363732 1.1544824848602269 1.0054058126217313 1.3015281923335027
START 3.415988272047718 -3.798884216568352 1.8089858846160043
GOAL 3.0526564656554624 -0.9813316063226596 1.3177566336041924
TTARGET 3.461416489815461
V0 0.23406106048062403 -0.8465027547487236 0.11202487160080649
A0 0.13793503428661594 0.03571655427247104 -0.07366108264186222
VF -0.3974243073246502 0.2946773498041765 -0.29079403499578704
AF 0.22180635337437463 -0.4411938706659075 -0.16024680563514085
W_SMOOTH 0.699625286109121
W_OBS 1.3649288454082733
W_VEL 149.69019826712983
W_ACCEL 169.20875198929252
W_TIME 3.444649811765106
VMAX 1.0569574751302888
AMAX 2.5106598271808624
KAPPA 16
AVOID_OVERRIDE soft
TAU_TRUST 1.300451435420098
SPACETIME_HARD 1
Q_CONFORMAL 0.0
EPSILON_TRACK 0.0
SAFETY_MODE conformal
REACH_MODEL accel
A_MAX_HUMAN 1.3708343633550637
V_MAX_HUMAN 2.604364029915952
EST_POS_ERR 0.17379934591224344
EST_VEL_ERR 0.2864404306784329
NCLASS 0
S 0
H 0
RHO 0.0
NC 0
FREEZE 0
COST 153884.89201252963
GRAD -5517.625120834903 -10056.810130996915 -29976.910387183 -16905.820465287838 13332.75531075436 24134.5425522144 -144462.43890229927 -156016.38066800142 -144632.6000672273
END
CASE
NAME fuzz14_M1
M 1
X 1.2943168480711487
START 1.2090319266334442 0.11411852869666994 -0.8049011782733686
GOAL 1.7361427178276463 2.065046510823704 -0.27281155074125074
TTARGET 1.2943168480711487
V0 0.7027269083430712 -0.394838610359849 0.23442453542211364
A0 -0.1655111523493948 -0.3143254123945814 -0.0934933078488068
VF -0.21418330158078805 0.2329286870187957 -0.3475887244844938
AF 0.21276665367427652 -0.21483996090977175 -0.3034676034313908
W_SMOOTH 0.8777780521732715
W_OBS 1.3459981755036923
W_VEL 152.66952337951426
W_ACCEL 147.09562049733103
W_TIME 4.69727321889176
VMAX 0.6944988367755371
AMAX 1.9889349507610254
KAPPA 17
AVOID_OVERRIDE _
TAU_TRUST 0.7588667245715194
SPACETIME_HARD 0
Q_CONFORMAL 0.20035681383170828
EPSILON_TRACK 0.11877270060434386
SAFETY_MODE conformal
REACH_MODEL accel
A_MAX_HUMAN 0.7230922290737243
V_MAX_HUMAN 1.388064235721292
EST_POS_ERR 0.1372191372802005
EST_VEL_ERR 0.2302594841946013
NCLASS 0
S 0
H 0
RHO 0.0
NC 0
FREEZE 0
COST 3798.0330135974136
GRAD -12752.693459608505
END
CASE
NAME fuzz15_M5
M 5
X 2.951391484426485 2.4247634887296154 2.045600585528385 -1.6074327232536536 2.8339956517970757 -1.6014464497845582 -3.0105624133664417 1.0642027475874434 3.136006271344738 0.918175744889024 -3.538392590222208 2.350613321825394 1.3536739319850237 1.1160872128050117 1.3555758564316345 0.6345458778229874 1.2666798814313567
START 0.21010036337067106 0.2985613770649458 -2.4006768116438115
GOAL -3.0760988552264763 -1.0664934047932526 0.5214022586957237
TTARGET 5.726562760476014
V0 -0.34332043266218515 -0.556350991638405 -0.2377962850503312
A0 0.15449979264832198 0.291784118502877 0.19731471234413706
VF 0.21875934159535976 -0.4095879186138457 0.4840902355018181
AF -0.025651661846088913 0.06575234830919256 -0.019275224269430534
W_SMOOTH 2.9414979196848687
W_OBS 1.7410690256482209
W_VEL 53.466184664621686
W_ACCEL 149.1989786485159
W_TIME 2.765033790359541
VMAX 0.9591775146215138
AMAX 2.717708872852711
KAPPA 22
AVOID_OVERRIDE hard
TAU_TRUST 1.4970144386413429
SPACETIME_HARD 1
Q_CONFORMAL 0.0
EPSILON_TRACK 0.20481724597519893
SAFETY_MODE conformal
REACH_MODEL accel
A_MAX_HUMAN 0.5494186218747941
V_MAX_HUMAN 2.612872105010828
EST_POS_ERR 0.11727727699506973
EST_VEL_ERR 0.24726197423217977
NCLASS 0
S 0
H 0
RHO 0.0
NC 0
FREEZE 0
COST 190183.48377276986
GRAD 10604.333224656839 4961.27335098139 17851.918927876803 -867.8353120098175 -6152.312817553584 -14835.761993766144 -25801.130568362645 25139.03556873604 11529.336870135117 37674.1449505131 -34248.14467739101 -3785.6777286274464 -87574.72583978773 -65221.90938844294 -44379.04585385813 -389202.761376133 -175103.32564203235
END
