CASE
KIND COMPUTE_G
NAME g_inside
HORIZON 15.0
A_POS 0.0 0.0 0.0
GTERM_POS 3.0 0.0 0.0
G_POS 3.0 0.0 0.0
G_YAW 0.0
END
CASE
KIND COMPUTE_G
NAME g_far_x
HORIZON 15.0
A_POS 0.0 0.0 0.0
GTERM_POS 30.0 0.0 0.0
G_POS 15.0 0.0 0.0
G_YAW 0.0
END
CASE
KIND COMPUTE_G
NAME g_far_diag
HORIZON 10.0
A_POS 1.0 2.0 3.0
GTERM_POS 20.0 -15.0 8.0
G_POS 8.313103409735259 -4.543303050815759 4.924500897298753
G_YAW -0.7298996581517314
END
CASE
KIND COMPUTE_G
NAME g_same
HORIZON 15.0
A_POS 5.0 5.0 5.0
GTERM_POS 5.0 5.0 5.0
G_POS 5.0 5.0 5.0
G_YAW 0.0
END
CASE
KIND COMPUTE_G
NAME g_neg
HORIZON 12.0
A_POS -2.0 -3.0 1.0
GTERM_POS -25.0 4.0 -7.0
G_POS -12.892851123901245 0.31521555944820534 -2.7888177822265203
G_YAW 2.8461518164460733
END
CASE
KIND COMPUTE_G
NAME g_fuzz0
HORIZON 13.32913642260424
A_POS 1.674589578109316 -8.557700162988269 -9.229081391820026
GTERM_POS 14.224279292530255 -2.6020118650999393 -34.985003595528106
G_POS 7.390873570062709 -5.844931444956735 -20.960699395241456
G_YAW 0.4430962691592445
END
CASE
KIND COMPUTE_G
NAME g_fuzz1
HORIZON 11.185563404288217
A_POS -7.072692263780073 -5.967293583377151 7.5714476048615325
GTERM_POS 32.4562301942653 31.713301660617873 26.196534650906273
G_POS 0.5903141603762627 1.3373994227940704 11.182073769432405
G_YAW 0.7614636238486581
END
CASE
KIND COMPUTE_G
NAME g_fuzz2
HORIZON 7.907296550091065
A_POS 2.180919695803931 -1.0049485403574359 6.386845115455436
GTERM_POS 36.40947201434099 35.798763868391404 39.47404703317487
G_POS 6.678822777006212 3.8313509882481958 10.734765707278846
G_YAW 0.8216356789046363
END
CASE
KIND COMPUTE_G
NAME g_fuzz3
HORIZON 17.55271977407663
A_POS 1.4538173210700052 1.5744141912907512 7.285687095387232
GTERM_POS -30.851247957073493 -28.570622902484224 -24.72634829357841
G_POS -8.938622898612634 -8.123151599703855 -3.012486309489697
G_YAW -2.3907687718707824
END
CASE
KIND COMPUTE_G
NAME g_fuzz4
HORIZON 5.598131812155953
A_POS 9.977261231265171 2.824079893571623 -4.890875480501087
GTERM_POS 3.0875746173616463 18.917816823956713 31.72130732846263
G_POS 9.026863762853507 5.044129613257678 0.15959020896073284
G_YAW 1.9752875550187703
END
CASE
KIND COMPUTE_G
NAME g_fuzz5
HORIZON 11.939261631944085
A_POS 9.646043282289657 3.143391155824398 7.621662090346003
GTERM_POS 0.041544398759391754 -11.591148605340358 -16.287494789284338
G_POS 5.782693613863017 -2.783485403902116 -1.995646883646895
G_YAW -2.1484609322105856
END
CASE
KIND COMPUTE_G
NAME g_fuzz6
HORIZON 18.14291967893797
A_POS 4.160312766636915 7.337301350753929 4.366383195686794
GTERM_POS -37.70298997897528 -11.914322413481358 -36.04248585591666
G_POS -8.232665477407071 1.6381582152378273 -7.596032623868501
G_YAW -2.7105622646394254
END
CASE
KIND COMPUTE_G
NAME g_fuzz7
HORIZON 15.471469999939876
A_POS 7.885083457271676 9.659139208492519 -0.13471802977276504
GTERM_POS 28.29096727048467 39.820519090313724 -11.643577984727376
G_POS 16.151635884451025 21.877704713981856 -4.797029893623238
G_YAW 0.9759779904694778
END
CASE
KIND COMPUTE_G
NAME g_fuzz8
HORIZON 14.267554784962421
A_POS 0.18372055901456363 6.616241523344975 -5.2716957855955044
GTERM_POS -34.23383527796642 25.404636073088767 19.192681148290625
G_POS -10.441086584079416 12.416277689913631 2.2805338971179925
G_YAW 2.6419060234274707
END
CASE
KIND COMPUTE_G
NAME g_fuzz9
HORIZON 7.089696094596472
A_POS -9.991247358558166 -0.2822278955805313 -2.5241354457170306
GTERM_POS 4.12645615326398 -4.933773256815492 -27.160410942753586
G_POS -6.512645675015878 -1.4283685204431666 -8.594512922368109
G_YAW -0.31828139222899965
END
CASE
KIND FINDA
NAME finda_small
USE_STATE_UPDATE 1
USE_ADAPT 0
NUM_REPLANNING 0
EST_COMP 0.0
DEFAULT_K 50
ALPHA_K 0.9
K_VALUE_FACTOR 5.0
DC 0.01
ZMIN 0.5
ZMAX 6.0
XMIN -200.0
XMAX 200.0
YMIN -200.0
YMAX 200.0
NPLAN 5
PLAN 0.0 0.0 2.0 0.5 0.0 2.0 1.0 0.0 2.0 1.5 0.0 2.0 2.0 0.0 2.0
CURRENT_TIME 1.0
LAST_COMP 0.0
OK 1
A_POS 2.0 0.0 2.0
A_TIME 1.04
K_VALUE 0
END
CASE
KIND FINDA
NAME finda_default_k
USE_STATE_UPDATE 1
USE_ADAPT 0
NUM_REPLANNING 0
EST_COMP 0.0
DEFAULT_K 50
ALPHA_K 0.9
K_VALUE_FACTOR 5.0
DC 0.01
ZMIN 0.5
ZMAX 6.0
XMIN -200.0
XMAX 200.0
YMIN -200.0
YMAX 200.0
NPLAN 80
PLAN 0.0 0.0 2.0 0.1 0.0 2.0 0.2 0.0 2.0 0.30000000000000004 0.0 2.0 0.4 0.0 2.0 0.5 0.0 2.0 0.6000000000000001 0.0 2.0 0.7000000000000001 0.0 2.0 0.8 0.0 2.0 0.9 0.0 2.0 1.0 0.0 2.0 1.1 0.0 2.0 1.2000000000000002 0.0 2.0 1.3 0.0 2.0 1.4000000000000001 0.0 2.0 1.5 0.0 2.0 1.6 0.0 2.0 1.7000000000000002 0.0 2.0 1.8 0.0 2.0 1.9000000000000001 0.0 2.0 2.0 0.0 2.0 2.1 0.0 2.0 2.2 0.0 2.0 2.3000000000000003 0.0 2.0 2.4000000000000004 0.0 2.0 2.5 0.0 2.0 2.6 0.0 2.0 2.7 0.0 2.0 2.8000000000000003 0.0 2.0 2.9000000000000004 0.0 2.0 3.0 0.0 2.0 3.1 0.0 2.0 3.2 0.0 2.0 3.3000000000000003 0.0 2.0 3.4000000000000004 0.0 2.0 3.5 0.0 2.0 3.6 0.0 2.0 3.7 0.0 2.0 3.8000000000000003 0.0 2.0 3.9000000000000004 0.0 2.0 4.0 0.0 2.0 4.1000000000000005 0.0 2.0 4.2 0.0 2.0 4.3 0.0 2.0 4.4 0.0 2.0 4.5 0.0 2.0 4.6000000000000005 0.0 2.0 4.7 0.0 2.0 4.800000000000001 0.0 2.0 4.9 0.0 2.0 5.0 0.0 2.0 5.1000000000000005 0.0 2.0 5.2 0.0 2.0 5.300000000000001 0.0 2.0 5.4 0.0 2.0 5.5 0.0 2.0 5.6000000000000005 0.0 2.0 5.7 0.0 2.0 5.800000000000001 0.0 2.0 5.9 0.0 2.0 6.0 0.0 2.0 6.1000000000000005 0.0 2.0 6.2 0.0 2.0 6.300000000000001 0.0 2.0 6.4 0.0 2.0 6.5 0.0 2.0 6.6000000000000005 0.0 2.0 6.7 0.0 2.0 6.800000000000001 0.0 2.0 6.9 0.0 2.0 7.0 0.0 2.0 7.1000000000000005 0.0 2.0 7.2 0.0 2.0 7.300000000000001 0.0 2.0 7.4 0.0 2.0 7.5 0.0 2.0 7.6000000000000005 0.0 2.0 7.7 0.0 2.0 7.800000000000001 0.0 2.0 7.9 0.0 2.0
CURRENT_TIME 2.0
LAST_COMP 0.0
OK 1
A_POS 4.9 0.0 2.0
A_TIME 2.49
K_VALUE 30
END
CASE
KIND FINDA
NAME finda_adapt
USE_STATE_UPDATE 1
USE_ADAPT 1
NUM_REPLANNING 0
EST_COMP 0.01
DEFAULT_K 50
ALPHA_K 0.9
K_VALUE_FACTOR 5.0
DC 0.01
ZMIN 0.5
ZMAX 6.0
XMIN -200.0
XMAX 200.0
YMIN -200.0
YMAX 200.0
NPLAN 120
PLAN 0.0 0.0 2.0 0.1 0.0 2.0 0.2 0.0 2.0 0.30000000000000004 0.0 2.0 0.4 0.0 2.0 0.5 0.0 2.0 0.6000000000000001 0.0 2.0 0.7000000000000001 0.0 2.0 0.8 0.0 2.0 0.9 0.0 2.0 1.0 0.0 2.0 1.1 0.0 2.0 1.2000000000000002 0.0 2.0 1.3 0.0 2.0 1.4000000000000001 0.0 2.0 1.5 0.0 2.0 1.6 0.0 2.0 1.7000000000000002 0.0 2.0 1.8 0.0 2.0 1.9000000000000001 0.0 2.0 2.0 0.0 2.0 2.1 0.0 2.0 2.2 0.0 2.0 2.3000000000000003 0.0 2.0 2.4000000000000004 0.0 2.0 2.5 0.0 2.0 2.6 0.0 2.0 2.7 0.0 2.0 2.8000000000000003 0.0 2.0 2.9000000000000004 0.0 2.0 3.0 0.0 2.0 3.1 0.0 2.0 3.2 0.0 2.0 3.3000000000000003 0.0 2.0 3.4000000000000004 0.0 2.0 3.5 0.0 2.0 3.6 0.0 2.0 3.7 0.0 2.0 3.8000000000000003 0.0 2.0 3.9000000000000004 0.0 2.0 4.0 0.0 2.0 4.1000000000000005 0.0 2.0 4.2 0.0 2.0 4.3 0.0 2.0 4.4 0.0 2.0 4.5 0.0 2.0 4.6000000000000005 0.0 2.0 4.7 0.0 2.0 4.800000000000001 0.0 2.0 4.9 0.0 2.0 5.0 0.0 2.0 5.1000000000000005 0.0 2.0 5.2 0.0 2.0 5.300000000000001 0.0 2.0 5.4 0.0 2.0 5.5 0.0 2.0 5.6000000000000005 0.0 2.0 5.7 0.0 2.0 5.800000000000001 0.0 2.0 5.9 0.0 2.0 6.0 0.0 2.0 6.1000000000000005 0.0 2.0 6.2 0.0 2.0 6.300000000000001 0.0 2.0 6.4 0.0 2.0 6.5 0.0 2.0 6.6000000000000005 0.0 2.0 6.7 0.0 2.0 6.800000000000001 0.0 2.0 6.9 0.0 2.0 7.0 0.0 2.0 7.1000000000000005 0.0 2.0 7.2 0.0 2.0 7.300000000000001 0.0 2.0 7.4 0.0 2.0 7.5 0.0 2.0 7.6000000000000005 0.0 2.0 7.7 0.0 2.0 7.800000000000001 0.0 2.0 7.9 0.0 2.0 8.0 0.0 2.0 8.1 0.0 2.0 8.200000000000001 0.0 2.0 8.3 0.0 2.0 8.4 0.0 2.0 8.5 0.0 2.0 8.6 0.0 2.0 8.700000000000001 0.0 2.0 8.8 0.0 2.0 8.9 0.0 2.0 9.0 0.0 2.0 9.1 0.0 2.0 9.200000000000001 0.0 2.0 9.3 0.0 2.0 9.4 0.0 2.0 9.5 0.0 2.0 9.600000000000001 0.0 2.0 9.700000000000001 0.0 2.0 9.8 0.0 2.0 9.9 0.0 2.0 10.0 0.0 2.0 10.100000000000001 0.0 2.0 10.200000000000001 0.0 2.0 10.3 0.0 2.0 10.4 0.0 2.0 10.5 0.0 2.0 10.600000000000001 0.0 2.0 10.700000000000001 0.0 2.0 10.8 0.0 2.0 10.9 0.0 2.0 11.0 0.0 2.0 11.100000000000001 0.0 2.0 11.200000000000001 0.0 2.0 11.3 0.0 2.0 11.4 0.0 2.0 11.5 0.0 2.0 11.600000000000001 0.0 2.0 11.700000000000001 0.0 2.0 11.8 0.0 2.0 11.9 0.0 2.0
CURRENT_TIME 0.5
LAST_COMP 0.02
OK 1
A_POS 0.8 0.0 2.0
A_TIME 0.58
K_VALUE 111
END
CASE
KIND FINDA
NAME finda_oob_z
USE_STATE_UPDATE 1
USE_ADAPT 0
NUM_REPLANNING 0
EST_COMP 0.0
DEFAULT_K 50
ALPHA_K 0.9
K_VALUE_FACTOR 5.0
DC 0.01
ZMIN 0.5
ZMAX 6.0
XMIN -200.0
XMAX 200.0
YMIN -200.0
YMAX 200.0
NPLAN 1
PLAN 0.0 0.0 10.0
CURRENT_TIME 0.0
LAST_COMP 0.0
OK 0
A_POS 0.0 0.0 10.0
A_TIME 0.0
K_VALUE 0
END
CASE
KIND FINDA
NAME finda_empty
USE_STATE_UPDATE 1
USE_ADAPT 0
NUM_REPLANNING 0
EST_COMP 0.0
DEFAULT_K 50
ALPHA_K 0.9
K_VALUE_FACTOR 5.0
DC 0.01
ZMIN 0.5
ZMAX 6.0
XMIN -200.0
XMAX 200.0
YMIN -200.0
YMAX 200.0
NPLAN 0
PLAN
CURRENT_TIME 0.0
LAST_COMP 0.0
OK 0
A_POS 0.0 0.0 0.0
A_TIME 0.0
K_VALUE 0
END
CASE
KIND FINDA
NAME finda_nr1
USE_STATE_UPDATE 1
USE_ADAPT 0
NUM_REPLANNING 1
EST_COMP 0.0
DEFAULT_K 50
ALPHA_K 0.9
K_VALUE_FACTOR 5.0
DC 0.01
ZMIN 0.5
ZMAX 6.0
XMIN -200.0
XMAX 200.0
YMIN -200.0
YMAX 200.0
NPLAN 30
PLAN 0.0 0.0 2.0 0.2 0.0 2.0 0.4 0.0 2.0 0.6000000000000001 0.0 2.0 0.8 0.0 2.0 1.0 0.0 2.0 1.2000000000000002 0.0 2.0 1.4000000000000001 0.0 2.0 1.6 0.0 2.0 1.8 0.0 2.0 2.0 0.0 2.0 2.2 0.0 2.0 2.4000000000000004 0.0 2.0 2.6 0.0 2.0 2.8000000000000003 0.0 2.0 3.0 0.0 2.0 3.2 0.0 2.0 3.4000000000000004 0.0 2.0 3.6 0.0 2.0 3.8000000000000003 0.0 2.0 4.0 0.0 2.0 4.2 0.0 2.0 4.4 0.0 2.0 4.6000000000000005 0.0 2.0 4.800000000000001 0.0 2.0 5.0 0.0 2.0 5.2 0.0 2.0 5.4 0.0 2.0 5.6000000000000005 0.0 2.0 5.800000000000001 0.0 2.0
CURRENT_TIME 1.0
LAST_COMP 0.05
OK 1
A_POS 5.800000000000001 0.0 2.0
A_TIME 1.29
K_VALUE 0
END
CASE
KIND FINDA
NAME finda_fuzz0
USE_STATE_UPDATE 1
USE_ADAPT 0
NUM_REPLANNING 0
EST_COMP 0.014624699487855103
DEFAULT_K 50
ALPHA_K 0.9
K_VALUE_FACTOR 5.0
DC 0.01
ZMIN 0.5
ZMAX 6.0
XMIN -200.0
XMAX 200.0
YMIN -200.0
YMAX 200.0
NPLAN 63
PLAN 0.0 0.833128777858823 4.87405409280718 0.1 0.23595202314670338 4.87405409280718 0.2 0.5394480460842002 4.87405409280718 0.30000000000000004 1.1052032921293975 4.87405409280718 0.4 -0.2603903076149323 4.87405409280718 0.5 0.14873897711216877 4.87405409280718 0.6000000000000001 1.7854619882695149 4.87405409280718 0.7000000000000001 0.9553993054781054 4.87405409280718 0.8 0.11050990516716475 4.87405409280718 0.9 0.6069106913238427 4.87405409280718 1.0 -0.07553840563558412 4.87405409280718 1.1 0.6752275880931689 4.87405409280718 1.2000000000000002 0.7448311798421927 4.87405409280718 1.3 -1.1505442978541511 4.87405409280718 1.4000000000000001 1.885703187643914 4.87405409280718 1.5 0.7195385107300547 4.87405409280718 1.6 1.5212850360909065 4.87405409280718 1.7000000000000002 0.5250477840474348 4.87405409280718 1.8 -1.0563382077702728 4.87405409280718 1.9000000000000001 -1.7811418246999393 4.87405409280718 2.0 -0.5553510695065738 4.87405409280718 2.1 0.8356264545507472 4.87405409280718 2.2 1.463174719775647 4.87405409280718 2.3000000000000003 -0.6954507612735763 4.87405409280718 2.4000000000000004 1.0534408898245364 4.87405409280718 2.5 -1.02229094430712 4.87405409280718 2.6 1.3800729643526446 4.87405409280718 2.7 -1.469750189500573 4.87405409280718 2.8000000000000003 -1.8854133462233493 4.87405409280718 2.9000000000000004 1.0725816491514846 4.87405409280718 3.0 -1.522069756668218 4.87405409280718 3.1 -0.24298421178908924 4.87405409280718 3.2 1.476927542126301 4.87405409280718 3.3000000000000003 0.7223317999896732 4.87405409280718 3.4000000000000004 1.5102471279073932 4.87405409280718 3.5 1.757311170784181 4.87405409280718 3.6 0.7706879905640283 4.87405409280718 3.7 1.2736423616885535 4.87405409280718 3.8000000000000003 0.6156603542621206 4.87405409280718 3.9000000000000004 1.1772587467059483 4.87405409280718 4.0 -0.5885503092887614 4.87405409280718 4.1000000000000005 -1.7274897286102284 4.87405409280718 4.2 1.4098018391542908 4.87405409280718 4.3 -0.44195848398290405 4.87405409280718 4.4 0.49033644876274307 4.87405409280718 4.5 0.7625129899515839 4.87405409280718 4.6000000000000005 1.7777368548805401 4.87405409280718 4.7 1.4913721573683398 4.87405409280718 4.800000000000001 -1.714847219790022 4.87405409280718 4.9 -1.8808253627372338 4.87405409280718 5.0 -1.2590966048104395 4.87405409280718 5.1000000000000005 1.870248718100168 4.87405409280718 5.2 -0.17203145357828253 4.87405409280718 5.300000000000001 0.5248907370064604 4.87405409280718 5.4 0.6376722590065396 4.87405409280718 5.5 -1.1748596630278318 4.87405409280718 5.6000000000000005 1.5172826419566814 4.87405409280718 5.7 -1.6960751075878249 4.87405409280718 5.800000000000001 -1.9879841952907054 4.87405409280718 5.9 0.9018733600871331 4.87405409280718 6.0 1.0882701935342247 4.87405409280718 6.1000000000000005 -1.3705204019840576 4.87405409280718 6.2 -1.076350060704081 4.87405409280718
CURRENT_TIME 0.19824137428506972
LAST_COMP 0.024557700025479013
OK 1
A_POS 4.9 -1.8808253627372338 4.87405409280718
A_TIME 0.6882413742850697
K_VALUE 13
END
CASE
KIND FINDA
NAME finda_fuzz1
USE_STATE_UPDATE 1
USE_ADAPT 1
NUM_REPLANNING 2
EST_COMP 0.044388385680745074
DEFAULT_K 50
ALPHA_K 0.9
K_VALUE_FACTOR 5.0
DC 0.01
ZMIN 0.5
ZMAX 6.0
XMIN -200.0
XMAX 200.0
YMIN -200.0
YMAX 200.0
NPLAN 123
PLAN 0.0 -0.7356476535491083 3.86206939821992 0.1 1.8502406002796628 3.86206939821992 0.2 -1.286329065145579 3.86206939821992 0.30000000000000004 1.1189809265720783 3.86206939821992 0.4 -0.05523368358004177 3.86206939821992 0.5 -0.43171660739061357 3.86206939821992 0.6000000000000001 -1.5739573797055644 3.86206939821992 0.7000000000000001 1.1024754477445216 3.86206939821992 0.8 0.5743110460399272 3.86206939821992 0.9 -0.6298907992809784 3.86206939821992 1.0 1.5205769494552768 3.86206939821992 1.1 -0.1297598126601569 3.86206939821992 1.2000000000000002 -0.7272131543354234 3.86206939821992 1.3 -0.4118960130998759 3.86206939821992 1.4000000000000001 -0.8676746546124519 3.86206939821992 1.5 1.2424522726426859 3.86206939821992 1.6 -0.26369623030517575 3.86206939821992 1.7000000000000002 -0.6539999550988873 3.86206939821992 1.8 1.3735861180655418 3.86206939821992 1.9000000000000001 0.47972054288581933 3.86206939821992 2.0 1.5183234732391542 3.86206939821992 2.1 0.7755854535280196 3.86206939821992 2.2 -0.00941316375241863 3.86206939821992 2.3000000000000003 -1.2922364850974337 3.86206939821992 2.4000000000000004 1.2288621614338036 3.86206939821992 2.5 -1.0472004019166463 3.86206939821992 2.6 -0.9838185515185187 3.86206939821992 2.7 -0.6153844073429586 3.86206939821992 2.8000000000000003 0.5559722211589402 3.86206939821992 2.9000000000000004 1.2154799084316878 3.86206939821992 3.0 -0.5479822574099562 3.86206939821992 3.1 0.4783371645793997 3.86206939821992 3.2 1.734162504854265 3.86206939821992 3.3000000000000003 1.12359507406003 3.86206939821992 3.4000000000000004 -0.38954363331446595 3.86206939821992 3.5 0.21183977271215948 3.86206939821992 3.6 0.5038023593740997 3.86206939821992 3.7 1.4593383196393135 3.86206939821992 3.8000000000000003 -1.0527983943839425 3.86206939821992 3.9000000000000004 -0.7645398413339004 3.86206939821992 4.0 -1.981762769787259 3.86206939821992 4.1000000000000005 1.698036952588796 3.86206939821992 4.2 1.9061876554063195 3.86206939821992 4.3 1.9509219676361833 3.86206939821992 4.4 1.2135921646552035 3.86206939821992 4.5 1.561590855138272 3.86206939821992 4.6000000000000005 -1.8331498523929466 3.86206939821992 4.7 -1.5306084560776245 3.86206939821992 4.800000000000001 -0.39406149852281436 3.86206939821992 4.9 -1.418920067414971 3.86206939821992 5.0 -0.6349676285633481 3.86206939821992 5.1000000000000005 0.24347610231950112 3.86206939821992 5.2 -1.3993745984822068 3.86206939821992 5.300000000000001 -1.8328469148945943 3.86206939821992 5.4 0.11999354043065846 3.86206939821992 5.5 1.364473289589065 3.86206939821992 5.6000000000000005 1.8600047700162423 3.86206939821992 5.7 -1.6275050944020535 3.86206939821992 5.800000000000001 1.7591729202422304 3.86206939821992 5.9 -0.8202544224220869 3.86206939821992 6.0 -1.761035830161874 3.86206939821992 6.1000000000000005 1.9994113005943275 3.86206939821992 6.2 1.6255309333401984 3.86206939821992 6.300000000000001 1.0976916406490322 3.86206939821992 6.4 -1.8500867131621388 3.86206939821992 6.5 -1.4039630377321992 3.86206939821992 6.6000000000000005 -0.5970602141982213 3.86206939821992 6.7 -0.48633439772085296 3.86206939821992 6.800000000000001 0.6247165015835723 3.86206939821992 6.9 0.9711003187898104 3.86206939821992 7.0 -1.836532594519801 3.86206939821992 7.1000000000000005 -0.8953577011502882 3.86206939821992 7.2 0.9941128822114664 3.86206939821992 7.300000000000001 1.5530864074942934 3.86206939821992 7.4 -0.002970264097701847 3.86206939821992 7.5 -0.6022728951155059 3.86206939821992 7.6000000000000005 -1.8995354081382239 3.86206939821992 7.7 0.4657191812374908 3.86206939821992 7.800000000000001 1.8813554893344304 3.86206939821992 7.9 -0.8866741583414122 3.86206939821992 8.0 -0.4144306397028532 3.86206939821992 8.1 -0.5554695621910484 3.86206939821992 8.200000000000001 -1.3365629771742635 3.86206939821992 8.3 0.4299512628744906 3.86206939821992 8.4 -1.744070409586929 3.86206939821992 8.5 -0.13220361763528032 3.86206939821992 8.6 -1.9525178459503776 3.86206939821992 8.700000000000001 -0.6317444270091079 3.86206939821992 8.8 -1.7443161238201377 3.86206939821992 8.9 1.3042428761527511 3.86206939821992 9.0 0.8561528135650418 3.86206939821992 9.1 1.5373724558499293 3.86206939821992 9.200000000000001 1.2344553526871365 3.86206939821992 9.3 -1.2360219742977088 3.86206939821992 9.4 -1.4672299641119926 3.86206939821992 9.5 0.2240543144623004 3.86206939821992 9.600000000000001 1.1952663113389628 3.86206939821992 9.700000000000001 -1.2129900082746428 3.86206939821992 9.8 0.45466694960107246 3.86206939821992 9.9 0.75782867213977 3.86206939821992 10.0 1.0582744418978751 3.86206939821992 10.100000000000001 0.8112318224353485 3.86206939821992 10.200000000000001 -0.550133062783027 3.86206939821992 10.3 1.8180212039800407 3.86206939821992 10.4 0.8485080686492541 3.86206939821992 10.5 1.8171486790678513 3.86206939821992 10.600000000000001 -0.13643889035864243 3.86206939821992 10.700000000000001 -1.3921216284839093 3.86206939821992 10.8 1.9875387850192179 3.86206939821992 10.9 -1.3788602579697407 3.86206939821992 11.0 1.7093113278771321 3.86206939821992 11.100000000000001 1.856947720066469 3.86206939821992 11.200000000000001 1.0512395531287355 3.86206939821992 11.3 1.1973121239990805 3.86206939821992 11.4 -0.4495510365059232 3.86206939821992 11.5 1.507510448968838 3.86206939821992 11.600000000000001 0.11277794197801727 3.86206939821992 11.700000000000001 -1.6553734030315752 3.86206939821992 11.8 -0.18329483785397382 3.86206939821992 11.9 0.7297747962879688 3.86206939821992 12.0 0.21188403486226104 3.86206939821992 12.100000000000001 -1.8477786364303146 3.86206939821992 12.200000000000001 0.31545606098936796 3.86206939821992
CURRENT_TIME 0.551664333937667
LAST_COMP 0.010455578117824793
OK 1
A_POS 0.5 -0.43171660739061357 3.86206939821992
A_TIME 0.601664333937667
K_VALUE 117
END
CASE
KIND FINDA
NAME finda_fuzz2
USE_STATE_UPDATE 1
USE_ADAPT 1
NUM_REPLANNING 0
EST_COMP 0.006578076397342442
DEFAULT_K 50
ALPHA_K 0.9
K_VALUE_FACTOR 5.0
DC 0.01
ZMIN 0.5
ZMAX 6.0
XMIN -200.0
XMAX 200.0
YMIN -200.0
YMAX 200.0
NPLAN 148
PLAN 0.0 -1.1695666701928773 4.410616169109657 0.1 -1.775260108158243 4.410616169109657 0.2 -1.66167486842338 4.410616169109657 0.30000000000000004 1.4786056615328995 4.410616169109657 0.4 -0.3596243176586946 4.410616169109657 0.5 -1.8536570913603745 4.410616169109657 0.6000000000000001 -0.3260586914472827 4.410616169109657 0.7000000000000001 -1.790741804259822 4.410616169109657 0.8 -1.198326517329599 4.410616169109657 0.9 -0.32160852792187944 4.410616169109657 1.0 1.528330814679535 4.410616169109657 1.1 0.1501398412000885 4.410616169109657 1.2000000000000002 0.25100643292557434 4.410616169109657 1.3 0.9889453824735672 4.410616169109657 1.4000000000000001 0.6364512848220696 4.410616169109657 1.5 1.5416569077771554 4.410616169109657 1.6 -1.9964981016607086 4.410616169109657 1.7000000000000002 1.9136271152128455 4.410616169109657 1.8 0.538496876047251 4.410616169109657 1.9000000000000001 1.2726743024789138 4.410616169109657 2.0 -1.4099751434542935 4.410616169109657 2.1 0.49284573420730826 4.410616169109657 2.2 -1.190628998318843 4.410616169109657 2.3000000000000003 0.547158803162394 4.410616169109657 2.4000000000000004 0.8156852919996211 4.410616169109657 2.5 -0.1469885511335618 4.410616169109657 2.6 1.9126248519901479 4.410616169109657 2.7 1.6822843728797356 4.410616169109657 2.8000000000000003 0.7034478194550569 4.410616169109657 2.9000000000000004 -0.10581950224116188 4.410616169109657 3.0 -0.9128014746927655 4.410616169109657 3.1 1.7626567081552489 4.410616169109657 3.2 0.43161336459706323 4.410616169109657 3.3000000000000003 -1.6093496259327318 4.410616169109657 3.4000000000000004 -0.8941294550511727 4.410616169109657 3.5 -1.6236117479971401 4.410616169109657 3.6 -1.0034879584017076 4.410616169109657 3.7 -0.952770842438917 4.410616169109657 3.8000000000000003 0.356602062343772 4.410616169109657 3.9000000000000004 -1.1011446443286532 4.410616169109657 4.0 1.9703431237639633 4.410616169109657 4.1000000000000005 -0.7115636828105503 4.410616169109657 4.2 1.3943281626328012 4.410616169109657 4.3 -1.314217245151343 4.410616169109657 4.4 -1.400122296125295 4.410616169109657 4.5 -0.35021484170949346 4.410616169109657 4.6000000000000005 1.1353256716370006 4.410616169109657 4.7 1.6121753301175863 4.410616169109657 4.800000000000001 1.6895445512059974 4.410616169109657 4.9 0.5529208272988737 4.410616169109657 5.0 -1.4849431313209736 4.410616169109657 5.1000000000000005 0.4260693580028585 4.410616169109657 5.2 0.9667301565965887 4.410616169109657 5.300000000000001 1.6057979629632548 4.410616169109657 5.4 -0.5393628203572653 4.410616169109657 5.5 -0.6984517362852785 4.410616169109657 5.6000000000000005 -0.48670518314722067 4.410616169109657 5.7 1.4817566173700185 4.410616169109657 5.800000000000001 -0.1777629350985923 4.410616169109657 5.9 0.8490620296230182 4.410616169109657 6.0 0.8177404743899013 4.410616169109657 6.1000000000000005 -1.9858643181205724 4.410616169109657 6.2 -1.9821947577006687 4.410616169109657 6.300000000000001 -0.3694910644756888 4.410616169109657 6.4 -1.609970420105665 4.410616169109657 6.5 1.9597745688642774 4.410616169109657 6.6000000000000005 -1.0980687309396076 4.410616169109657 6.7 -1.3234250597666346 4.410616169109657 6.800000000000001 -1.9571148208783602 4.410616169109657 6.9 -0.09962887289527744 4.410616169109657 7.0 1.2451128315119218 4.410616169109657 7.1000000000000005 -0.33249112244478995 4.410616169109657 7.2 1.2988269099717344 4.410616169109657 7.300000000000001 -0.7429145190209248 4.410616169109657 7.4 1.11049299135182 4.410616169109657 7.5 1.8819451734180652 4.410616169109657 7.6000000000000005 -1.0679111239482815 4.410616169109657 7.7 -1.3544386459169533 4.410616169109657 7.800000000000001 -1.2475230445223242 4.410616169109657 7.9 1.3147482048405084 4.410616169109657 8.0 0.7306631406076565 4.410616169109657 8.1 1.7896653206930844 4.410616169109657 8.200000000000001 -0.18649534298907877 4.410616169109657 8.3 1.5169274500474565 4.410616169109657 8.4 -1.8843087296858387 4.410616169109657 8.5 1.1580785784624008 4.410616169109657 8.6 1.1166724987085543 4.410616169109657 8.700000000000001 -1.6664269738538393 4.410616169109657 8.8 1.8094253196590202 4.410616169109657 8.9 0.36701441723986816 4.410616169109657 9.0 0.8037545009573015 4.410616169109657 9.1 1.0350681342028163 4.410616169109657 9.200000000000001 1.1265334181573468 4.410616169109657 9.3 1.1089610333873905 4.410616169109657 9.4 -1.0752954350462183 4.410616169109657 9.5 -0.3855668048047445 4.410616169109657 9.600000000000001 1.4521502353193578 4.410616169109657 9.700000000000001 1.57195692820722 4.410616169109657 9.8 1.6459359543182601 4.410616169109657 9.9 1.8518897420375509 4.410616169109657 10.0 -1.1552208260887769 4.410616169109657 10.100000000000001 1.4135837303397993 4.410616169109657 10.200000000000001 -1.580781275580549 4.410616169109657 10.3 -0.2972134067796892 4.410616169109657 10.4 -0.18009839640681946 4.410616169109657 10.5 -0.08528041815814591 4.410616169109657 10.600000000000001 0.7806499550489034 4.410616169109657 10.700000000000001 0.5931185776548635 4.410616169109657 10.8 1.5029057770362733 4.410616169109657 10.9 -1.3808294118460225 4.410616169109657 11.0 0.15332828538220866 4.410616169109657 11.100000000000001 -1.2892949977265182 4.410616169109657 11.200000000000001 1.680232281862509 4.410616169109657 11.3 -0.7450952932885833 4.410616169109657 11.4 1.3208840363730308 4.410616169109657 11.5 -0.4767015943590467 4.410616169109657 11.600000000000001 1.1126365797352835 4.410616169109657 11.700000000000001 1.979203639590151 4.410616169109657 11.8 -0.3399798292823739 4.410616169109657 11.9 0.22266603358976766 4.410616169109657 12.0 -1.9783472100063912 4.410616169109657 12.100000000000001 -1.4716193008353913 4.410616169109657 12.200000000000001 -0.14728110118934934 4.410616169109657 12.3 -1.431254310875031 4.410616169109657 12.4 -1.6022158486485911 4.410616169109657 12.5 0.6735040559182925 4.410616169109657 12.600000000000001 -0.5899999356813237 4.410616169109657 12.700000000000001 -0.41480412527255917 4.410616169109657 12.8 0.06629711365950097 4.410616169109657 12.9 -1.9477324064695156 4.410616169109657 13.0 1.2320682968137593 4.410616169109657 13.100000000000001 1.0758747247434592 4.410616169109657 13.200000000000001 1.09559820277561 4.410616169109657 13.3 0.3973138626264272 4.410616169109657 13.4 0.0479510396853331 4.410616169109657 13.5 1.4243076096581975 4.410616169109657 13.600000000000001 0.027224900158104415 4.410616169109657 13.700000000000001 1.8897018809116273 4.410616169109657 13.8 -1.1116100815322687 4.410616169109657 13.9 -1.097171385227934 4.410616169109657 14.0 -1.718168626712976 4.410616169109657 14.100000000000001 1.37983495116482 4.410616169109657 14.200000000000001 1.7840072767779724 4.410616169109657 14.3 -0.16212684940499988 4.410616169109657 14.4 -0.4138797479045553 4.410616169109657 14.5 -0.3149108223128043 4.410616169109657 14.600000000000001 -1.8472381782134382 4.410616169109657 14.700000000000001 0.28056294522197645 4.410616169109657
CURRENT_TIME 2.6997994714418154
LAST_COMP 0.04008203866886231
OK 1
A_POS 1.7000000000000002 1.9136271152128455 4.410616169109657
A_TIME 2.8697994714418154
K_VALUE 130
END
CASE
KIND FINDA
NAME finda_fuzz3
USE_STATE_UPDATE 1
USE_ADAPT 0
NUM_REPLANNING 2
EST_COMP 0.046842895084995784
DEFAULT_K 50
ALPHA_K 0.9
K_VALUE_FACTOR 5.0
DC 0.01
ZMIN 0.5
ZMAX 6.0
XMIN -200.0
XMAX 200.0
YMIN -200.0
YMAX 200.0
NPLAN 12
PLAN 0.0 -0.8749672095254906 1.7143519714114692 0.1 1.4798846202160831 1.7143519714114692 0.2 -1.2348466976815344 1.7143519714114692 0.30000000000000004 -0.24040795828950223 1.7143519714114692 0.4 1.4572126411475925 1.7143519714114692 0.5 -0.09153711185347957 1.7143519714114692 0.6000000000000001 0.28422923493885044 1.7143519714114692 0.7000000000000001 -1.9285517413821536 1.7143519714114692 0.8 -1.769404715536464 1.7143519714114692 0.9 -0.5984791538553615 1.7143519714114692 1.0 0.27900333523879484 1.7143519714114692 1.1 1.9391525454882212 1.7143519714114692
CURRENT_TIME 4.724094609196052
LAST_COMP 0.04487147581143913
OK 1
A_POS 1.1 1.9391525454882212 1.7143519714114692
A_TIME 4.834094609196052
K_VALUE 0
END
CASE
KIND FINDA
NAME finda_fuzz4
USE_STATE_UPDATE 1
USE_ADAPT 0
NUM_REPLANNING 1
EST_COMP 0.04770088629799139
DEFAULT_K 50
ALPHA_K 0.9
K_VALUE_FACTOR 5.0
DC 0.01
ZMIN 0.5
ZMAX 6.0
XMIN -200.0
XMAX 200.0
YMIN -200.0
YMAX 200.0
NPLAN 62
PLAN 0.0 -0.13762092951139993 3.323155557089713 0.1 0.6830057485094341 3.323155557089713 0.2 0.6520846322472909 3.323155557089713 0.30000000000000004 1.0394156261925747 3.323155557089713 0.4 0.8050303969096024 3.323155557089713 0.5 -0.7645073243162201 3.323155557089713 0.6000000000000001 -1.8320528808372951 3.323155557089713 0.7000000000000001 1.5413479920233932 3.323155557089713 0.8 -0.3742352728982281 3.323155557089713 0.9 0.7153725719262565 3.323155557089713 1.0 1.7247166019633586 3.323155557089713 1.1 -1.981149253113251 3.323155557089713 1.2000000000000002 1.886883850857818 3.323155557089713 1.3 -0.2327116448362503 3.323155557089713 1.4000000000000001 1.7126120691760915 3.323155557089713 1.5 1.0379397561226549 3.323155557089713 1.6 1.7030378008479348 3.323155557089713 1.7000000000000002 0.6964714746391754 3.323155557089713 1.8 -0.3648774781526103 3.323155557089713 1.9000000000000001 0.5425866245746715 3.323155557089713 2.0 -1.556154987507643 3.323155557089713 2.1 1.5175815446204663 3.323155557089713 2.2 -1.5477375843735257 3.323155557089713 2.3000000000000003 -1.3461150451141797 3.323155557089713 2.4000000000000004 1.1518043692673596 3.323155557089713 2.5 -1.4600877188650752 3.323155557089713 2.6 -0.009608578612522845 3.323155557089713 2.7 -1.9254919393003567 3.323155557089713 2.8000000000000003 0.29710178543665045 3.323155557089713 2.9000000000000004 -1.5422716960535223 3.323155557089713 3.0 -0.36016549575364065 3.323155557089713 3.1 1.351767528600504 3.323155557089713 3.2 0.6933950777704578 3.323155557089713 3.3000000000000003 0.6747055450921566 3.323155557089713 3.4000000000000004 1.4602230583907807 3.323155557089713 3.5 0.5461813369932735 3.323155557089713 3.6 -0.7125528264995067 3.323155557089713 3.7 1.2587429539986759 3.323155557089713 3.8000000000000003 -0.2216998363064775 3.323155557089713 3.9000000000000004 -0.7988075757057413 3.323155557089713 4.0 -1.6786042510730774 3.323155557089713 4.1000000000000005 0.9504575947260552 3.323155557089713 4.2 -1.522749443765155 3.323155557089713 4.3 -0.9950412092649317 3.323155557089713 4.4 -1.215407296223081 3.323155557089713 4.5 -1.1598516259111329 3.323155557089713 4.6000000000000005 1.1159510965532204 3.323155557089713 4.7 -1.3133413054385246 3.323155557089713 4.800000000000001 1.554033808999403 3.323155557089713 4.9 0.22652454060115357 3.323155557089713 5.0 0.1235353250325546 3.323155557089713 5.1000000000000005 0.6164555458054712 3.323155557089713 5.2 1.9026219967312752 3.323155557089713 5.300000000000001 -1.9300924819610543 3.323155557089713 5.4 -0.9898811548689674 3.323155557089713 5.5 0.6654065385285546 3.323155557089713 5.6000000000000005 0.6500166091184676 3.323155557089713 5.7 -0.1448346839068222 3.323155557089713 5.800000000000001 0.31495052612385877 3.323155557089713 5.9 -0.09718284413377232 3.323155557089713 6.0 0.15797555862442847 3.323155557089713 6.1000000000000005 -1.2987320631405463 3.323155557089713
CURRENT_TIME 0.28510450887394734
LAST_COMP 0.0034588582832620896
OK 1
A_POS 4.9 0.22652454060115357 3.323155557089713
A_TIME 0.7751045088739473
K_VALUE 12
END
CASE
KIND FINDA
NAME finda_fuzz5
USE_STATE_UPDATE 1
USE_ADAPT 1
NUM_REPLANNING 1
EST_COMP 0.02759236917348902
DEFAULT_K 50
ALPHA_K 0.9
K_VALUE_FACTOR 5.0
DC 0.01
ZMIN 0.5
ZMAX 6.0
XMIN -200.0
XMAX 200.0
YMIN -200.0
YMAX 200.0
NPLAN 33
PLAN 0.0 -1.3843721146247971 2.5894335583793744 0.1 0.3272677516619922 2.5894335583793744 0.2 1.5388417908180028 2.5894335583793744 0.30000000000000004 -0.008864253600513461 2.5894335583793744 0.4 0.8066062504291822 2.5894335583793744 0.5 1.9234584039790485 2.5894335583793744 0.6000000000000001 -1.6831240413605797 2.5894335583793744 0.7000000000000001 0.2578841038964401 2.5894335583793744 0.8 0.8444290072933569 2.5894335583793744 0.9 -1.4777435396804743 2.5894335583793744 1.0 0.8866123588779429 2.5894335583793744 1.1 1.7353960284780254 2.5894335583793744 1.2000000000000002 -0.6279474219624182 2.5894335583793744 1.3 -0.6977100775935856 2.5894335583793744 1.4000000000000001 1.1854029882455057 2.5894335583793744 1.5 1.215267858416993 2.5894335583793744 1.6 -1.1542896635843451 2.5894335583793744 1.7000000000000002 1.6713632123375524 2.5894335583793744 1.8 -0.24977242443098202 2.5894335583793744 1.9000000000000001 0.510423382617057 2.5894335583793744 2.0 -0.1393318119468847 2.5894335583793744 2.1 -0.8902970290930479 2.5894335583793744 2.2 0.40667897040932743 2.5894335583793744 2.3000000000000003 -0.6469597535253389 2.5894335583793744 2.4000000000000004 -0.8266888503678129 2.5894335583793744 2.5 0.026903736652631238 2.5894335583793744 2.6 -1.212299831651507 2.5894335583793744 2.7 0.9974890440135566 2.5894335583793744 2.8000000000000003 1.074313202812783 2.5894335583793744 2.9000000000000004 -1.5120007256977601 2.5894335583793744 3.0 -0.6530163309016115 2.5894335583793744 3.1 0.42886993824347686 2.5894335583793744 3.2 0.3642768785342896 2.5894335583793744
CURRENT_TIME 4.6151750589829525
LAST_COMP 0.09512318068081904
OK 1
A_POS 3.2 0.3642768785342896 2.5894335583793744
A_TIME 4.935175058982953
K_VALUE 0
END
CASE
KIND FINDA
NAME finda_fuzz6
USE_STATE_UPDATE 1
USE_ADAPT 0
NUM_REPLANNING 1
EST_COMP 0.007136481296276942
DEFAULT_K 50
ALPHA_K 0.9
K_VALUE_FACTOR 5.0
DC 0.01
ZMIN 0.5
ZMAX 6.0
XMIN -200.0
XMAX 200.0
YMIN -200.0
YMAX 200.0
NPLAN 69
PLAN 0.0 -0.1339509392616134 2.536672614186683 0.1 0.8499585143823798 2.536672614186683 0.2 -0.6227907612143673 2.536672614186683 0.30000000000000004 -1.8589167688960364 2.536672614186683 0.4 1.219884549907749 2.536672614186683 0.5 -1.4470594931450367 2.536672614186683 0.6000000000000001 -0.6864284879893732 2.536672614186683 0.7000000000000001 -1.9527792354579798 2.536672614186683 0.8 1.4096709907804623 2.536672614186683 0.9 -0.885078138048073 2.536672614186683 1.0 0.9645429144479927 2.536672614186683 1.1 1.2816355134815192 2.536672614186683 1.2000000000000002 1.5093946261192435 2.536672614186683 1.3 -0.3608831383338065 2.536672614186683 1.4000000000000001 -1.264913661358372 2.536672614186683 1.5 -0.27507952696506033 2.536672614186683 1.6 0.05001707756837215 2.536672614186683 1.7000000000000002 -0.43736127748518605 2.536672614186683 1.8 -0.912990366364081 2.536672614186683 1.9000000000000001 0.915261908767488 2.536672614186683 2.0 -1.4784679403052277 2.536672614186683 2.1 -0.48719925371711703 2.536672614186683 2.2 0.5890647103025937 2.536672614186683 2.3000000000000003 -0.13220950875755477 2.536672614186683 2.4000000000000004 -1.408066836675189 2.536672614186683 2.5 1.7486723429013655 2.536672614186683 2.6 -1.7255900192559999 2.536672614186683 2.7 1.900070374676095 2.536672614186683 2.8000000000000003 1.0538293070686606 2.536672614186683 2.9000000000000004 -0.46195474735910125 2.536672614186683 3.0 -1.9337231742177474 2.536672614186683 3.1 -0.18593759486199746 2.536672614186683 3.2 1.4848416187926077 2.536672614186683 3.3000000000000003 -0.12720315660354897 2.536672614186683 3.4000000000000004 0.8283637990280677 2.536672614186683 3.5 0.6121075585854339 2.536672614186683 3.6 1.4658482957080556 2.536672614186683 3.7 -0.2486232076128223 2.536672614186683 3.8000000000000003 1.3122575041373987 2.536672614186683 3.9000000000000004 -1.4073159896232657 2.536672614186683 4.0 1.494090858947088 2.536672614186683 4.1000000000000005 0.2467705595682692 2.536672614186683 4.2 0.013409319977500278 2.536672614186683 4.3 1.4749366017510317 2.536672614186683 4.4 1.297842587632421 2.536672614186683 4.5 -1.8442001846491438 2.536672614186683 4.6000000000000005 1.158107191849326 2.536672614186683 4.7 1.371952971766452 2.536672614186683 4.800000000000001 -1.514022725823068 2.536672614186683 4.9 0.1570626448418544 2.536672614186683 5.0 0.3567351510682779 2.536672614186683 5.1000000000000005 -0.40750222962160043 2.536672614186683 5.2 0.3241110640987599 2.536672614186683 5.300000000000001 0.07758987027657405 2.536672614186683 5.4 0.9465471425456955 2.536672614186683 5.5 1.202489013778116 2.536672614186683 5.6000000000000005 0.40981709447775083 2.536672614186683 5.7 0.7788139120795234 2.536672614186683 5.800000000000001 1.8486117278983332 2.536672614186683 5.9 1.8304679638204497 2.536672614186683 6.0 -0.8931931607081771 2.536672614186683 6.1000000000000005 -0.021353899283942823 2.536672614186683 6.2 -1.8255791769185064 2.536672614186683 6.300000000000001 1.4661016315463158 2.536672614186683 6.4 -1.1274298627002644 2.536672614186683 6.5 1.7952654236977001 2.536672614186683 6.6000000000000005 -1.8125800375059966 2.536672614186683 6.7 1.374304063113537 2.536672614186683 6.800000000000001 -1.9940144658950927 2.536672614186683
CURRENT_TIME 1.2838140887451392
LAST_COMP 0.029697055104024553
OK 1
A_POS 4.9 0.1570626448418544 2.536672614186683
A_TIME 1.7738140887451392
K_VALUE 19
END
CASE
KIND FINDA
NAME finda_fuzz7
USE_STATE_UPDATE 1
USE_ADAPT 0
NUM_REPLANNING 2
EST_COMP 0.023150170422936763
DEFAULT_K 50
ALPHA_K 0.9
K_VALUE_FACTOR 5.0
DC 0.01
ZMIN 0.5
ZMAX 6.0
XMIN -200.0
XMAX 200.0
YMIN -200.0
YMAX 200.0
NPLAN 23
PLAN 0.0 1.462415302655673 1.9519987526337954 0.1 0.5675392701617628 1.9519987526337954 0.2 0.4877434421410065 1.9519987526337954 0.30000000000000004 -0.6205469843667251 1.9519987526337954 0.4 0.4320323627809164 1.9519987526337954 0.5 1.5925791313730677 1.9519987526337954 0.6000000000000001 -1.3696385968186342 1.9519987526337954 0.7000000000000001 -0.7489366590439377 1.9519987526337954 0.8 -0.0022275800325699535 1.9519987526337954 0.9 -0.23854376437817137 1.9519987526337954 1.0 0.2199472714924866 1.9519987526337954 1.1 -1.4360264135376228 1.9519987526337954 1.2000000000000002 -1.1895864755842744 1.9519987526337954 1.3 0.2972250318026597 1.9519987526337954 1.4000000000000001 1.4441231026468402 1.9519987526337954 1.5 -0.17961696576705144 1.9519987526337954 1.6 -1.1124985263113865 1.9519987526337954 1.7000000000000002 1.7011296520653487 1.9519987526337954 1.8 -1.0132800717006267 1.9519987526337954 1.9000000000000001 -0.48170045489493507 1.9519987526337954 2.0 0.054915648184754584 1.9519987526337954 2.1 1.7119688126639137 1.9519987526337954 2.2 0.3501442407507853 1.9519987526337954
CURRENT_TIME 3.788451463229492
LAST_COMP 0.0016460964807576306
OK 1
A_POS 2.2 0.3501442407507853 1.9519987526337954
A_TIME 4.008451463229492
K_VALUE 0
END
CASE
KIND FINDA
NAME finda_fuzz8
USE_STATE_UPDATE 1
USE_ADAPT 1
NUM_REPLANNING 2
EST_COMP 0.0269092294478106
DEFAULT_K 50
ALPHA_K 0.9
K_VALUE_FACTOR 5.0
DC 0.01
ZMIN 0.5
ZMAX 6.0
XMIN -200.0
XMAX 200.0
YMIN -200.0
YMAX 200.0
NPLAN 32
PLAN 0.0 -1.1304861084902948 2.7763166011138254 0.1 0.7508097890925924 2.7763166011138254 0.2 -0.6442837600356923 2.7763166011138254 0.30000000000000004 -0.5253336030214055 2.7763166011138254 0.4 0.2966330275132667 2.7763166011138254 0.5 1.7252334542770913 2.7763166011138254 0.6000000000000001 1.1204007421512854 2.7763166011138254 0.7000000000000001 -1.165001795009601 2.7763166011138254 0.8 -0.9100638372996186 2.7763166011138254 0.9 -0.0508005631822086 2.7763166011138254 1.0 0.49425858472470363 2.7763166011138254 1.1 1.4792796483455493 2.7763166011138254 1.2000000000000002 -0.33640763134201546 2.7763166011138254 1.3 -0.9689455148803012 2.7763166011138254 1.4000000000000001 0.8441185295017739 2.7763166011138254 1.5 1.7133534447190657 2.7763166011138254 1.6 -0.13060549092015483 2.7763166011138254 1.7000000000000002 -1.69469683825481 2.7763166011138254 1.8 0.7204276276024197 2.7763166011138254 1.9000000000000001 -0.7247277603433879 2.7763166011138254 2.0 0.6207466314262922 2.7763166011138254 2.1 -0.5035951399459937 2.7763166011138254 2.2 1.1137918370284199 2.7763166011138254 2.3000000000000003 1.5482576359355864 2.7763166011138254 2.4000000000000004 -0.5032729666472182 2.7763166011138254 2.5 -0.40588261493373823 2.7763166011138254 2.6 1.4039294183049527 2.7763166011138254 2.7 0.8691178569391322 2.7763166011138254 2.8000000000000003 0.11671055892382043 2.7763166011138254 2.9000000000000004 -1.3636919630871702 2.7763166011138254 3.0 1.8658968147182247 2.7763166011138254 3.1 1.3683035772835161 2.7763166011138254
CURRENT_TIME 1.9990504892099699
LAST_COMP 0.0692334802568579
OK 1
A_POS 3.1 1.3683035772835161 2.7763166011138254
A_TIME 2.30905048920997
K_VALUE 0
END
CASE
KIND FINDA
NAME finda_fuzz9
USE_STATE_UPDATE 1
USE_ADAPT 0
NUM_REPLANNING 1
EST_COMP 0.04346121132865882
DEFAULT_K 50
ALPHA_K 0.9
K_VALUE_FACTOR 5.0
DC 0.01
ZMIN 0.5
ZMAX 6.0
XMIN -200.0
XMAX 200.0
YMIN -200.0
YMAX 200.0
NPLAN 73
PLAN 0.0 1.3616907300988834 3.8114904947960526 0.1 0.9955358820175793 3.8114904947960526 0.2 0.24260375888069285 3.8114904947960526 0.30000000000000004 0.07466385993628277 3.8114904947960526 0.4 -0.15936465851959225 3.8114904947960526 0.5 -0.16553317067660434 3.8114904947960526 0.6000000000000001 -0.49822888352388217 3.8114904947960526 0.7000000000000001 -1.76376536632417 3.8114904947960526 0.8 1.9234219755996969 3.8114904947960526 0.9 1.297725439805396 3.8114904947960526 1.0 0.5779124734985839 3.8114904947960526 1.1 0.7733479824263818 3.8114904947960526 1.2000000000000002 0.43135103894143345 3.8114904947960526 1.3 1.7283653272149082 3.8114904947960526 1.4000000000000001 -1.6012444985813272 3.8114904947960526 1.5 -1.87525094956669 3.8114904947960526 1.6 0.5313969630890298 3.8114904947960526 1.7000000000000002 1.9179453828313933 3.8114904947960526 1.8 0.5844921587703178 3.8114904947960526 1.9000000000000001 -1.671095874046832 3.8114904947960526 2.0 -0.32685404299748644 3.8114904947960526 2.1 0.9956760326678991 3.8114904947960526 2.2 1.3665451397693542 3.8114904947960526 2.3000000000000003 0.20510533072788384 3.8114904947960526 2.4000000000000004 -0.6418895613021727 3.8114904947960526 2.5 0.5100662113300247 3.8114904947960526 2.6 -1.6627506108245846 3.8114904947960526 2.7 1.2027861714411658 3.8114904947960526 2.8000000000000003 0.4060023825850161 3.8114904947960526 2.9000000000000004 0.7358542985708048 3.8114904947960526 3.0 -1.9692889162066258 3.8114904947960526 3.1 -0.5570873276631101 3.8114904947960526 3.2 1.509552132623487 3.8114904947960526 3.3000000000000003 -1.8265988676675122 3.8114904947960526 3.4000000000000004 -1.033274535656255 3.8114904947960526 3.5 -0.7111786456902705 3.8114904947960526 3.6 0.9898232489966365 3.8114904947960526 3.7 -1.3931068671946392 3.8114904947960526 3.8000000000000003 -1.6941164701287876 3.8114904947960526 3.9000000000000004 1.297841809213368 3.8114904947960526 4.0 1.401319551750945 3.8114904947960526 4.1000000000000005 -0.9783578758810636 3.8114904947960526 4.2 -1.8117748205638118 3.8114904947960526 4.3 -0.14331760114480785 3.8114904947960526 4.4 0.2875457471111167 3.8114904947960526 4.5 1.97740060605933 3.8114904947960526 4.6000000000000005 1.1838856612399975 3.8114904947960526 4.7 -0.7953663844852361 3.8114904947960526 4.800000000000001 -0.011152650981615775 3.8114904947960526 4.9 1.1238879648296183 3.8114904947960526 5.0 -0.03850026978922472 3.8114904947960526 5.1000000000000005 0.7748420164066956 3.8114904947960526 5.2 -0.2188489749936786 3.8114904947960526 5.300000000000001 0.641868407249897 3.8114904947960526 5.4 0.05684623749284912 3.8114904947960526 5.5 1.1780762314039204 3.8114904947960526 5.6000000000000005 1.02821378039298 3.8114904947960526 5.7 -1.4841525859964961 3.8114904947960526 5.800000000000001 0.6609722714162474 3.8114904947960526 5.9 0.9420449677544398 3.8114904947960526 6.0 0.4440465197592993 3.8114904947960526 6.1000000000000005 0.7727118900204184 3.8114904947960526 6.2 0.7266034461673461 3.8114904947960526 6.300000000000001 -0.51329007110829 3.8114904947960526 6.4 0.7912354541586804 3.8114904947960526 6.5 1.5415656391075099 3.8114904947960526 6.6000000000000005 -0.6127880084939901 3.8114904947960526 6.7 -0.7808623783613466 3.8114904947960526 6.800000000000001 1.4015441697263955 3.8114904947960526 6.9 0.11867285299719965 3.8114904947960526 7.0 -0.4480819505241276 3.8114904947960526 7.1000000000000005 -1.2244281572611722 3.8114904947960526 7.2 1.1627570349871075 3.8114904947960526
CURRENT_TIME 3.901588014866147
LAST_COMP 0.08285402547012014
OK 1
A_POS 4.9 1.1238879648296183 3.8114904947960526
A_TIME 4.391588014866147
K_VALUE 23
END
CASE
KIND SAFESUB
NAME safesub_no_unk
DRONE_RADIUS 0.2
OBST_MAX_VEL 0.5
TRAJ_MAX_TIME 0.5
NPATH 5
PATH 0.0 0.0 2.0 1.0 0.0 2.0 2.0 0.0 2.0 3.0 0.0 2.0 4.0 0.0 2.0
NUNK 0
UNK
NOUT 5
OUT 0.0 0.0 2.0 1.0 0.0 2.0 2.0 0.0 2.0 3.0 0.0 2.0 4.0 0.0 2.0
END
CASE
KIND SAFESUB
NAME safesub_blob
DRONE_RADIUS 0.2
OBST_MAX_VEL 0.5
TRAJ_MAX_TIME 0.5
NPATH 5
PATH 0.0 0.0 2.0 1.0 0.0 2.0 2.0 0.0 2.0 3.0 0.0 2.0 4.0 0.0 2.0
NUNK 1
UNK 2.5 0.05 2.0
NOUT 3
OUT 0.0 0.0 2.0 1.0 0.0 2.0 2.0 0.0 2.0
END
CASE
KIND SAFESUB
NAME safesub_unk_start
DRONE_RADIUS 0.2
OBST_MAX_VEL 0.5
TRAJ_MAX_TIME 0.5
NPATH 5
PATH 0.0 0.0 2.0 1.0 0.0 2.0 2.0 0.0 2.0 3.0 0.0 2.0 4.0 0.0 2.0
NUNK 1
UNK 0.05 0.0 2.0
NOUT 1
OUT 0.0 0.0 2.0
END
CASE
KIND SAFESUB
NAME safesub_big_inflate
DRONE_RADIUS 0.2
OBST_MAX_VEL 0.5
TRAJ_MAX_TIME 3.0
NPATH 5
PATH 0.0 0.0 2.0 1.0 0.0 2.0 2.0 0.0 2.0 3.0 0.0 2.0 4.0 0.0 2.0
NUNK 1
UNK 3.05 0.0 2.0
NOUT 4
OUT 0.0 0.0 2.0 1.0 0.0 2.0 2.0 0.0 2.0 1.3000000000000003 0.0 2.0
END
CASE
KIND SAFESUB
NAME safesub_single
DRONE_RADIUS 0.2
OBST_MAX_VEL 0.5
TRAJ_MAX_TIME 0.5
NPATH 1
PATH 1.0 1.0 2.0
NUNK 1
UNK 5.0 5.0 5.0
NOUT 1
OUT 1.0 1.0 2.0
END
CASE
KIND SAFESUB
NAME safesub_empty
DRONE_RADIUS 0.2
OBST_MAX_VEL 0.5
TRAJ_MAX_TIME 0.5
NPATH 0
PATH
NUNK 1
UNK 0.0 0.0 0.0
NOUT 0
OUT
END
CASE
KIND SAFESUB
NAME safesub_diag
DRONE_RADIUS 0.2
OBST_MAX_VEL 0.5
TRAJ_MAX_TIME 0.5
NPATH 5
PATH 0.0 0.0 1.0 1.0 1.0 1.5 2.0 2.0 2.0 3.0 3.0 2.5 4.0 4.0 3.0
NUNK 1
UNK 2.05 2.05 2.0
NOUT 3
OUT 0.0 0.0 1.0 1.0 1.0 1.5 1.7333333333333332 1.7333333333333332 1.8666666666666667
END
CASE
KIND SAFESUB
NAME safesub_fuzz0
DRONE_RADIUS 0.3015220522159131
OBST_MAX_VEL 0.47253071375157835
TRAJ_MAX_TIME 0.284296534214948
NPATH 6
PATH 0.0 0.0 2.0 1.1650770260156649 0.2756456224260012 2.0 2.3301540520313297 0.21758350141956642 2.0 3.4952310780469946 -0.10389401007196183 2.0 4.6603081040626595 -0.2995932293050356 2.0 5.825385130078324 -0.1325927632715346 2.0
NUNK 1
UNK 2.2714120128342827 0.23912275856891502 1.927842051343221
NOUT 3
OUT 0.0 0.0 2.0 1.1650770260156649 0.2756456224260012 2.0 1.764333339787226 0.24578142304077824 2.0
END
CASE
KIND SAFESUB
NAME safesub_fuzz1
DRONE_RADIUS 0.28094573182765503
OBST_MAX_VEL 0.42501819062200297
TRAJ_MAX_TIME 0.5816766395879597
NPATH 7
PATH 0.0 0.0 2.0 0.8683020644183631 0.22896988855163677 2.0 1.7366041288367262 0.29588560504550643 2.0 2.6049061932550894 0.15338733678894198 2.0 3.4732082576734524 -0.0976713104096429 2.0 4.341510322091816 -0.27960277480548845 2.0 5.209812386510179 -0.2636444797103633 2.0
NUNK 1
UNK 5.17335805498716 -0.2104447946137132 2.0992788280838828
NOUT 7
OUT 0.0 0.0 2.0 0.8683020644183631 0.22896988855163677 2.0 1.7366041288367262 0.29588560504550643 2.0 2.6049061932550894 0.15338733678894198 2.0 3.4732082576734524 -0.0976713104096429 2.0 4.341510322091816 -0.27960277480548845 2.0 4.641459668228881 -0.2740900847228598 2.0
END
CASE
KIND SAFESUB
NAME safesub_fuzz2
DRONE_RADIUS 0.16510830953768274
OBST_MAX_VEL 0.7712612564304879
TRAJ_MAX_TIME 1.1423218094007332
NPATH 7
PATH 0.0 0.0 2.0 0.7055180582915943 0.19452849052087243 2.0 1.4110361165831886 0.29617963736158043 2.0 2.116554174874783 0.25642024892984017 2.0 2.8220722331663772 0.09423338716172137 2.0 3.5275902914579715 -0.11294506767397483 2.0 4.233108349749566 -0.2661980649109055 2.0
NUNK 1
UNK 4.107338516390028 -0.14670106781080647 2.135373472566045
NOUT 7
OUT 0.0 0.0 2.0 0.7055180582915943 0.19452849052087243 2.0 1.4110361165831886 0.29617963736158043 2.0 2.116554174874783 0.25642024892984017 2.0 2.8220722331663772 0.09423338716172137 2.0 3.5275902914579715 -0.11294506767397483 2.0 3.0478474189050977 0.0279335191826402 2.0
END
CASE
KIND SAFESUB
NAME safesub_fuzz3
DRONE_RADIUS 0.2145434395869426
OBST_MAX_VEL 0.6496703166697066
TRAJ_MAX_TIME 0.546512868482204
NPATH 6
PATH 0.0 0.0 2.0 0.7216479445292967 0.19818681305906516 2.0 1.4432958890585934 0.29756484733321853 2.0 2.1649438335878903 0.2485878083283469 2.0 2.886591778117187 0.0756738767390967 2.0 3.6082397226464837 -0.13496831351225572 2.0
NUNK 3
UNK 0.794375972972416 0.3371094745911213 2.025812606779519 1.5630444051976504 0.2852562226328491 2.1019276768638475 3.664769437997523 -0.15791376412206456 1.8760667880645494
NOUT 2
OUT 0.0 0.0 2.0 0.1928592673553593 0.05296511111244932 2.0
END
CASE
KIND SAFESUB
NAME safesub_fuzz4
DRONE_RADIUS 0.3958460270129337
OBST_MAX_VEL 0.3098724311339448
TRAJ_MAX_TIME 0.8069628970306386
NPATH 5
PATH 0.0 0.0 2.0 0.8764684429307059 0.23054518249991623 2.0 1.7529368858614118 0.29503746471676534 2.0 2.6294053287921177 0.1470255159748965 2.0 3.5058737717228237 -0.10688330330016965 2.0
NUNK 0
UNK
NOUT 5
OUT 0.0 0.0 2.0 0.8764684429307059 0.23054518249991623 2.0 1.7529368858614118 0.29503746471676534 2.0 2.6294053287921177 0.1470255159748965 2.0 3.5058737717228237 -0.10688330330016965 2.0
END
CASE
KIND SAFESUB
NAME safesub_fuzz5
DRONE_RADIUS 0.2339500927621892
OBST_MAX_VEL 0.40022084304679684
TRAJ_MAX_TIME 1.3980597196829752
NPATH 5
PATH 0.0 0.0 2.0 0.9427685290040979 0.2427563546124429 2.0 1.8855370580081958 0.28526300180920133 2.0 2.8283055870122937 0.092456209981841 2.0 3.7710741160163916 -0.17661770583980002 2.0
NUNK 3
UNK 1.8909356845998528 0.19867803475224555 2.1098684732191524 2.0058186197175782 0.36593304111753533 1.9701089506010088 2.7096457614497207 0.20919583510301493 2.0857918660146977
NOUT 3
OUT 0.0 0.0 2.0 0.9427685290040979 0.2427563546124429 2.0 1.0426670416268937 0.24726048335762257 2.0
END
CASE
KIND SAFESUB
NAME safesub_fuzz6
DRONE_RADIUS 0.26946093950822503
OBST_MAX_VEL 0.4878163913631596
TRAJ_MAX_TIME 0.45098010416143364
NPATH 4
PATH 0.0 0.0 2.0 1.1222897176016402 0.27032870146364824 2.0 2.2445794352032804 0.23444004155698422 2.0 3.3668691528049206 -0.06701276502161498 2.0
NUNK 3
UNK 3.318113014858113 0.042964326977937464 2.0807682715501894 1.1093055195054213 0.260334888236278 2.051498086768266 2.2889856850470798 0.08897082941396978 2.1285568269871247
NOUT 2
OUT 0.0 0.0 2.0 0.5833166920468967 0.14050493507156936 2.0
END
CASE
KIND SAFESUB
NAME safesub_fuzz7
DRONE_RADIUS 0.28173412318499
OBST_MAX_VEL 0.2844227160946922
TRAJ_MAX_TIME 1.5169649075917269
NPATH 3
PATH 0.0 0.0 2.0 1.8451251431333004 0.2887821716105217 2.0 3.690250286266601 -0.15646270718569658 2.0
NUNK 2
UNK 3.6430874963822664 -0.127843069058114 1.8918844924149676 3.641996253613712 -0.06683980367417969 2.068402075939763
NOUT 3
OUT 0.0 0.0 2.0 1.8451251431333004 0.2887821716105217 2.0 2.914432774854136 0.030748862242183206 2.0
END
CASE
KIND SAFESUB
NAME safesub_fuzz8
DRONE_RADIUS 0.3845598609055022
OBST_MAX_VEL 0.3047900144525076
TRAJ_MAX_TIME 0.924709259681721
NPATH 3
PATH 0.0 0.0 2.0 3.4087688306496844 -0.07920265754556575 2.0 6.817537661299369 0.15278513493264997 2.0
NUNK 1
UNK 6.773306880243753 0.0347090877822781 1.987850267052158
NOUT 3
OUT 0.0 0.0 2.0 3.4087688306496844 -0.07920265754556575 2.0 6.1025377481256005 0.10412497059769128 2.0
END
CASE
KIND SAFESUB
NAME safesub_fuzz9
DRONE_RADIUS 0.10242638793991383
OBST_MAX_VEL 0.49935272659924756
TRAJ_MAX_TIME 1.7691862974879304
NPATH 6
PATH 0.0 0.0 2.0 1.2202018533354595 0.2817506109681041 2.0 2.440403706670919 0.1935379765362358 2.0 3.6606055600063785 -0.1488069831511589 2.0 4.880807413341838 -0.29575533221322964 2.0 6.1010092666772975 -0.054351009478112 2.0
NUNK 2
UNK 2.5735663552721237 0.19396665112726388 1.8998428350284564 2.3186446656089212 0.24701556421104834 2.05230823222565
NOUT 3
OUT 0.0 0.0 2.0 1.2202018533354595 0.2817506109681041 2.0 1.3199415558561916 0.2745400810932689 2.0
END
CASE
KIND OBSTTIME
NAME obsttime_human_lin
STATE_POS 0.0 0.0 2.0
CURRENT_TIME 0.0
WORST_TRAJ_TIME 1.5
HORIZON 15.0
MAP_INIT 1
MAP_CENTER 0.0 0.0 2.0
WDX 40.0
WDY 40.0
WDZ 20.0
FACTOR_LAST 1.9000000000000001
NTRAJ 1
TRAJ0_ID 5
TRAJ0_MODE Analytic
TRAJ0_TX 1.0 + 0.5*t
TRAJ0_TY 0.0
TRAJ0_TZ 2.0
TRAJ0_TVX _
TRAJ0_TVY _
TRAJ0_TVZ _
TRAJ0_BBOX 0.5 0.5 0.5
TRAJ0_TIME_RECEIVED 0.0
TH 2.85
NSEL 1
OPOS 1.0 0.0 2.0
OBBOX 0.5 0.5 0.5
OCLASS human
OVEL 0.49999999999994493 0.0 0.0
OACCEL -2.7755575615628914e-11 0.0 0.0
NPTIMES 7
PTIMES 0.0 0.475 0.95 1.425 1.9 2.375 2.85
NPRED 1
PRED0 1.0 0.0 2.0 1.2375 0.0 2.0 1.475 0.0 2.0 1.7125 0.0 2.0 1.95 0.0 2.0 2.1875 0.0 2.0 2.425 0.0 2.0
END
CASE
KIND OBSTTIME
NAME obsttime_wall_static
STATE_POS 0.0 0.0 2.0
CURRENT_TIME 0.0
WORST_TRAJ_TIME 1.5
HORIZON 15.0
MAP_INIT 1
MAP_CENTER 0.0 0.0 2.0
WDX 40.0
WDY 40.0
WDZ 20.0
FACTOR_LAST 1.9000000000000001
NTRAJ 1
TRAJ0_ID 210
TRAJ0_MODE Analytic
TRAJ0_TX 3.0
TRAJ0_TY 1.0
TRAJ0_TZ 2.0
TRAJ0_TVX _
TRAJ0_TVY _
TRAJ0_TVZ _
TRAJ0_BBOX 1.0 0.5 2.0
TRAJ0_TIME_RECEIVED 0.0
TH 2.85
NSEL 1
OPOS 3.0 1.0 2.0
OBBOX 1.0 0.5 2.0
OCLASS wall
OVEL 0.0 0.0 0.0
OACCEL 0.0 0.0 0.0
NPTIMES 7
PTIMES 0.0 0.475 0.95 1.425 1.9 2.375 2.85
NPRED 1
PRED0 3.0 1.0 2.0 3.0 1.0 2.0 3.0 1.0 2.0 3.0 1.0 2.0 3.0 1.0 2.0 3.0 1.0 2.0 3.0 1.0 2.0
END
CASE
KIND OBSTTIME
NAME obsttime_mixed
STATE_POS 0.0 0.0 2.0
CURRENT_TIME 0.5
WORST_TRAJ_TIME 1.0
HORIZON 15.0
MAP_INIT 1
MAP_CENTER 0.0 0.0 2.0
WDX 40.0
WDY 40.0
WDZ 20.0
FACTOR_LAST 1.9000000000000001
NTRAJ 4
TRAJ0_ID 5
TRAJ0_MODE Analytic
TRAJ0_TX 1.0 + 0.5*t
TRAJ0_TY 0.0
TRAJ0_TZ 2.0
TRAJ0_TVX _
TRAJ0_TVY _
TRAJ0_TVZ _
TRAJ0_BBOX 0.5 0.5 0.5
TRAJ0_TIME_RECEIVED 0.0
TRAJ1_ID 210
TRAJ1_MODE Analytic
TRAJ1_TX 3.0
TRAJ1_TY 1.0
TRAJ1_TZ 2.0
TRAJ1_TVX _
TRAJ1_TVY _
TRAJ1_TVZ _
TRAJ1_BBOX 1.0 0.5 2.0
TRAJ1_TIME_RECEIVED 0.0
TRAJ2_ID 7
TRAJ2_MODE Analytic
TRAJ2_TX 2.0
TRAJ2_TY 0.0 + 0.3*t
TRAJ2_TZ 2.0
TRAJ2_TVX _
TRAJ2_TVY _
TRAJ2_TVZ _
TRAJ2_BBOX 0.5 0.5 0.5
TRAJ2_TIME_RECEIVED 0.0
TRAJ3_ID 8
TRAJ3_MODE Analytic
TRAJ3_TX 100.0
TRAJ3_TY 0.0
TRAJ3_TZ 2.0
TRAJ3_TVX _
TRAJ3_TVY _
TRAJ3_TVZ _
TRAJ3_BBOX 0.5 0.5 0.5
TRAJ3_TIME_RECEIVED 0.0
TH 1.9000000000000001
NSEL 3
OPOS 1.25 0.0 2.0 3.0 1.0 2.0 2.0 0.15 2.0
OBBOX 0.5 0.5 0.5 1.0 0.5 2.0 0.5 0.5 0.5
OCLASS human wall human
OVEL 0.49999999999994493 0.0 0.0 0.0 0.0 0.0 0.0 0.2999999999999947 0.0
OACCEL 0.0 0.0 0.0 0.0 0.0 0.0 0.0 0.0 0.0
NPTIMES 5
PTIMES 0.0 0.47500000000000003 0.9500000000000001 1.425 1.9000000000000001
NPRED 3
PRED0 1.25 0.0 2.0 1.4875 0.0 2.0 1.725 0.0 2.0 1.9625 0.0 2.0 2.2 0.0 2.0
PRED1 3.0 1.0 2.0 3.0 1.0 2.0 3.0 1.0 2.0 3.0 1.0 2.0 3.0 1.0 2.0
PRED2 2.0 0.15 2.0 2.0 0.29250000000000004 2.0 2.0 0.43500000000000005 2.0 2.0 0.5775 2.0 2.0 0.7200000000000001 2.0
END
CASE
KIND OBSTTIME
NAME obsttime_no_pred
STATE_POS 0.0 0.0 2.0
CURRENT_TIME 0.0
WORST_TRAJ_TIME 0.0
HORIZON 15.0
MAP_INIT 1
MAP_CENTER 0.0 0.0 2.0
WDX 40.0
WDY 40.0
WDZ 20.0
FACTOR_LAST 1.9000000000000001
NTRAJ 1
TRAJ0_ID 5
TRAJ0_MODE Analytic
TRAJ0_TX 1.0 + 0.5*t
TRAJ0_TY 0.0
TRAJ0_TZ 2.0
TRAJ0_TVX _
TRAJ0_TVY _
TRAJ0_TVZ _
TRAJ0_BBOX 0.5 0.5 0.5
TRAJ0_TIME_RECEIVED 0.0
TH 0.0
NSEL 1
OPOS 1.0 0.0 2.0
OBBOX 0.5 0.5 0.5
OCLASS human
OVEL 0.49999999999994493 0.0 0.0
OACCEL -2.7755575615628914e-11 0.0 0.0
NPTIMES 0
PTIMES
NPRED 0
END
CASE
KIND OBSTTIME
NAME obsttime_sin
STATE_POS 0.0 0.0 2.0
CURRENT_TIME 0.3
WORST_TRAJ_TIME 2.0
HORIZON 15.0
MAP_INIT 1
MAP_CENTER 0.0 0.0 2.0
WDX 40.0
WDY 40.0
WDZ 20.0
FACTOR_LAST 1.9000000000000001
NTRAJ 1
TRAJ0_ID 9
TRAJ0_MODE Analytic
TRAJ0_TX 2.0 + sin(t)
TRAJ0_TY cos(t)
TRAJ0_TZ 2.0
TRAJ0_TVX _
TRAJ0_TVY _
TRAJ0_TVZ _
TRAJ0_BBOX 0.5 0.5 0.5
TRAJ0_TIME_RECEIVED 0.0
TH 3.8000000000000003
NSEL 1
OPOS 2.2955202066613394 0.955336489125606 2.0
OBBOX 0.5 0.5 0.5
OCLASS human
OVEL 0.9553363299028561 -0.2955201574080246 0.0
OACCEL -0.2955201080512282 -0.9553361706438057 0.0
NPTIMES 9
PTIMES 0.0 0.47500000000000003 0.9500000000000001 1.425 1.9000000000000001 2.375 2.85 3.325 3.8000000000000003
NPRED 1
PRED0 2.2955202066613394 0.955336489125606 2.0 2.6997160753466036 0.7144210340559314 2.0 2.948984619355586 0.3153223623952687 2.0 2.9881341545039075 -0.1535932703696606 2.0 2.80849640381959 -0.5885011172553458 2.0 2.449845780246627 -0.8931062501149026 2.0 1.9915927526328514 -0.999964658471342 2.0 1.535201211968391 -0.8854163352030204 2.0 1.1817228889355893 -0.5748239465332685 2.0
END
CASE
KIND OBSTTIME
NAME obsttime_expl_vel
STATE_POS 0.0 0.0 2.0
CURRENT_TIME 0.7
WORST_TRAJ_TIME 1.2
HORIZON 15.0
MAP_INIT 1
MAP_CENTER 0.0 0.0 2.0
WDX 40.0
WDY 40.0
WDZ 20.0
FACTOR_LAST 1.9000000000000001
NTRAJ 1
TRAJ0_ID 11
TRAJ0_MODE Analytic
TRAJ0_TX 1.0 + t
TRAJ0_TY 0.5*t
TRAJ0_TZ 2.0
TRAJ0_TVX 1.0
TRAJ0_TVY 0.5
TRAJ0_TVZ 0.0
TRAJ0_BBOX 0.5 0.5 0.5
TRAJ0_TIME_RECEIVED 0.0
TH 2.2800000000000002
NSEL 1
OPOS 1.7 0.35 2.0
OBBOX 0.5 0.5 0.5
OCLASS human
OVEL 1.0 0.5 0.0
OACCEL 0.0 0.0 0.0
NPTIMES 6
PTIMES 0.0 0.45600000000000007 0.9120000000000001 1.368 1.8240000000000003 2.2800000000000002
NPRED 1
PRED0 1.7 0.35 2.0 2.156 0.5780000000000001 2.0 2.612 0.806 2.0 3.068 1.034 2.0 3.524 1.262 2.0 3.9800000000000004 1.4900000000000002 2.0
END
CASE
KIND OBSTSNAP
NAME snap_human
N 1
IN0_POS 2.0 0.0 2.0
IN0_BBOX 0.6 0.6 1.8
IN0_CLASS human
IN0_VEL 0.3 0.0 0.0
IN0_ACCEL 0.0 0.1 0.0
NOUT 1
OUT0_KIND sphere
OUT0_C0 2.0 0.0 2.0
OUT0_R 0.9
OUT0_VEL 0.3 0.0 0.0
OUT0_ACC 0.0 0.1 0.0
OUT0_CLASS human
END
CASE
KIND OBSTSNAP
NAME snap_wall
N 1
IN0_POS 3.0 1.0 2.0
IN0_BBOX 1.0 0.4 2.0
IN0_CLASS wall
IN0_VEL 0.0 0.0 0.0
IN0_ACCEL 0.0 0.0 0.0
NOUT 1
OUT0_KIND aabb
OUT0_LO 2.5 0.8 1.0
OUT0_HI 3.5 1.2 3.0
OUT0_CLASS wall
END
CASE
KIND OBSTSNAP
NAME snap_missing_class
N 1
IN0_POS 1.0 1.0 1.0
IN0_BBOX 0.5 0.5 0.5
IN0_CLASS _
IN0_VEL 0 0 0
IN0_ACCEL 0 0 0
NOUT 1
OUT0_KIND sphere
OUT0_C0 1.0 1.0 1.0
OUT0_R 0.25
OUT0_VEL 0.0 0.0 0.0
OUT0_ACC 0.0 0.0 0.0
OUT0_CLASS human
END
CASE
KIND OBSTSNAP
NAME snap_mixed
N 3
IN0_POS 2.0 0.0 2.0
IN0_BBOX 0.6 0.6 1.8
IN0_CLASS human
IN0_VEL 0.3 0.0 0.0
IN0_ACCEL 0.0 0.1 0.0
IN1_POS 4.0 1.0 2.0
IN1_BBOX 1.0 0.4 2.0
IN1_CLASS wall
IN1_VEL 0.0 0.0 0.0
IN1_ACCEL 0.0 0.0 0.0
IN2_POS 0.0 3.0 1.0
IN2_BBOX 0.5 0.5 0.5
IN2_CLASS human
IN2_VEL -0.2 0.4 0.0
IN2_ACCEL 0.1 0.0 0.0
NOUT 3
OUT0_KIND sphere
OUT0_C0 2.0 0.0 2.0
OUT0_R 0.9
OUT0_VEL 0.3 0.0 0.0
OUT0_ACC 0.0 0.1 0.0
OUT0_CLASS human
OUT1_KIND aabb
OUT1_LO 3.5 0.8 1.0
OUT1_HI 4.5 1.2 3.0
OUT1_CLASS wall
OUT2_KIND sphere
OUT2_C0 0.0 3.0 1.0
OUT2_R 0.25
OUT2_VEL -0.2 0.4 0.0
OUT2_ACC 0.1 0.0 0.0
OUT2_CLASS human
END
CASE
KIND OBSTSNAP
NAME snap_fuzz0
N 4
IN0_POS -3.2908488323537783 2.7808250697262435 3.7472414544544828
IN0_BBOX 1.03641325784304 1.4923725970693749 1.1623483453920014
IN0_CLASS human
IN0_VEL -0.06683574825179138 0.11362458296008615 -0.34708125138922225
IN0_ACCEL -0.07491458620606842 -0.08153026550988057 0.07410324817214266
IN1_POS 1.5450749414841196 3.805918850223094 -1.2294957984526569
IN1_BBOX 0.48674576047875084 0.3376574096487469 0.5470029815401033
IN1_CLASS wall
IN1_VEL -0.10810317355397486 -0.09744065995551618 -0.13764129931010693
IN1_ACCEL 0.06789040964557073 -0.019451060029719903 0.16899093872160506
IN2_POS -0.9697647305147123 1.086957524935256 2.029041250707608
IN2_BBOX 0.7589327114792184 1.0148341082722039 0.6069422353902099
IN2_CLASS wall
IN2_VEL 0.14201486719449502 -0.10324931097221136 0.09659117731198613
IN2_ACCEL -0.17771352344961092 -0.2011823167230886 -0.23278223417593547
IN3_POS 1.2013672502063084 2.485243989994874 -0.1497506349010873
IN3_BBOX 0.8876894156248782 0.3865281584845841 0.5574114757466753
IN3_CLASS human
IN3_VEL -0.23914452537335362 0.41936426052007264 -0.4292217705059432
IN3_ACCEL 0.3128766745685155 0.0241781248275032 0.08436913042860711
NOUT 4
OUT0_KIND sphere
OUT0_C0 -3.2908488323537783 2.7808250697262435 3.7472414544544828
OUT0_R 0.7461862985346874
OUT0_VEL -0.06683574825179138 0.11362458296008615 -0.34708125138922225
OUT0_ACC -0.07491458620606842 -0.08153026550988057 0.07410324817214266
OUT0_CLASS human
OUT1_KIND aabb
OUT1_LO 1.301702061244744 3.6370901453987203 -1.5029972892227086
OUT1_HI 1.7884478217234951 3.9747475550474674 -0.9559943076826052
OUT1_CLASS wall
OUT2_KIND aabb
OUT2_LO -1.3492310862543215 0.5795404707991542 1.725570133012503
OUT2_HI -0.5902983747751032 1.5943745790713582 2.3325123684027127
OUT2_CLASS wall
OUT3_KIND sphere
OUT3_C0 1.2013672502063084 2.485243989994874 -0.1497506349010873
OUT3_R 0.4438447078124391
OUT3_VEL -0.23914452537335362 0.41936426052007264 -0.4292217705059432
OUT3_ACC 0.3128766745685155 0.0241781248275032 0.08436913042860711
OUT3_CLASS human
END
CASE
KIND OBSTSNAP
NAME snap_fuzz1
N 1
IN0_POS -3.7039354053125937 -2.384789827058121 -2.002274787798491
IN0_BBOX 0.4250075941351804 0.6717595072744124 0.7347196177026556
IN0_CLASS human
IN0_VEL 0.3608746247681825 -0.35368541849786045 0.1009177780744596
IN0_ACCEL 0.39426028212749437 0.05311572909375986 0.20626445486047354
NOUT 1
OUT0_KIND sphere
OUT0_C0 -3.7039354053125937 -2.384789827058121 -2.002274787798491
OUT0_R 0.3673598088513278
OUT0_VEL 0.3608746247681825 -0.35368541849786045 0.1009177780744596
OUT0_ACC 0.39426028212749437 0.05311572909375986 0.20626445486047354
OUT0_CLASS human
END
CASE
KIND OBSTSNAP
NAME snap_fuzz2
N 4
IN0_POS 1.9568586407632997 0.15948770666149592 2.849081881697189
IN0_BBOX 1.4718163694882223 1.9104663079381548 0.5406782912378512
IN0_CLASS human
IN0_VEL -0.05771982178361797 0.2565492730975176 -0.2589046268970539
IN0_ACCEL -0.15235000246612854 0.1966988015661109 0.06441497193234651
IN1_POS -2.149332112428441 1.1764350296881485 0.8253444804359207
IN1_BBOX 0.9139293626163452 0.40023036611495355 1.1034257616576721
IN1_CLASS human
IN1_VEL 0.01738433841050461 -0.26270867693456595 0.47475753473597826
IN1_ACCEL -0.0356926162582086 0.05418234044271019 -0.19779643947043637
IN2_POS -1.843882890759632 2.3357891847426684 -3.4623235126062815
IN2_BBOX 0.562040616494814 1.0590342679639646 1.839304186058381
IN2_CLASS wall
IN2_VEL -0.05484976706685747 0.1359675373686442 0.10006121769828598
IN2_ACCEL -0.08916435144516495 0.10308411892721905 0.05439414400889064
IN3_POS -2.763731330622022 -1.2379175596725673 -2.216211992260945
IN3_BBOX 0.47268781081712286 1.994605755709825 1.28676830081929
IN3_CLASS wall
IN3_VEL 0.05133286160412866 -0.12958198391809306 0.3871154020969077
IN3_ACCEL -0.003682977002903584 -0.19678683289210153 -0.06090151342375361
NOUT 4
OUT0_KIND sphere
OUT0_C0 1.9568586407632997 0.15948770666149592 2.849081881697189
OUT0_R 0.9552331539690774
OUT0_VEL -0.05771982178361797 0.2565492730975176 -0.2589046268970539
OUT0_ACC -0.15235000246612854 0.1966988015661109 0.06441497193234651
OUT0_CLASS human
OUT1_KIND sphere
OUT1_C0 -2.149332112428441 1.1764350296881485 0.8253444804359207
OUT1_R 0.5517128808288361
OUT1_VEL 0.01738433841050461 -0.26270867693456595 0.47475753473597826
OUT1_ACC -0.0356926162582086 0.05418234044271019 -0.19779643947043637
OUT1_CLASS human
OUT2_KIND aabb
OUT2_LO -2.124903199007039 1.8062720507606862 -4.381975605635472
OUT2_HI -1.562862582512225 2.8653063187246506 -2.5426714195770908
OUT2_CLASS wall
OUT3_KIND aabb
OUT3_LO -3.0000752360305833 -2.23522043752748 -2.85959614267059
OUT3_HI -2.527387425213461 -0.24061468181765489 -1.5728278418513
OUT3_CLASS wall
END
CASE
KIND OBSTSNAP
NAME snap_fuzz3
N 3
IN0_POS -1.1293503670942755 -3.3348484806037257 1.1157219549819812
IN0_BBOX 1.0180589820053245 1.4108757885662293 0.5766181973776671
IN0_CLASS human
IN0_VEL -0.6536257864920715 0.16016425001858303 -0.019553632075695278
IN0_ACCEL 0.08097946412157707 0.11879586086151117 0.2775105862869843
IN1_POS 1.6097668341400615 2.3091809506903482 -2.606220312741672
IN1_BBOX 1.8367316742537518 1.385333453667555 1.8664947845342672
IN1_CLASS wall
IN1_VEL 0.1087437364535028 -0.3294438183656664 -0.47783985509895527
IN1_ACCEL 0.17557680428664024 0.14741345135418257 0.004650404549171968
IN2_POS 1.3660679427789884 3.875797424528443 -3.8549626639260692
IN2_BBOX 1.8181739603084648 1.1424493659457833 1.7229234299896414
IN2_CLASS wall
IN2_VEL 0.6057265340360912 0.0098013034411155 0.39210334778987876
IN2_ACCEL 0.3921826473662639 -0.21563464648462422 -0.11335759021088487
NOUT 3
OUT0_KIND sphere
OUT0_C0 -1.1293503670942755 -3.3348484806037257 1.1157219549819812
OUT0_R 0.7054378942831147
OUT0_VEL -0.6536257864920715 0.16016425001858303 -0.019553632075695278
OUT0_ACC 0.08097946412157707 0.11879586086151117 0.2775105862869843
OUT0_CLASS human
OUT1_KIND aabb
OUT1_LO 0.6914009970131856 1.6165142238565706 -3.5394677050088057
OUT1_HI 2.5281326712669374 3.001847677524126 -1.6729729204745385
OUT1_CLASS wall
OUT2_KIND aabb
OUT2_LO 0.45698096262475596 3.3045727415555515 -4.71642437892089
OUT2_HI 2.2751549229332206 4.4470221075013345 -2.9935009489312483
OUT2_CLASS wall
END
CASE
KIND OBSTSNAP
NAME snap_fuzz4
N 3
IN0_POS -1.5689821718969617 -2.7194142361642317 -1.7613238866418657
IN0_BBOX 1.1629453789217084 1.0172518825179255 0.7373331061081517
IN0_CLASS wall
IN0_VEL 0.08113168089578822 -0.20144184807666868 -0.33851607081565677
IN0_ACCEL -0.0032602295460858956 -0.09767364024911653 -0.009637574034420808
IN1_POS -0.14367000445292444 -1.9981912624403861 -3.617464772364361
IN1_BBOX 1.6908559714176215 0.9954633218316338 1.633263023450203
IN1_CLASS human
IN1_VEL -0.10858233591772301 0.13510341791903327 -0.0010121312892736533
IN1_ACCEL 0.10400358225567098 0.0933704511598914 0.09093801124628427
IN2_POS 1.9881005920603405 -0.47261410702851414 3.280604153149751
IN2_BBOX 1.583591808083843 0.545935800565835 1.4018712275128273
IN2_CLASS wall
IN2_VEL -0.2615230578205278 -0.06002949812528725 0.02052698118898346
IN2_ACCEL -0.07435003432159003 -0.2075364800910284 -0.002435474434091755
NOUT 3
OUT0_KIND aabb
OUT0_LO -2.150454861357816 -3.2280401774231944 -2.1299904396959417
OUT0_HI -0.9875094824361075 -2.210788294905269 -1.3926573335877899
OUT0_CLASS wall
OUT1_KIND sphere
OUT1_C0 -0.14367000445292444 -1.9981912624403861 -3.617464772364361
OUT1_R 0.8454279857088107
OUT1_VEL -0.10858233591772301 0.13510341791903327 -0.0010121312892736533
OUT1_ACC 0.10400358225567098 0.0933704511598914 0.09093801124628427
OUT1_CLASS human
OUT2_KIND aabb
OUT2_LO 1.1963046880184192 -0.7455820073114316 2.5796685393933374
OUT2_HI 2.779896496102262 -0.19964620674559663 3.9815397669061645
OUT2_CLASS wall
END
CASE
KIND OBSTSNAP
NAME snap_fuzz5
N 2
IN0_POS -3.817548518280778 1.3823034748422423 -2.509452813851338
IN0_BBOX 1.4361459558864451 0.8074549605680843 0.9908766771625932
IN0_CLASS human
IN0_VEL 0.5698244752261007 -0.5286245311838718 0.15621254353733535
IN0_ACCEL -0.036237557197156496 0.01584133647703463 -0.12375136969983017
IN1_POS -2.6944050666064534 -1.961182626666237 -2.9627234634013746
IN1_BBOX 0.6074066726630596 0.690643330239013 1.9440852058600187
IN1_CLASS human
IN1_VEL -0.2288076380594144 -0.11506630786697666 0.02251324629726058
IN1_ACCEL -0.05719231186405218 0.1260271409294654 -0.10419309891802532
NOUT 2
OUT0_KIND sphere
OUT0_C0 -3.817548518280778 1.3823034748422423 -2.509452813851338
OUT0_R 0.7180729779432226
OUT0_VEL 0.5698244752261007 -0.5286245311838718 0.15621254353733535
OUT0_ACC -0.036237557197156496 0.01584133647703463 -0.12375136969983017
OUT0_CLASS human
OUT1_KIND sphere
OUT1_C0 -2.6944050666064534 -1.961182626666237 -2.9627234634013746
OUT1_R 0.9720426029300093
OUT1_VEL -0.2288076380594144 -0.11506630786697666 0.02251324629726058
OUT1_ACC -0.05719231186405218 0.1260271409294654 -0.10419309891802532
OUT1_CLASS human
END
CASE
KIND OBSTSNAP
NAME snap_fuzz6
N 4
IN0_POS -2.1565262576470934 -1.1528371335482737 1.6622845653985383
IN0_BBOX 1.7462965521888356 1.5128572563398532 1.893972259271977
IN0_CLASS wall
IN0_VEL -0.15699340521365554 -0.14906330624216288 0.048674283246090945
IN0_ACCEL -0.051751305015773706 0.06075389555568426 0.03485016528636926
IN1_POS 2.354878493183225 -0.42917105132013855 1.6152901367436616
IN1_BBOX 0.682497846293314 1.733756770464383 0.9642039563911766
IN1_CLASS human
IN1_VEL 0.6979169186500592 0.2537707683928776 0.0282643822932766
IN1_ACCEL -0.08992960644471466 0.0083499047194284 -0.10445985490592655
IN2_POS 2.962840328344048 3.3715798647181314 -2.1483289360963296
IN2_BBOX 0.7735109838692744 0.6712097534288963 0.5266230698108548
IN2_CLASS human
IN2_VEL -0.5925685513940011 -0.3960459580932392 -0.5568088707543772
IN2_ACCEL 0.1291852046701469 0.11227843501415435 -0.22186512356612545
IN3_POS -2.36873904181354 2.3125388844916284 -3.307473377807142
IN3_BBOX 1.4170389532780956 0.45212195322333415 1.8914577250773659
IN3_CLASS wall
IN3_VEL -0.2608011446246894 0.10865553726614716 -0.6451376218447833
IN3_ACCEL -0.10994468235524994 0.26585939823880117 -0.26939812245710415
NOUT 4
OUT0_KIND aabb
OUT0_LO -3.0296745337415114 -1.9092657617182003 0.7152984357625498
OUT0_HI -1.2833779815526756 -0.39640850537834704 2.609270695034527
OUT0_CLASS wall
OUT1_KIND sphere
OUT1_C0 2.354878493183225 -0.42917105132013855 1.6152901367436616
OUT1_R 0.8668783852321915
OUT1_VEL 0.6979169186500592 0.2537707683928776 0.0282643822932766
OUT1_ACC -0.08992960644471466 0.0083499047194284 -0.10445985490592655
OUT1_CLASS human
OUT2_KIND sphere
OUT2_C0 2.962840328344048 3.3715798647181314 -2.1483289360963296
OUT2_R 0.3867554919346372
OUT2_VEL -0.5925685513940011 -0.3960459580932392 -0.5568088707543772
OUT2_ACC 0.1291852046701469 0.11227843501415435 -0.22186512356612545
OUT2_CLASS human
OUT3_KIND aabb
OUT3_LO -3.0772585184525876 2.0864779078799613 -4.253202240345825
OUT3_HI -1.6602195651744922 2.5385998611032954 -2.361744515268459
OUT3_CLASS wall
END
CASE
KIND OBSTSNAP
NAME snap_fuzz7
N 3
IN0_POS -1.7352111256082425 -3.8856820142791983 -3.9021370371771047
IN0_BBOX 1.4845615240763446 0.6346745214985099 0.7284052997730943
IN0_CLASS human
IN0_VEL 0.21618454089875597 0.11183600916936022 0.2513540327533595
IN0_ACCEL 0.101372264402305 0.032775829506867034 0.11463202758800752
IN1_POS -2.357359955412819 -3.9513298956240597 -3.633546711715632
IN1_BBOX 1.556030717160944 0.9113439048078982 1.8923359374554705
IN1_CLASS wall
IN1_VEL -0.11979957823271634 -0.06454925294939251 -0.03741008991545005
IN1_ACCEL -0.05147810752142064 -0.06261207725222852 0.010350621054147354
IN2_POS -3.9897967933021503 1.5329120331748154 1.7701908834810718
IN2_BBOX 1.4435726326613554 1.215392818883098 1.7102602018981232
IN2_CLASS human
IN2_VEL -0.07526546264132333 -0.5287621647110694 -0.0276545103865551
IN2_ACCEL 0.029024310775446108 0.03608230822396052 0.6198918613069718
NOUT 3
OUT0_KIND sphere
OUT0_C0 -1.7352111256082425 -3.8856820142791983 -3.9021370371771047
OUT0_R 0.7422807620381723
OUT0_VEL 0.21618454089875597 0.11183600916936022 0.2513540327533595
OUT0_ACC 0.101372264402305 0.032775829506867034 0.11463202758800752
OUT0_CLASS human
OUT1_KIND aabb
OUT1_LO -3.1353753139932907 -4.407001848028009 -4.5797146804433675
OUT1_HI -1.579344596832347 -3.4956579432201105 -2.687378742987897
OUT1_CLASS wall
OUT2_KIND sphere
OUT2_C0 -3.9897967933021503 1.5329120331748154 1.7701908834810718
OUT2_R 0.8551301009490616
OUT2_VEL -0.07526546264132333 -0.5287621647110694 -0.0276545103865551
OUT2_ACC 0.029024310775446108 0.03608230822396052 0.6198918613069718
OUT2_CLASS human
END
CASE
KIND MJ2PWP
NAME mj_2seg
M 2
A_TIME 0.0
WP 0.0 0.0 0.0 1.5 0.0 0.0 3.0 0.0 0.0
T 1.0 1.0
V0 0.0 0.0 0.0
A0 0.0 0.0 0.0
VF 0.0 0.0 0.0
AF 0.0 0.0 0.0
NTIMES 3
TIMES 0.0 1.0 2.0
COEFF_X 0.0 0.0 0.0 3.749999999999998 -2.812499999999998 0.5624999999999993 1.4999999999999996 2.812499999999999 5.075305255429287e-16 -1.8749999999999993 -1.0928757898653883e-15 0.5625000000000006
COEFF_Y 0.0 0.0 0.0 0.0 0.0 0.0 -0.0 -0.0 0.0 0.0 0.0 -0.0
COEFF_Z 0.0 0.0 0.0 0.0 0.0 0.0 -0.0 -0.0 0.0 0.0 0.0 -0.0
NSAMP 25
SAMP_T 0.0 0.08333333333333333 0.16666666666666666 0.25 0.3333333333333333 0.41666666666666663 0.5 0.5833333333333333 0.6666666666666666 0.75 0.8333333333333333 0.9166666666666666 1.0 1.0833333333333333 1.1666666666666665 1.25 1.3333333333333333 1.4166666666666665 1.5 1.5833333333333333 1.6666666666666665 1.75 1.8333333333333333 1.9166666666666665 2.0
PWP_POS 0.0 0.0 0.0 0.0020367657696759244 0.0 0.0 0.015263310185185175 0.0 0.0 0.04815673828124997 0.0 0.0 0.10648148148148141 0.0 0.0 0.19356056495949053 0.0 0.0 0.3105468749999999 0.0 0.0 0.4566944263599534 0.0 0.0 0.6296296296296292 0.0 0.0 0.8256225585937496 0.0 0.0 1.0398582175925914 0.0 0.0 1.266707808883101 0.0 0.0 1.4999999999999996 0.0 0.0 1.7332921911168975 0.0 0.0 1.9601417824074066 0.0 0.0 2.174377441406249 0.0 0.0 2.37037037037037 0.0 0.0 2.543305573640045 0.0 0.0 2.689453124999999 0.0 0.0 2.8064394350405086 0.0 0.0 2.8935185185185177 0.0 0.0 2.951843261718749 0.0 0.0 2.9847366898148144 0.0 0.0 2.9979632342303226 0.0 0.0 2.9999999999999996 0.0 0.0
PWP_VEL 0.0 0.0 0.0 0.07175021701388884 0.0 0.0 0.2625868055555554 0.0 0.0 0.5383300781249997 0.0 0.0 0.868055555555555 0.0 0.0 1.2240939670138882 0.0 0.0 1.5820312499999991 0.0 0.0 1.920708550347221 0.0 0.0 2.2222222222222214 0.0 0.0 2.471923828124999 0.0 0.0 2.6584201388888884 0.0 0.0 2.773573133680554 0.0 0.0 2.812499999999999 0.0 0.0 2.7735731336805545 0.0 0.0 2.6584201388888884 0.0 0.0 2.4719238281249996 0.0 0.0 2.2222222222222223 0.0 0.0 1.9207085503472223 0.0 0.0 1.5820312499999998 0.0 0.0 1.2240939670138888 0.0 0.0 0.868055555555556 0.0 0.0 0.538330078125 0.0 0.0 0.2625868055555556 0.0 0.0 0.07175021701388973 0.0 0.0 0.0 0.0 0.0
PWP_ACC 0.0 0.0 0.0 1.6471354166666656 0.0 0.0 2.8645833333333313 0.0 0.0 3.6914062499999982 0.0 0.0 4.166666666666664 0.0 0.0 4.329427083333331 0.0 0.0 4.218749999999998 0.0 0.0 3.8736979166666647 0.0 0.0 3.3333333333333317 0.0 0.0 2.6367187499999973 0.0 0.0 1.822916666666667 0.0 0.0 0.9309895833333357 0.0 0.0 1.0150610510858574e-15 0.0 0.0 -0.9309895833333314 0.0 0.0 -1.8229166666666639 0.0 0.0 -2.636718749999999 0.0 0.0 -3.3333333333333313 0.0 0.0 -3.873697916666665 0.0 0.0 -4.21875 0.0 0.0 -4.329427083333333 0.0 0.0 -4.166666666666666 0.0 0.0 -3.6914062499999973 0.0 0.0 -2.864583333333333 0.0 0.0 -1.647135416666666 0.0 0.0 3.552713678800501e-15 0.0 0.0
END
CASE
KIND MJ2PWP
NAME mj_3seg_atime
M 3
A_TIME 7.35
WP 0.0 0.0 1.0 1.0 0.5 1.2 2.5 0.8 1.6 4.0 1.0 2.0
T 0.8 0.9 1.1
V0 0.0 0.0 0.0
A0 0.0 0.0 0.0
VF 0.0 0.0 0.0
AF 0.0 0.0 0.0
NTIMES 4
TIMES 7.35 8.15 9.05 10.15
COEFF_X 0.0 0.0 0.0 6.196876893335397 -7.262095580452457 2.4467571422290204 1.0000000000000013 2.036190513722371 -0.48654591671990044 -1.382583253846737 2.5249329884636245 -0.9943853604357844 2.4999999999999996 1.9013539762293181 0.8025843442502558 -0.3473459149075419 -1.9498011334974057 1.0893473631957773
COEFF_Y 0.0 0.0 0.0 3.3708315419145953 -4.092105747340678 1.3740868061842975 0.5000000000000002 0.9054937689877562 -0.588365921529577 -0.9297512899960729 1.4042414773965117 -0.4774037469944249 0.8000000000000003 0.11578463161707721 0.24564586003871258 0.2585476779765279 -0.7440753840784 0.32330083328684667
COEFF_Z 1.0 0.0 0.0 1.16215493902135 -1.317528299357066 0.4413948444754741 1.2000000000000004 0.4370161673234934 -0.010195212165465869 -0.22900861427822683 0.44805107854483045 -0.18980077827152428 1.6000000000000003 0.5460493446465539 0.16536209741178523 -0.15341103551618374 -0.40605242367702876 0.24709503498774224
NSAMP 25
SAMP_T 7.35 7.466666666666666 7.583333333333333 7.699999999999999 7.816666666666666 7.933333333333333 8.049999999999999 8.166666666666666 8.283333333333333 8.4 8.516666666666666 8.633333333333333 8.75 8.866666666666667 8.983333333333333 9.1 9.216666666666667 9.333333333333334 9.45 9.566666666666666 9.683333333333334 9.8 9.916666666666666 10.033333333333333 10.15
PWP_POS 0.0 0.0 1.0 0.008547902193749927 0.004624341963664799 1.0016109108989832 0.058889292164695094 0.031642617158832376 1.0111635468898887 0.16956510227554103 0.09033420203591308 1.0323745224530319 0.33951901129561457 0.17891162167351302 1.065391998510258 0.5544435319455244 0.28808448140675436 1.1079405162445584 0.7931260984418361 0.40462339845560347 1.156465830919684 1.0337951496163966 0.5149239311721597 1.2072797448880364 1.2603212291258536 0.6084925009146197 1.2576783469373043 1.4659275853268805 0.6800923119195579 1.3066034286754697 1.652082100715997 0.7292966081900062 1.3544200306070655 1.8259525930532357 0.759268959268928 1.402430472965883 1.9978277050607633 0.7755250311071558 1.452382074591448 2.1785377941215245 0.784694356931338 1.5059748718055037 2.3768758219778734 0.7932821081118774 1.5643693372884904 2.597018895596692 0.8064311152510577 1.6276942354859678 2.836213870778906 0.8267853592181156 1.6946098439965565 3.0846696919641836 0.8542014326360571 1.762333860885817 3.327964954999273 0.8864265123439728 1.8271946782836135 3.549870573796562 0.9199358415615421 1.8852716907290883 3.7351751910027544 0.9507712664793148 1.9330361788516823 3.872510588667597 0.9753797728490002 1.9679921930521627 3.9571770989125894 0.9914520225737513 1.9893174371836477 3.9939690145996822 0.9987608902984514 1.998504152232629 4.0 1.0 2.0
PWP_VEL 0.0 0.0 0.0 0.20917784438755316 0.11292267121669385 0.039494784663190556 0.6793978745547031 0.3629948796827176 0.1294105910356986 1.2154861130810315 0.6400839066612022 0.23425424367515937 1.676663618643281 0.86460501880092 0.32834542845018866 1.9765464860153281 0.987521468136271 0.39581669254037727 2.0831458460682013 0.9903444920872939 0.43061344443629634 2.018866538168814 0.8851325991500342 0.43649371042266577 1.855075893367267 0.7115693282124895 0.4260319072277857 1.6720699179741225 0.5154232417525012 0.4132755920220292 1.5297585298252838 0.33277525496400284 0.4083683672998267 1.4659449870306636 0.18909289048042333 0.41723428306829446 1.496325887974197 0.09923027837470394 0.44157783684723506 1.6144911713138326 0.06742815615928688 0.47888397366913643 1.7919241159815296 0.08731386878611569 0.5224180860791714 1.9780664578308869 0.14192639066477286 0.5612396671293655 2.108031898697017 0.2066803536130194 0.5818196002428758 2.1302051141646867 0.2599713666660644 0.5738268375183931 2.0169827847876283 0.28730341341342647 0.5323804695453261 1.7649793968513556 0.28136793393278947 0.45809287560757816 1.3950272423731733 0.24204382478999986 0.3570697236835497 0.952176419102172 0.17639743903906846 0.24090997044613716 0.5056948305192397 0.0986825862221723 0.12670586126273442 0.14906818583702908 0.030340532369648177 0.037042930195226864 4.440892098500626e-15 1.3322676295501878e-15 4.440892098500626e-16
PWP_ACC 0.0 0.0 0.0 3.229378741618698 1.734844786396903 0.612330541721353 4.552716093503252 2.3947749033965335 0.8783787454611165 4.436255222200611 2.24163022573289 0.8822548510276671 3.346239294257753 1.5372506281399758 0.7080690982293891 1.7489114762216627 0.5434759853518099 0.43993172687466364 0.11051493463931195 -0.4778538278976008 0.1619529767718757 -1.1030257882481478 -1.265070371184749 -0.0418153563097401 -1.587647297547091 -1.6435938338096765 -0.11701104848571045 -1.464012397998371 -1.6673663409416375 -0.08717778004950047 -0.9216067443961524 -1.4273598288134641 0.011516856250480462 -0.1499159915345718 -1.0145462336579762 0.14290526766582795 0.6615742057922125 -0.5198974917080017 0.2708198614481342 1.3233781927900417 -0.03438553919637144 0.3590930448489902 1.646010314664764 0.3510176876440827 0.37155722511999034 1.445194248431321 0.5473420140312479 0.27313704904587527 0.7087545590193742 0.5317495323691949 0.0648415213213175 -0.36807560735398953 0.36110209652517133 -0.20883303861329616 -1.577715058701998 0.09700647639773136 -0.5008012990908521 -2.7125826030379385 -0.19893055811458438 -0.7639779284442506 -3.565097048375037 -0.46510223711322163 -0.9512775950063781 -3.9276772027265423 -0.6399017906996312 -1.0156149671101247 -3.5927418741057124 -0.6617224489752633 -0.9099047130883853 -2.352709870525789 -0.46895744204157186 -0.5870615012740483 -1.4210854715202004e-14 -3.552713678800501e-15 -3.552713678800501e-15
END
CASE
KIND MJ2PWP
NAME mj_1seg
M 1
A_TIME 2.0
WP 0.0 0.0 0.0 2.0 1.0 0.0
T 1.3
V0 0.0 0.0 0.0
A0 0.0 0.0 0.0
VF 0.0 0.0 0.0
AF 0.0 0.0 0.0
NTIMES 2
TIMES 2.0 3.3
COEFF_X 0.0 0.0 0.0 9.103322712790144 -10.503833899373234 3.231948892114839
COEFF_Y 0.0 0.0 0.0 4.551661356395072 -5.251916949686617 1.6159744460574195
COEFF_Z 0.0 0.0 0.0 0.0 0.0 -0.0
NSAMP 25
SAMP_T 2.0 2.0541666666666667 2.1083333333333334 2.1625 2.216666666666667 2.2708333333333335 2.325 2.3791666666666664 2.4333333333333336 2.4875 2.541666666666667 2.595833333333333 2.65 2.7041666666666666 2.7583333333333333 2.8125 2.8666666666666667 2.9208333333333334 2.975 3.029166666666667 3.0833333333333335 3.1375 3.1916666666666664 3.2458333333333336 3.3
PWP_POS 0.0 0.0 0.0 0.0013578438464506158 0.0006789219232253079 0.0 0.010175540123456782 0.005087770061728391 0.0 0.032104492187499965 0.016052246093749983 0.0 0.0709876543209876 0.0354938271604938 0.0 0.12904037663966036 0.06452018831983018 0.0 0.2070312499999998 0.1035156249999999 0.0 0.30446295090663467 0.15223147545331733 0.0 0.4197530864197528 0.2098765432098764 0.0 0.5504150390624984 0.2752075195312492 0.0 0.6932388117283945 0.34661940586419726 0.0 0.8444718725887328 0.4222359362943664 0.0 0.9999999999999984 0.4999999999999992 0.0 1.1555281274112628 0.5777640637056314 0.0 1.3067611882716026 0.6533805941358013 0.0 1.4495849609374978 0.7247924804687489 0.0 1.5802469135802457 0.7901234567901229 0.0 1.6955370490933626 0.8477685245466813 0.0 1.7929687499999982 0.8964843749999991 0.0 1.8709596233603385 0.9354798116801692 0.0 1.9290123456790127 0.9645061728395063 0.0 1.9678955078125018 0.9839477539062509 0.0 1.9898244598765453 0.9949122299382727 0.0 1.998642156153549 0.9993210780767745 0.0 2.0000000000000053 1.0000000000000027 0.0
PWP_VEL 0.0 0.0 0.0 0.07358996616809105 0.036794983084045524 0.0 0.2693198005698001 0.13465990028490005 0.0 0.5521334134615377 0.27606670673076883 0.0 0.890313390313389 0.4451566951566945 0.0 1.255480991809115 0.6277404959045575 0.0 1.6225961538461517 0.8112980769230759 0.0 1.9699574875356067 0.9849787437678034 0.0 2.279202279202276 1.139601139601138 0.0 2.5353064903846096 1.2676532451923048 0.0 2.726584757834755 1.3632923789173774 0.0 2.844690393518516 1.422345196759258 0.0 2.8846153846153797 1.4423076923076898 0.0 2.8446903935185173 1.4223451967592586 0.0 2.7265847578347584 1.3632923789173792 0.0 2.535306490384616 1.267653245192308 0.0 2.2792022792022806 1.1396011396011403 0.0 1.9699574875356145 0.9849787437678073 0.0 1.622596153846155 0.8112980769230775 0.0 1.2554809918091188 0.6277404959045594 0.0 0.8903133903133913 0.44515669515669565 0.0 0.5521334134615472 0.2760667067307736 0.0 0.26931980056981786 0.13465990028490893 0.0 0.07358996616810032 0.03679498308405016 0.0 -7.105427357601002e-15 -3.552713678800501e-15 0.0
PWP_ACC 0.0 0.0 0.0 2.5990302432610064 1.2995151216305032 0.0 4.520052596975664 2.260026298487832 0.0 5.824704142011822 2.912352071005911 0.0 6.57462195923733 3.287310979618665 0.0 6.8314431295200375 3.4157215647600188 0.0 6.656804733727799 3.3284023668638993 0.0 6.112343852728465 3.0561719263642324 0.0 5.259697567389866 2.629848783694933 0.0 4.1605029585798885 2.0802514792899442 0.0 2.8763971071663317 1.4381985535831658 0.0 1.4690170940171043 0.7345085470085522 0.0 1.4210854715202004e-14 7.105427357601002e-15 0.0 -1.4690170940170688 -0.7345085470085344 0.0 -2.8763971071663157 -1.4381985535831578 0.0 -4.160502958579855 -2.0802514792899274 0.0 -5.259697567389843 -2.6298487836949214 0.0 -6.112343852728436 -3.056171926364218 0.0 -6.656804733727789 -3.3284023668638945 0.0 -6.831443129520025 -3.4157215647600125 0.0 -6.574621959237319 -3.2873109796186597 0.0 -5.824704142011839 -2.9123520710059196 0.0 -4.520052596975702 -2.260026298487851 0.0 -2.5990302432610406 -1.2995151216305203 0.0 -5.684341886080802e-14 -2.842170943040401e-14 0.0
END
CASE
KIND MJ2PWP
NAME mj_v0a0
M 2
A_TIME 3.0
WP 0.0 0.0 2.0 2.5 0.3 2.0 5.0 0.0 2.0
T 1.0 1.0
V0 1.0 0.2 0.0
A0 0.5 0.0 0.0
VF 0.0 0.0 0.0
AF 0.0 0.0 0.0
NTIMES 3
TIMES 3.0 4.0 5.0
COEFF_X 0.0 1.0 0.25 2.083333333333336 -0.6354166666666705 -0.1979166666666654 2.5 4.21875 0.7083333333333316 -2.4375 -1.6249999999999976 1.6354166666666654
COEFF_Y 0.0 0.2 0.0 1.2833333333333314 -1.7791666666666643 0.5958333333333327 0.3000000000000005 -0.08749999999999969 -0.8666666666666657 0.12499999999999989 1.1999999999999986 -0.6708333333333326
COEFF_Z 2.0 0.0 0.0 0.0 0.0 0.0 2.0 -0.0 0.0 0.0 0.0 -0.0
NSAMP 25
SAMP_T 3.0 3.0833333333333335 3.1666666666666665 3.25 3.3333333333333335 3.4166666666666665 3.5 3.583333333333333 3.6666666666666665 3.75 3.833333333333333 3.9166666666666665 4.0 4.083333333333333 4.166666666666666 4.25 4.333333333333333 4.416666666666666 4.5 4.583333333333333 4.666666666666666 4.75 4.833333333333333 4.916666666666666 5.0
PWP_POS 0.0 0.0 2.0 0.08624363861293312 0.01732593007866087 2.0 0.1827404299554182 0.037978502229080884 2.0 0.295501708984375 0.06368408203124998 2.0 0.42961248285322395 0.09468449931412894 2.0 0.5891359849885328 0.13002439061964152 2.0 0.7770182291666667 0.16783854166666654 2.0 0.9949925635904271 0.20563922981502883 2.0 1.243484224965706 0.24060356652949222 2.0 1.5215148925781252 0.26986083984374976 2.0 1.8266072423696833 0.29077985682441665 2.0 2.1546895010154103 0.30125628603502186 2.0 2.5 0.3000000000000005 2.0 2.8549990974499515 0.2868173272194364 2.0 3.2104726616083643 0.2627609525034301 2.0 3.5561218261718746 0.22994384765625062 2.0 3.8813443072702314 0.19122085048011056 2.0 4.176023088201409 0.1498651533296907 2.0 4.431315104166666 0.10924479166666748 2.0 4.640439927005636 0.07249913261424137 2.0 4.79946844993141 0.04221536351166087 2.0 4.908111572265625 0.020104980468750977 2.0 4.970508884173525 0.006680276920439876 2.0 4.996017351399069 0.0009308321812853126 2.0 4.999999999999999 9.992007221626409e-16 2.0
PWP_VEL 1.0 0.2 0.0 1.0835508495691875 0.22276134098508232 0.0 1.2444139017489708 0.2762956532921809 0.0 1.4720458984375002 0.3410644531249998 0.0 1.754758230452676 0.40097736625514385 0.0 2.0797169375321505 0.44339212802211886 0.0 2.432942708333334 0.4591145833333328 0.0 2.799310880433384 0.44239868666409427 0.0 3.1625514403292176 0.39094650205761294 0.0 3.505249023437501 0.3059082031249999 0.0 3.8088429140946505 0.19188207304526794 0.0 4.0536270455568415 0.056914504565330315 0.0 4.21875 -0.08749999999999969 0.0 4.2826570738490215 -0.2267242557227357 0.0 4.2279529963991775 -0.34633809156378464 0.0 4.046264648437499 -0.4354980468749993 0.0 3.738683127572017 -0.4872427983539086 0.0 3.3157637482317406 -0.49849316004372357 0.0 2.7975260416666656 -0.4700520833333326 0.0 2.213453755947789 -0.40660465695730413 0.0 1.6024948559670817 -0.3167181069958849 0.0 1.0130615234374991 -0.2128417968749996 0.0 0.5030301568930051 -0.11130722736625542 0.0 0.1397413716885305 -0.032328036586934505 0.0 0.0 0.0 0.0
PWP_ACC 0.5 0.0 0.0 1.4864245756172867 0.5002989969135802 0.0 2.353202160493827 0.7454475308641961 0.0 3.0865885416666687 0.7768229166666654 0.0 3.6728395061728416 0.635802469135801 0.0 4.098210841049384 0.3637635030864188 0.0 4.348958333333334 0.002083333333332771 0.0 4.411337770061728 -0.4078607253086419 0.0 4.2716049382716035 -0.82469135802469 0.0 3.916015624999999 -1.2070312499999982 0.0 3.330825617283951 -1.5135030864197532 0.0 2.5022907021604937 -1.7027295524691333 0.0 1.4166666666666632 -1.7333333333333314 0.0 0.0814284336419772 -1.5785976080246904 0.0 -1.4110725308641894 -1.2704475308641987 0.0 -2.9472656250000018 -0.855468749999999 0.0 -4.413580246913575 -0.3802469135802481 0.0 -5.696445794753076 0.10863233024690977 0.0 -6.682291666666665 0.564583333333333 0.0 -7.257547260802468 0.9410204475308621 0.0 -7.308641975308641 1.1913580246913558 0.0 -6.722005208333332 1.2690104166666654 0.0 -5.3840663580247 1.127391975308642 0.0 -3.181254822530885 0.719917052469139 0.0 0.0 0.0 0.0
END
CASE
KIND MJ2PWP
NAME mj_fuzz0
M 3
A_TIME 4.344920654029543
WP -0.4089713767214489 2.9275097339859792 -0.48961408886786373 2.3173735645871947 -1.6609963687212879 1.5053866339294837 1.1281602038999905 1.5184207110469146 2.7034066850723617 -1.131288915736515 -2.9798652719623853 -1.798402858951344
T 1.309652161249196 1.305055119928407 0.6344374560257894
V0 0.33714019097621334 -0.5593180368580607 0.37504337076501043
A0 0.32584575381644504 -0.25232237628196946 -0.059157409886274985
VF 0.0 0.0 0.0
AF 0.0 0.0 0.0
NTIMES 4
TIMES 4.344920654029543 5.654572815278739 6.959627935207146 7.594065391232935
COEFF_X -0.4089713767214489 0.3371401909762212 0.16292287690822252 1.6206424201880831 -0.3870415230351904 -0.12885549621219156 2.3173735645871947 3.7299790734141065 -0.34722116254191193 -2.6170316662660653 -1.2308209185508616 1.0359116304603655 1.1281602038999905 -6.466393247157659 -0.14559729535835955 8.601136137660633 5.528787967077558 -11.582280313988495
COEFF_Y 2.9275097339859792 -0.5593180368580806 -0.12616118814098473 -16.08858549404471 16.687088207543383 -4.306208928323652 -1.660996368721288 2.9206252922348734 11.661124473825577 -2.5310734813463727 -11.511090941304895 4.893187391935894 1.5184207110469146 -10.94884200913077 -7.118129620147473 20.717738060009918 20.41830535177044 -31.963967352239017
COEFF_Z -0.48961408886786373 0.37504337076499494 -0.029578704943137493 -4.371671828030055 6.450858606507258 -1.9733436240693816 1.5053866339294837 6.738485705160004 4.8537232891724695 -4.424716663582873 -6.471110104241674 3.366223357511809 2.7034066850723617 -11.911545811120064 -3.776102523527263 19.127130030662457 15.494425033475219 -27.430552747967756
NSAMP 25
SAMP_T 4.344920654029543 4.480301684746351 4.615682715463159 4.751063746179967 4.8864447768967745 5.021825807613583 5.15720683833039 5.292587869047199 5.427968899764007 5.563349930480815 5.698730961197622 5.834111991914431 5.969493022631239 6.104874053348047 6.240255084064855 6.375636114781663 6.511017145498471 6.646398176215278 6.781779206932087 6.917160237648895 7.052541268365703 7.187922299082511 7.3233033297993195 7.458684360516127 7.594065391232935
PWP_POS -0.4089713767214489 2.9275097339859792 -0.48961408886786373 -0.3564575633097766 2.814965959958431 -0.448152525437198 -0.2758401530722792 2.5308787617241664 -0.4452138457425701 -0.14855114823425644 2.00814969894258 -0.48133274854547137 0.03945074037568229 1.267211811301498 -0.5265750292082328 0.29697690237197644 0.3925297504328793 -0.531306521847656 0.626905636858455 -0.49090008817141695 -0.43696204148864304 1.0254789614747013 -1.2410494332439401 -0.18681432621782745 1.48159942144239 -1.7223580058258898 0.26325702066279666 1.9761268986116427 -1.8292333873513886 0.9339965884822332 2.4811756160733447 -1.509549343140854 1.8120051135672997 2.959627257129742 -0.7864372625293689 2.8399621527543966 3.3669510853684836 0.2381432255591536 3.917424593595364 3.6561979704387295 1.40490132290215 4.916175096220379 3.7836462129760178 2.52386007862908 5.698558536092724 3.71445472749885 3.4010595195469375 6.135852177439796 3.428316225305302 3.8652597804658386 6.126635846684214 2.9251103973696164 3.794644234524588 5.6151621058748855 2.230557097238793 3.1435226235161924 4.609726426118043 1.4018695239292076 1.9690341882134756 3.2010373610083462 0.5333200297947182 0.4575955802798027 1.5803734669091551 -0.2454946184156321 -1.0699757852096674 0.03992203608226086 -0.8060223098921637 -2.254503656488541 -1.1114129614515633 -1.081726012362167 -2.866354283315937 -1.6922465889677598 -1.1312889157365165 -2.9798652719623924 -1.7984028589513494
PWP_VEL 0.3371401909762212 -0.5593180368580806 0.37504337076499494 0.4663052055763702 -1.3197057843942372 0.18737307789377627 0.7476108486142456 -2.9568594206798013 -0.14329212159851906 1.150217399751072 -4.7374309017171585 -0.3521191540815543 1.6380909770293677 -6.101655350661721 -0.2538203748274849 2.170003536872964 -6.663351057822004 0.2573464319890366 2.699532874086982 -6.209919480659551 1.2075780532908524 3.175062621857859 -4.702345243789001 2.5435258470983193 3.539782251753324 -2.2751961389780107 4.132295742529296 3.731687073722409 0.7633768748525966 5.761448239799108 3.6836003799097368 3.931814564720533 7.139099922683422 3.3291139885482735 6.622068173584323 7.921156311588997 2.6298344507762184 8.3147914952161 7.83621489606664 1.5887225915773306 8.684697319305746 6.746716733893419 0.25049680615524217 7.603742688923199 4.650795256687823 -1.298366940066504 5.141128900518431 1.6822762699098313 -2.9296351114444645 1.5633015039214744 -1.8893220471391068 -4.473316602115328 -2.666049697657609 -5.658789141316117 -5.717662735995885 -6.885990647628773 -9.08522208563689 -6.409167266783017 -10.23834303602181 -11.492025579275584 -6.257268341897642 -11.681418518576354 -12.078387865150752 -5.082213850519232 -10.421926555662296 -10.280170470486214 -3.1088334741505292 -6.7730689772415245 -6.486907290920467 -1.0286330934750954 -2.3359148717880878 -2.1933562196002185 -3.552713678800501e-15 -7.105427357601002e-15 -1.4210854715202004e-14
PWP_ACC 0.32584575381644504 -0.25232237628196946 -0.059157409886274985 1.5507522309119643 -9.864459021836126 -2.2893560189906976 2.567042778730732 -13.418585743608942 -2.269565937147949 3.336350414903105 -12.196884884532743 -0.5873541852421567 3.820308157059417 -7.481538787539822 2.169712215842533 3.9805490228300195 -0.554729795562416 5.414066245222024 3.778706029845252 7.301359748467107 8.558140882012154 3.176412195735456 14.80454750161664 11.014369105328846 2.1353005381309775 20.672651120953745 12.195183894287915 0.6170040746621686 23.623488263546136 11.51301822800528 -1.4148383125443942 22.390719017144132 8.389500441121813 -3.8697935383203945 16.70943122117635 2.8275133735903566 -6.45710083758353 7.896912005595016 -4.2517108434598425 -8.86831544522306 -2.589882272156757 -11.845872455602262 -10.7949925961283 -13.293995254636076 -18.952671708410524 -11.92868752518851 -22.758470584399845 -24.569808847458106 -11.960955467292969 -29.52635190400497 -27.694984118318516 -10.58335165733098 -32.14068285600854 -27.325897766565348 -7.487431330191786 -29.14450708296752 -22.46025003777207 -2.364749720764685 -19.08086822743877 -12.095741177512252 4.890714288815776 -1.0840800381279845 4.275880311163492 12.191971216446486 19.305861258571255 21.810462289128246 16.109702602526546 32.62807861126025 32.387677618341556 13.195261259547287 29.365236648787118 27.840024216174967 7.815970093361102e-14 1.9895196601282805e-13 1.7053025658242404e-13
END
CASE
KIND MJ2PWP
NAME mj_fuzz1
M 1
A_TIME 9.653925470255453
WP 0.4238658535599873 -2.2835119893189795 -2.6921692714025434 1.5527522544731838 0.7311050299069279 1.721994746675831
T 0.8072096049369114
V0 0.12398820186307669 -0.3396942433794101 0.06205965371446465
A0 0.3283834788068811 0.237969083548832 0.23479235790908468
VF 0.0 0.0 0.0
AF 0.0 0.0 0.0
NTIMES 2
TIMES 9.653925470255453 10.461135075192365
COEFF_X 0.4238658535599873 0.12398820186307669 0.16419173940344056 19.711104119506594 -37.24194093048767 18.575498175165606
COEFF_Y -2.2835119893189795 -0.3396942433794101 0.118984541774416 60.00143849046814 -111.1259420384035 54.9519340576467
COEFF_Z -2.6921692714025434 0.06205965371446465 0.11739617895454234 82.91687672001416 -154.46881450039257 76.61846143485216
NSAMP 25
SAMP_T 9.653925470255453 9.68755920379449 9.721192937333528 9.754826670872568 9.788460404411605 9.822094137950643 9.85572787148968 9.88936160502872 9.922995338567757 9.956629072106795 9.990262805645832 10.023896539184872 10.057530272723909 10.091164006262947 10.124797739801984 10.158431473341023 10.192065206880061 10.225698940419099 10.259332673958136 10.292966407497175 10.326600141036213 10.36023387457525 10.393867608114288 10.427501341653327 10.461135075192365
PWP_POS 0.4238658535599873 -2.2835119893189795 -2.6921692714025434 0.42892487654713485 -2.2926595164223857 -2.686988770767187 0.43821189408851363 -2.28976036555597 -2.6652824778158455 0.4546308952665415 -2.265881754775522 -2.614743225729567 0.48013396441331124 -2.2149361936609004 -2.5270164879398958 0.5158172205357405 -2.1333976655193445 -2.3973046562442377 0.5620167567407147 -2.02001780958882 -2.2239713189212535 0.6184045796602348 -1.8755421032413353 -2.008145538846229 0.6840845488765512 -1.7024260441863055 -1.7533261316065039 0.7576883163473258 -1.5045513326738376 -1.464985943616791 0.8374712658307665 -1.2869420536980924 -1.150176130234601 0.9214084523107782 -1.055480859200594 -0.8171304338756 1.0072905414220916 -0.8166251502736122 -0.47486946212906 1.0928197488754345 -0.577123259363418 -0.13280496587314428 1.1757057798826582 -0.34373063247366664 0.19965588260964706 1.2537617685818918 -0.12292601136870318 0.5135062115171225 1.3250002174626716 0.07937238422306336 0.8005351714119451 1.3877289367911103 0.2580906744058913 1.0537236571063628 1.4406469840350242 0.4092831369133316 1.2676400295467367 1.4829406032890895 0.5304160249049295 1.4388358376982122 1.5143791646999682 0.6206513847628239 1.5662415404292478 1.5354111038914815 0.6811308738885131 1.6515622283963651 1.5472598613897324 0.715259578499472 1.6996733459286517 1.5520198220482584 0.7289898314257925 1.7190164129124206 1.5527522544731829 0.7311050299069208 1.7219947466758434
PWP_VEL 0.12398820186307669 -0.3396942433794101 0.06205965371446465 0.19637723861601178 -0.14462514607213264 0.3283319566332447 0.3702097045380426 0.36114492132902537 1.0232035472977763 0.6157572775642444 1.0888003529406245 2.023271497871511 0.906144111850697 1.957964029089365 3.216898505174206 1.217346837774564 2.8966973163123257 4.504212890682248 1.5281945619340442 3.841500067356817 5.797108600528458 1.820368867148398 4.7373106211804545 7.0192452055021874 2.0784038124578816 5.537505802950981 8.106047901049076 2.289685933123849 6.203900924046547 9.00470750727142 2.444454240628679 6.70674978205551 9.674180468927947 2.5358002226758063 7.024744660776517 10.085188855433866 2.5596678431896933 7.145016330218422 10.220220360860791 2.5148535423158656 7.063134046600403 10.073528303936905 2.4030062364208904 6.7831055523518895 9.65113162804682 2.2286273180923653 6.317377076112521 8.970814901231588 1.9990706561389695 5.686833332732316 8.062128316188861 1.724542595590389 4.920797523271439 6.966387690272576 1.4181019576973863 4.05703133500041 5.736674465493358 1.095660039931719 3.1417349413998252 4.437835708518051 0.7759806159862919 2.229547002160899 3.146484110670343 0.48067993577495116 1.383544663184793 1.950997987930009 0.2342267254326238 0.675243556583041 0.9515212809335338 0.06394218731531254 0.18459780067743736 0.25996355497375134 1.4210854715202004e-14 2.842170943040401e-14 5.684341886080802e-14
PWP_ACC 0.3283834788068811 0.237969083548832 0.23479235790908468 3.8147170870720046 10.879713668845879 14.929046445874652 6.374761612999543 18.755341049800094 25.779369855885978 8.093327035170596 24.115744758658696 33.135578781938555 9.055223332166012 27.21181832766813 37.347489418026846 9.345260482566935 28.294455289075774 38.76491795814649 9.048248464954394 27.614549175128616 37.737680596292726 8.24899725790936 25.422993518073504 34.615593526460515 7.032316840012956 21.97068185015769 29.748472942645385 5.483017189846171 17.508507703628133 23.48613503884245 3.6859082859900507 12.287364610731828 16.178396009046907 1.7258001070254956 6.5581461037154085 8.17507204725355 -0.3124973684662322 0.5717457148265908 -0.17402065254164256 -2.3441741619042133 -5.42094302368794 -8.519065896343818 -4.284420294707438 -11.169026579581214 -16.51024749015778 -6.048425788294935 -16.421611420606467 -23.79774923998872 -7.551380664085507 -20.927804014516198 -30.03175495184064 -8.708474943498189 -24.436710829063458 -34.86244843171875 -9.434898647952025 -26.697438332001468 -37.940013485627844 -9.645841798865874 -27.459092991083082 -38.91463391957268 -9.2564944176588 -26.470781274061437 -37.436493539558 -8.182046525749683 -23.481609648689414 -33.15577615158861 -6.337688144557575 -18.240684582719837 -25.722665561669487 -3.638609295501311 -10.497112543905416 -14.78734557580458 0.0 -2.2737367544323206e-13 -1.1368683772161603e-13
END
CASE
KIND MJ2PWP
NAME mj_fuzz2
M 1
A_TIME 7.9607002369322375
WP 0.058507893877768335 2.945676545691713 2.5374736504013002 -2.706176727165874 0.7122130094073702 0.7839603147673673
T 1.4581025560225287
V0 0.028054258015192398 0.3381477095888713 -0.3910787362249852
A0 0.005289362606112107 -0.02286954631075512 0.13305829570444358
VF 0.0 0.0 0.0
AF 0.0 0.0 0.0
NTIMES 2
TIMES 7.9607002369322375 9.418802792954766
COEFF_X 0.058507893877768335 0.02805425801518976 0.0026446813030560536 -9.002899502751557 9.250675216006194 -2.5363177252364677
COEFF_Y 2.945676545691713 0.3381477095888711 -0.01143477315537756 -8.13544519879772 8.268199190476677 -2.253983770729348
COEFF_Z 2.5374736504013002 -0.39107873622498374 0.06652914785222179 -4.689673245888218 4.903642791855354 -1.3582236807632335
NSAMP 25
SAMP_T 7.9607002369322375 8.021454510099844 8.082208783267449 8.142963056435054 8.203717329602659 8.264471602770264 8.32522587593787 8.385980149105475 8.44673442227308 8.507488695440685 8.568242968608292 8.628997241775897 8.689751514943502 8.750505788111107 8.811260061278713 8.872014334446318 8.932768607613923 8.993522880781528 9.054277153949133 9.11503142711674 9.175785700284345 9.23653997345195 9.297294246619556 9.358048519787161 9.418802792954766
PWP_POS 0.058507893877768335 2.945676545691713 2.5374736504013002 0.05832711319309527 2.9644646729607773 2.5129735394909507 0.04775397621122418 2.9737432776994575 2.4835562108598515 0.018897382963398792 2.9663415964062505 2.4451481781878477 -0.03361284647969093 2.9373446240741874 2.3950095231954562 -0.11287789572212344 2.883869233737034 2.331598987958205 -0.21998187575696007 2.804840296015494 2.254439067220982 -0.3542437486804598 2.700766798663412 2.1639811007123835 -0.513469251406294 2.573517966113971 2.0614703654590607 -0.6942028193797602 2.426099379025901 1.9488111681000644 -0.8919795102920047 2.2624290938296725 1.8284319372011943 -1.10157692779421 2.0871137622737175 1.703150315569354 -1.3172671452118498 1.9052247509706048 1.57603825256688 -1.533068629258874 1.72207426094326 1.4502870964259027 -1.7429981637519325 1.5429914471711628 1.3290726865626892 -1.941322773324596 1.3730985381365495 1.2154204458919917 -2.122811647141551 1.2170869553706165 1.1120704731413942 -2.2829880626128447 1.0789934329997157 1.0213426351656558 -2.418381309108073 0.9619761372915709 0.9450016592610666 -2.526778611670605 0.8680907862014564 0.8841222254797807 -2.60747705473179 0.7980667689184351 0.8389540589441844 -2.661535505825203 0.7510832654115154 0.8087870221612175 -2.6920265393008016 0.724545365975894 0.7918162073367441 -2.7042883600392127 0.7138601907791333 0.7850070286898889 -2.7061767271658717 0.7122130094073693 0.7839603147673682
PWP_VEL 0.02805425801518976 0.3381477095888711 -0.39107873622498374 -0.06319066049708758 0.2539355068703711 -0.43061875265169447 -0.3064501465181535 0.03190140076735709 -0.5489226044358718 -0.6581571921891285 -0.2889828854489459 -0.7229298250383522 -1.0788913903934323 -0.6734306442621764 -0.9318004943707661 -1.533378934756783 -1.0898401839108358 -1.1569152387955381 -1.9904926196471966 -1.5102948283882895 -1.3818752311258877 -2.423251840174991 -1.9105629174427665 -1.5925021906258294 -2.8088225921927794 -2.270097806577358 -1.77683838301017 -3.1285174722954756 -2.572037867050022 -1.925146620444513 -3.367795677820297 -2.8032064858735763 -2.029910261545256 -3.51626300684674 -2.9541120658156985 -2.085833211379584 -3.5676718581966202 -3.0189480253989327 -2.089839921465485 -3.51992123143405 -2.995592798900696 -2.0410753897717413 -3.375056726865437 -2.8856098363532565 -1.940905160717925 -3.1392705455394783 -2.6942476035437473 -1.7929153251744037 -2.82290148924719 -2.430439582014179 -1.6029125204623442 -2.440434960521875 -2.106804269061401 -1.3789239303536949 -2.0105029626391335 -1.7396451777371418 -1.1311972850712184 -1.5558840996168364 -1.3489508368479903 -0.8722008612884444 -1.1035035762152283 -0.9583947909554098 -0.6166234821297287 -0.6844331979367837 -0.595335600375698 -0.38137451717019744 -0.3338913710263327 -0.29081684118006024 -0.18558388243578605 -0.09124310247094058 -0.07956710519454191 -0.050602040403216364 -7.105427357601002e-15 -2.1316282072803006e-14 -3.552713678800501e-15
PWP_ACC 0.005289362606112107 -0.02286954631075512 0.13305829570444358 -2.87813368818716 -2.632333792022722 -1.3653424921080446 -5.010328786600493 -4.5700060958565665 -2.46589900487042 -6.459547934116353 -5.896540886920513 -3.205160876625213 -7.294043132217161 -6.672592594322734 -3.619677741414928 -7.582066382385337 -6.958815647171414 -3.7459992332820677 -7.3918696861033055 -6.815864474574731 -3.620674986269141 -6.791705044853478 -6.304393505640853 -3.280254634418649 -5.849824460118283 -5.485057169477971 -2.761287811773095 -4.634479933380135 -4.418509895194253 -2.100324152374988 -3.21392346612142 -3.1654061118978447 -1.3339132902668078 -1.6564070598246285 -1.7864002486970012 -0.498604859491099 -0.030182715972163265 -0.3421467346998668 0.36905150590964375 1.5964975639535872 1.1067000009853984 1.2325061718929238 3.1553817784701756 2.4994855292506024 2.05520950441624 4.578217926095178 3.775555420987544 2.8006118694370734 5.796754005346202 4.874255247088094 3.4321636329129355 6.742738014740802 5.734930578444043 3.9133151608013215 7.347917952796564 6.2969269859472305 4.2075168190597125 7.54404181803109 6.499590040489437 4.2782189736456075 7.262857608961895 6.282265312962522 4.088871990516495 6.4361133241066 5.584298374258253 3.6029262356298872 4.995556961982828 4.345034795268589 2.783832074943277 2.8729365211081017 2.5038201468851895 1.595039874414141 0.0 -5.684341886080802e-14 0.0
END
CASE
KIND MJ2PWP
NAME mj_fuzz3
M 5
A_TIME 4.14335935009786
WP 0.0822725925981791 -1.1760203782624772 -1.1170560109096666 0.9911091942318624 -0.2021928566909077 1.4181654767067267 -0.1923946561895007 -1.188660801525993 1.689229353370619 -0.6075075298128056 2.2373110490459265 1.728585890407734 0.898172957333256 1.671007647074748 -2.2051526300276407 -0.15905985133983602 2.185824221338197 -2.02362947427961
T 0.5525053157046274 0.6062349180298919 0.9093741602834554 0.6405411502042025 0.6987269056020295
V0 0.017084517388495632 0.0846660945970197 0.28788861829954365
A0 0.41413539317205883 0.018402640982255077 -0.16532472730109096
VF 0.0 0.0 0.0
AF 0.0 0.0 0.0
NTIMES 6
TIMES 4.14335935009786 4.695864665802487 5.30209958383238 6.211473744115835 6.852014894320037 7.550741799922067
COEFF_X 0.0822725925981791 0.017084517388495632 0.20706769658602941 21.685527308051388 -41.6247631881191 20.540495581619805 0.9911091942318638 1.5939788606660326 -5.444223292623892 -7.603731329162699 15.118901792142672 -6.068947185422398 -0.1923946561895029 -4.015072210645763 0.5440448072176451 6.754051644377763 -3.2771367052687803 -0.083388208903611 -0.6075075298128042 3.5874422825998526 2.082438554920971 -5.856110382830621 -3.6562921175150933 4.710325053328504 0.8981729573332504 -0.8318907730081305 -5.792523061232867 4.101999710808227 11.429493019958466 -10.63711653066808
COEFF_Y -1.1760203782624772 0.0846660945970197 0.009201320491127539 27.70055867760749 -56.853746031249365 30.10977634195554 -0.2021928566909157 1.1359483832916437 -7.425621052402943 -6.033686164802759 26.325311386789963 -14.135914453106103 -1.1886608015259599 -0.6051744549687701 8.156105847871597 5.851183327973359 -16.52311331199175 6.642512124593301 2.237311049045927 1.7550800228413213 -7.912167219859979 0.6794229834949969 13.679531115381772 -8.583721680131285 1.6710076470747508 -0.3892576503586712 4.510281799284378 0.5102271653335213 -13.811603674738446 10.224412428862754
COEFF_Z -1.1170560109096666 0.28788861829954365 -0.08266236365054548 53.92265195337552 -98.97073220989633 49.12950252169271 1.4181654767067229 5.699632728503327 -9.115801148454809 -14.83100777689603 36.750824295899264 -18.240066167959906 1.689229353370674 -1.2707670664023123 4.31153946212514 7.251491347345507 -18.538000795065624 7.804810145753835 1.728585890407735 -4.515455059510018 -9.193244274877944 4.36234011338189 16.949462567267812 -11.77071022716563 -2.20515263002764 -3.0127496567266814 9.980454343074486 -0.5047428988411679 -20.748658770877405 15.201434551461045
NSAMP 25
SAMP_T 4.14335935009786 4.285333618840536 4.427307887583211 4.569282156325886 4.711256425068561 4.853230693811237 4.995204962553912 5.137179231296587 5.279153500039262 5.421127768781938 5.563102037524613 5.705076306267289 5.847050575009964 5.989024843752639 6.1309991124953145 6.272973381237989 6.414947649980665 6.55692191872334 6.698896187466016 6.840870456208691 6.9828447249513665 7.124818993694042 7.266793262436717 7.408767531179392 7.550741799922067
PWP_POS 0.0822725925981791 -1.1760203782624772 -1.1170560109096666 0.13520313517860086 -1.1059053490014357 -0.9609143739620614 0.36760992675975446 -0.8310745910256871 -0.3601685743239968 0.720742192592611 -0.44694769865154277 0.588547725535743 1.014326679610764 -0.1864883246706106 1.5036812282940875 1.0861804045960042 -0.2160551280835889 2.0523304517691137 0.8832777889209972 -0.5119734727258354 2.1609097934918737 0.4525897650912833 -0.9037644431313694 1.9720570965192008 -0.100060490725917 -1.1705552249808637 1.720565971556817 -0.6518635976441897 -1.138430987092185 1.6077509422307799 -1.0984982166681379 -0.7555981276965728 1.7036251040057377 -1.3673522320741724 -0.09029764583907553 1.9459072243924258 -1.4188300287951872 0.7126397263443507 2.1908696415184226 -1.2469297408253084 1.4777726331169925 2.2673627272539987 -0.879820461548975 2.045028336808441 2.030839516016078 -0.3804152367668819 2.31566856409475 1.417363111869753 0.1547025591106765 2.293025216159028 0.4908900010522026 0.6099669044394812 2.0799938546642855 -0.5650407536163549 0.880903637884205 1.8276541325565017 -1.5184516820697183 0.906718987711419 1.6759049573172873 -2.1703372898705267 0.7023160198879964 1.6947691707754815 -2.4351066811037594 0.37065120071825514 1.8497912192910515 -2.3864751928145647 0.05698831131394064 2.038639030375265 -2.2012443498017475 -0.12343957591874632 2.160294039789516 -2.056348193008711 -0.15905985133983536 2.1858242213381964 -2.0236294742796113
PWP_VEL 0.017084517388495632 0.0846660945970197 0.28788861829954365 0.9524582335161912 1.172699933865484 2.4920177226700986 2.2358104195647224 2.562375496116963 5.817362000752231 2.510467356628592 2.550895202304398 7.059425676777732 1.4212012129551255 0.903453390087744 5.40900653429313 -0.46732502168062734 -1.2823719455349833 2.245715470713367 -2.33090451224138 -2.674631928560167 -0.5338845546362554 -3.6070637432119415 -2.5737768600175164 -1.8360437657652922 -4.029221160017917 -0.9694545770872356 -1.4563081378625231 -3.620679943133923 1.4803431885760197 -0.053380242046978 -2.585779861491725 3.8271391246532813 1.3245101225965656 -1.1550327953754813 5.369570949839798 1.9134654912412499 0.4369754799779132 5.730103742427871 1.3300763831314155 1.9515935911482125 4.855058741929966 -0.42854259680454554 3.1461045665318657 3.014613349078708 -2.9847527579542295 3.7740687085389615 0.8017120635590635 -5.581791470694621 3.6246936322103083 -0.992984260600808 -7.244542940711007 2.662170364521351 -1.8236705734758312 -7.348528572291058 1.0793369134551982 -1.5598488024379362 -5.839046543891497 -0.70131647281986 -0.4895208489904208 -3.2352768662492064 -2.0501292110392493 0.7083627580557997 -0.5907708753277348 -2.4428810480128513 1.347004064320196 1.0559419726791364 -1.8317886474462581 1.1864102468096782 1.3333568209768165 -0.6876808786036861 0.48507900271234217 0.6111137784649161 1.0658141036401503e-14 -5.329070518200751e-15 0.0
PWP_ACC 0.41413539317205883 0.018402640982255077 -0.16532472730109096 9.994273584474001 11.586522024430629 24.641286928724092 6.491756640165306 5.990969658363198 18.441209505582215 -3.039648843597252 -6.42832211553462 -1.8941021481194298 -11.548116846238361 -15.334647708872911 -19.49810631709533 -14.048011161403336 -13.826923858925117 -22.735423690836182 -11.544044549676052 -4.964709112193507 -15.136991282562994 -6.120340870691086 6.3976131120302 -2.9665902623062834 0.13897601591707343 15.405659394454496 7.5119981999036725 5.3516579959698385 17.90584307866829 10.9134119491636 8.956428615536437 14.330233210820097 7.600213734500354 10.923205405624511 6.954899582495683 0.24634301855844498 11.223352204066492 -1.939067267235913 -8.467967442022783 9.828232848694814 -10.07057679930562 -15.862484890603945 6.709211177341889 -15.158538474644516 -19.256976570545746 1.8599517901246054 -14.99269549036912 -16.062276712854988 -4.007424432346252 -9.644818087529094 -6.6230945607690455 -9.325321593707042 -1.90391508432808 5.222458412656142 -12.47617728480442 5.282296458687636 15.432228390658885 -11.842429096485041 8.966099480971792 19.964061556477496 -6.493877890813387 7.042133644165774 15.983800980996437 1.0172545972497113 1.672710093977141 6.777421188267695 7.038524334039888 -3.6315487479993287 -2.4355331343891535 7.917062431106785 -5.359499804934707 -6.434770644602338 1.4210854715202004e-14 1.4210854715202004e-14 1.4210854715202004e-14
END
CASE
KIND MJ2PWP
NAME mj_fuzz4
M 4
A_TIME 5.592164699906928
WP -1.53560230197498 0.03561242344751481 0.6927122912270196 -0.9844975832513008 -0.28485351839404904 -2.4267021240950326 -2.864543157206497 -1.9482857204772224 -1.2741152416056951 2.273047324490153 -2.5458639046910823 1.1895789398118177 0.868424733286183 1.1878079511325979 -2.4858678365416145
T 0.8659197707196887 0.6393139395684981 0.790858497919124 0.68387869333925
V0 -0.2088240972971617 0.257708051692473 -0.28672839637537517
A0 -0.18018002848346024 0.21398743463155584 -0.0496946800970856
VF 0.0 0.0 0.0
AF 0.0 0.0 0.0
NTIMES 5
TIMES 5.592164699906928 6.458084470626617 7.097398410195115 7.888256908114239 8.572135601453489
COEFF_X -1.53560230197498 -0.2088240972971617 -0.09009001424173012 16.587507134309448 -27.33219509217999 11.084453867673524 -0.9844975832512861 -2.877383926271299 -7.995316065710136 5.03067962854944 20.659043666064132 -14.40385419803046 -2.864543157206472 2.6299200448622737 14.67856677420917 -1.0106280823539275 -25.383880195501387 13.920934948130713 2.2730473244901526 0.9557076386701269 -14.11876088085999 5.7586273579541665 29.663568318041076 -25.30488880416257
COEFF_Y 0.03561242344751481 0.257708051692473 0.10699371731577792 -3.114404568124783 3.90008967661282 -1.631845690019609 -0.2848535183940833 -1.0210012433480395 -1.0326280141507467 -1.8416027363030618 -3.1651475521456405 3.945048563374242 -1.9482857204772621 -4.612517207913852 -2.0182277326228455 6.188599210266403 9.44547514205351 -7.898450190497923 -2.5458639046910814 7.046837823770963 9.041596823778956 -13.332686198011759 -21.78730712567752 24.840436854561986
COEFF_Z 0.6927122912270196 -0.28672839637537517 -0.0248473400485428 -17.365687067949143 20.182537660548476 -6.006917661404717 -2.42670212409502 -3.8626535371173016 6.6607428508404745 7.499253702284015 -5.825006159929633 -0.8130902265251226 -1.2741152416056805 7.081805281941798 4.634395192984037 -10.720058025463436 -8.424105739651727 8.28269819197478 1.1895789398118155 -6.169756876715402 -11.443045153412573 14.435568720160644 24.328105514461363 -27.02622685580001
NSAMP 25
SAMP_T 5.592164699906928 5.716330154138035 5.8404956083691415 5.964661062600248 6.088826516831356 6.212991971062462 6.337157425293569 6.461322879524675 6.585488333755782 6.7096537879868885 6.833819242217995 6.957984696449103 7.082150150680208 7.206315604911316 7.330481059142422 7.454646513373529 7.5788119676046355 7.702977421835742 7.827142876066849 7.951308330297955 8.075473784529063 8.199639238760168 8.323804692991276 8.447970147222382 8.572135601453489
PWP_POS -1.53560230197498 0.03561242344751481 0.6927122912270196 -1.5373364034104726 0.06417742580575478 0.6281047309579012 -1.4324676906867038 0.07180383914619042 0.4251168021401387 -1.2152825052779581 0.048868769053700495 0.030397116347987287 -0.9574717323393409 -0.003561089434265495 -0.5368220742267615 -0.7688753964182413 -0.07950860550209951 -1.205998273203803 -0.7582272571657724 -0.17386536623045273 -1.8765521364433901 -0.9938994050573262 -0.2881708302686579 -2.4391408684734865 -1.4655024239930186 -0.4362042817132876 -2.7967572775397254 -2.0660341833235316 -0.645080701584454 -2.88164157605268 -2.6236444633646747 -0.9454905928376902 -2.662082816843442 -2.9519868488536054 -1.3578728729022136 -2.1454327472098225 -2.9012297328834444 -1.8784435514902111 -1.3809853540835324 -2.4086331617252275 -2.4654059441939125 -0.4627169899978021 -1.5322449164076584 -3.03221927219767 0.4733943303816607 -0.43017607345869063 -3.463622219402464 1.269525405235174 0.6872081219452362 -3.642981462247986 1.7748618817902855 1.6065889862791691 -3.4802638865638675 1.8749312831805613 2.160995151318598 -2.9400088141838587 1.5209360428023158 2.2790642295132058 -2.0692676054745287 0.7590513535598904 2.025517128976392 -1.0182091119562093 -0.24818687148804228 1.5803508853815313 -0.009578018142717151 -1.2556562527168973 1.1576192589678567 0.7422684303677727 -2.023801962426024 0.9158493433110979 1.1193044997100623 -2.4143195446498336 0.8684247332861808 1.1878079511326045 -2.4858678365416225
PWP_VEL -0.2088240972971617 0.257708051692473 -0.28672839637537517 0.3398842345483639 0.16815692029038512 -0.9486820683122996 1.3516929149171624 -0.05745519364634814 -2.3897118647361535 2.0451265614175123 -0.30976480915704274 -3.939580324290205 1.9548637857910296 -0.5259524192889353 -5.09938102580743 0.9317371939127064 -0.6897424910971806 -5.541538588310481 -0.8572666142091521 -0.8314034656448581 -5.10980867101174 -2.9290070584492676 -1.0277477549361396 -3.819277970457091 -4.5177664704931875 -1.3947850488696067 -1.8495221585883277 -4.91780189460775 -2.0127712763429697 0.5251969043279019 -3.8069488624739023 -2.855403433423342 3.001872861844713 -1.2738737946901093 -3.783856701819606 5.254308163273685 2.1819259992275466 -4.546784448882384 6.933114063684798 5.670053017454095 -4.788651888244196 7.672110862173065 8.227556264426616 -4.182846999317247 7.1905568787094145 9.235071693577314 -2.605682133784137 5.426781414299651 8.470284528675304 -0.15874831920536403 2.5553528210017986 6.107936920106322 2.831081539645683 -1.0129190394536725 2.719827944872705 5.81165266078272 -4.630982795663833 -0.7282861074060499 8.008115486481865 -7.418335758289447 -3.102140460707781 8.6110910212131 -8.46396044029956 -3.7690400290597195 7.335935408689263 -7.429492007524356 -2.8153071370670926 4.604227423512937 -4.744952734467434 -1.04901745524133 1.5460519535641275 -1.6112147425278778 -3.552713678800501e-15 0.0 -7.105427357601002e-15
PWP_ACC -0.18018002848346024 0.21398743463155584 -0.0496946800970856 7.5451789320279685 -1.4471620557389715 -9.48311727858466 7.703599203541183 -2.040096004306922 -12.828671184991142 2.841312313103126 -1.9396688687484955 -11.466217176621024 -4.49545021223928 -1.5207351067398909 -6.775616030778767 -11.760456845439016 -1.1581491759573117 -0.13672852476893027 -16.407476059449124 -1.2267655340769572 7.070584564103989 -15.890293639972624 -2.1014348507097105 13.46646598640553 -8.716815882843692 -3.9263640587311373 17.885859726704993 2.7056691045559607 -5.9925673266893265 19.958298260093898 15.068423868144572 -7.393819851115175 19.497005044053555 25.06271095384045 -7.223896828539576 16.31520353606524 29.37979290756168 -4.576573455493442 10.226117193610357 25.442890040405 1.1483201584251388 1.2780191661195668 14.920815853792213 8.775735828750781 -9.117452707094369 1.0093670448639376 16.49214494024231 -19.058308619924304 -13.093651255513237 22.483179087388287 -26.64191380865613 -24.190433916472777 24.93446986467729 -29.96563350957573 -29.08317580714811 22.031648866597898 -27.12683295896902 -24.77071852672578 12.124474134635557 -16.399887943523126 -12.613299154608551 -2.797162818281692 0.014937868481211591 1.7553177687763828 -17.1765739292294 16.070586876179362 12.52229685877549 -25.307613977182243 25.558811772227905 13.874802730734658 -21.48413774111438 22.271365249282766 -2.842170943040401e-14 0.0 0.0
END
CASE
KIND MJ2PWP
NAME mj_fuzz5
M 1
A_TIME 1.2271440097681185
WP 2.157614247793079 2.4048208301069405 -0.2669121257718281 -1.0467760832763324 2.9063648838935876 -0.42516721517077816
T 1.3040959584778506
V0 -0.1586110363920753 0.03878601321869365 0.2568301486343175
A0 -0.13284291443439603 -0.0923843984096269 -0.3547259587431501
VF 0.0 0.0 0.0
AF 0.0 0.0 0.0
NTIMES 2
TIMES 1.2271440097681185 2.531239968245969
COEFF_X 2.157614247793079 -0.15861103639208238 -0.06642145721719801 -13.735917299394142 15.929456187469752 -4.902934413555083
COEFF_Y 2.4048208301069405 0.038786013218692586 -0.04619219920481345 2.230840283080417 -2.542708209440873 0.7784309743149206
COEFF_Z -0.2669121257718281 0.2568301486343187 -0.17736297937157505 -1.2116481898793374 1.4342976231865447 -0.43817069944915
NSAMP 25
SAMP_T 1.2271440097681185 1.2814813413713624 1.335818672974606 1.3901560045778498 1.4444933361810937 1.4988306677843375 1.5531679993875813 1.607505330990825 1.6618426625940688 1.7161799941973126 1.7705173258005562 1.8248546574038 1.8791919890070439 1.9335293206102877 1.9878666522135315 2.0422039838167754 2.096541315420019 2.150878647023263 2.2052159786265064 2.2595533102297503 2.313890641832994 2.368227973436238 2.4225653050394813 2.476902636642725 2.531239968245969
PWP_POS 2.157614247793079 2.4048208301069405 -0.2669121257718281 2.1467324773192775 2.4071280780051314 -0.2536624260336277 2.1241107209823675 2.4110107014148943 -0.24245758156675973 2.0811775625923987 2.4178734381970566 -0.23404493219154054 2.012136966951659 2.4286775350876804 -0.22892154649137286 1.9136895850542635 2.4439849956211805 -0.22735912850847706 1.7847540592857483 2.4640028280534594 -0.22942892443962204 1.6261883286226653 2.4886272932850217 -0.23502662933185609 1.4405109338321682 2.5174881527841055 -0.2438972937782382 1.2316223226716123 2.5499929165098076 -0.25566023061356896 1.004526155088144 2.5853710908352032 -0.2698339216101211 0.7650506084182878 2.6227184264704784 -0.2858609241733714 0.5195696825875483 2.661041166386047 -0.30313277803773075 0.2747245053099966 2.6993002937356834 -0.3210149119622757 0.03714463728786255 2.7364557797796407 -0.3388715504264794 -0.1868306225888694 2.7715108318077806 -0.3560906203259422 -0.39143093204287327 2.8035561410626966 -0.3721086576681234 -0.5717336002098801 2.8318141306628384 -0.3864357142680715 -0.7239422824391015 2.8556832035256368 -0.39868026444415533 -0.8456656750936116 2.8747819902906304 -0.4085741117137959 -0.936196210350789 2.8889935972425898 -0.4159972954891963 -0.9967887510026898 2.898509854234641 -0.4210029977730726 -1.0309392852564763 2.903875562611392 -0.42384244985438624 -1.0446636215348324 2.9060327431320596 -0.4249898390040734 -1.046776083276331 2.906364883893588 -0.4251672151707777
PWP_VEL -0.15861103639208238 0.038786013218692586 0.2568301486343187 -0.2774883695262422 0.05192825271377044 0.22772428541026993 -0.5813583155893373 0.09527500690428198 0.18240898302725586 -1.0165795140942064 0.1602573035460569 0.12571930748920312 -1.534639579278513 0.2391204894242075 0.06203195308769845 -2.0921551001047485 0.32492423035312884 -0.0047347575980122795 -2.650871640260233 0.4115425111764996 -0.07112087370102366 -3.1776637381571122 0.49366363576728056 -0.13412481606677087 -3.6445349069323654 0.566790227027717 -0.19120337725303 -4.028617634447794 0.627239226889335 -0.2402717215299174 -4.312173383290032 0.6721418963129455 -0.27970338487989027 -4.482592590770531 0.699443815288642 -0.30833027499774596 -4.532394668925583 0.7079048828358003 -0.32544267129062265 -4.459228004516312 0.6970993170030806 -0.3307892248779991 -4.265869959028649 0.6674156548684245 -0.3245769585916952 -3.9602268686733595 0.6200567525390568 -0.30747126697587057 -3.5553340443860613 0.5570397851514857 -0.2805959162870255 -3.069355771827169 0.4811962468715034 -0.24553304449400115 -2.525585311381935 0.396171950894185 -0.20432316127798078 -1.9524448981604507 0.30642702944388667 -0.15946514803248357 -1.3834857419976032 0.217235933774246 -0.11391625786337567 -0.8573880274531547 0.13468743416818807 -0.0710921155888582 -0.4179609138116618 0.06568461993792507 -0.03486671773947769 -0.1141425350825358 0.017944899424938043 -0.009572432558116795 2.842170943040401e-14 0.0 -8.881784197001252e-16
PWP_ACC -0.13284291443439603 -0.0923843984096269 -0.3547259587431501 -4.062424016672053 0.547331234808398 -0.700340330623498 -6.957617779833553 1.021854145197236 -0.952754471453208 -8.912815565686149 1.346170696740109 -1.1204040496542713 -10.022408735997054 1.5352672534202316 -1.2117247336486738 -10.380788652533514 1.604130179220822 -1.235152191858404 -10.082346677062754 1.5677458381250968 -1.1991220927054511 -9.221474171352012 1.4411005941162738 -1.1120701046118033 -7.892562497168512 1.239180811177571 -0.9824318959994479 -6.190003016279503 0.9769728532922064 -0.8186431352903738 -4.208187090452192 0.6694630844433949 -0.6291394909065695 -2.0415060814538357 0.3316378686143553 -0.4223566312700213 0.21564864894834557 -0.02151643021169214 -0.20673022480272163 2.4688857389871117 -0.37501344805153636 0.009304060073346943 4.623813826895258 -0.7138668209219556 0.217310554936192 6.586041550905506 -1.0230901848397327 0.40885359136382426 8.261177549250647 -1.287697175821652 0.5754975009342607 9.554830460163444 -1.4927014298844927 0.7088066152255079 10.37260892187669 -1.623116583045043 0.8003452658155812 10.620121572623077 -1.6639562713200782 0.8416777842824903 10.202977050635496 -1.6002341307263848 0.824368502204246 9.02678399414657 -1.4169637972807472 0.7399817511588616 6.99715104138923 -1.09915890699995 0.5800818627243522 4.019686830596129 -0.6318330959007739 0.3362331684787243 2.842170943040401e-14 7.105427357601002e-15 -7.105427357601002e-15
END
CASE
KIND MJ2PWP
NAME mj_fuzz6
M 2
A_TIME 5.982748027993301
WP 1.343976720674088 -2.3662260383122424 -2.5052808650018736 -1.290335427947971 -0.09177047654264125 -1.6805699125138556 -1.990470200568864 -1.0845103792278676 2.375898571493469
T 0.7711397956095013 1.2897426612464735
V0 -0.3305411912791733 -0.32770035734814734 -0.17288908493922706
A0 0.009866156941510778 -0.13556645147559906 -0.25591482018979594
VF 0.0 0.0 0.0
AF 0.0 0.0 0.0
NTIMES 3
TIMES 5.982748027993301 6.753887823602803 8.043630484849276
COEFF_X 1.343976720674088 -0.3305411912791733 0.004933078470755389 -18.098138056883 22.77138799483136 -7.831473642429468 -1.290335427947973 -4.687657071934351 3.4710160388759808 5.571182211316143 -7.42441692488992 2.2873574229006337
COEFF_Y -2.3662260383122424 -0.32770035734814734 -0.06778322573779953 21.1872941012772 -27.78372131753631 9.815368215790146 -0.09177047654264148 3.757243205805642 -5.1736412310308 -6.145505235410254 10.061383881245732 -3.331157989194768
COEFF_Z -2.5052808650018736 -0.17288908493922706 -0.12795741009489797 2.072108748390967 1.1081497950032038 -1.1292397832503338 -1.6805699125138567 3.3623828695385827 3.4412307145960934 -1.2248363503688109 -3.245858883245696 1.5705016632459268
NSAMP 25
SAMP_T 5.982748027993301 6.0686181303622995 6.154488232731299 6.240358335100298 6.326228437469297 6.412098539838295 6.497968642207295 6.583838744576294 6.6697088469452925 6.755578949314291 6.84144905168329 6.92731915405229 7.013189256421288 7.099059358790287 7.184929461159286 7.270799563528286 7.356669665897284 7.442539768266283 7.528409870635282 7.614279973004281 7.70015007537328 7.786020177742278 7.871890280111278 7.957760382480277 8.043630484849276
PWP_POS 1.343976720674088 -2.3662260383122424 -2.5052808650018736 1.3053716843732701 -2.382914984939903 -2.519703391617218 1.2143198696412278 -2.3398855970972607 -2.5274555158881427 1.0411523780680185 -2.2041546175467954 -2.519286944492437 0.7771394738958954 -1.9679955731789427 -2.485766693230184 0.4301029071155823 -1.643439597413046 -2.417915757136936 0.02002823656255276 -1.2567762525983177 -2.3078397805969026 -0.42532284698667455 -0.843054352414808 -2.1493617274561263 -0.8748001977182647 -0.44058278427435904 -1.9386545511356699 -1.2982528916846576 -0.08543133172172584 -1.6748738647447512 -1.670864821479604 0.19400083720779518 -1.3607767154632329 -1.9762150854599945 0.3807599169512448 -1.0030001294062552 -2.206221418202726 0.4690626151558436 -0.6115080403949932 -2.3599014420297504 0.46248540008910305 -0.19872280902853345 -2.442091147616791 0.37209817947894763 0.22135466968244727 -2.4621633746020706 0.21459797935385141 0.6340248586820021 -2.4327462921950462 0.010442622882968322 1.0247694712352509 -2.3684418797851334 -0.21801559078374477 1.380131363294716 -2.2845444075504284 -0.4483962076753958 1.688594425866644 -2.1957589170664447 -0.660156940160016 1.9414634773773272 -2.1149197019148374 -0.836459988104445 2.1337441560394397 -2.0517087882921254 -0.966038360034196 2.265022812218369 -2.0113744156184254 -1.0450621942933243 2.34034640079854 -1.993449517146173 -1.0790050802043023 2.371102373549745 -1.9904702005688613 -1.0845103792278774 2.375898571493469
PWP_VEL -0.3305411912791733 -0.32770035734814734 -0.17288908493922706 -0.6744989635587135 0.061643343040896206 -0.1465277153620539 -1.5029214978013896 1.0035042431567813 -0.015950121525893847 -2.5464135043096605 2.1717342174607137 0.22463181048301625 -3.5866763706074054 3.3042257953954115 0.573638436817274 -4.456508161439951 4.202912161385131 1.0221223558683232 -5.039803618774048 4.733767154835647 1.5537684082664498 -5.271554161797848 4.826805270134228 2.144893676880769 -5.137847886920964 4.476081656649688 2.7644474868192326 -4.675869567360577 3.739692118194686 3.3740114055390507 -3.9709266089055464 2.7359091933466804 3.9285927288171276 -3.1255461513285625 1.6030326793402807 4.384869488063191 -2.229871879417864 0.46092875679319867 4.709088690313184 -1.359123548026599 -0.59227063072076 4.877744126315358 -0.573596982072841 -1.4801677766716672 4.877576370530273 0.08133592346038843 -2.1480992115734505 4.705572781130784 0.5752272035251482 -2.5631357029839315 4.368967500002061 0.8925528230085802 -2.714082255504815 3.8852414527415684 1.0327126767328902 -2.6114781107816825 3.2821223486590783 1.0100305894553596 -2.2875967475039936 2.59758468077667 0.8537543158683398 -1.7964458814050897 1.8798497258287385 0.6080555405992616 -1.213767465262201 1.1873855442619607 0.3320298782106228 -0.6370376888964238 0.5889069802353273 0.09969687319998499 -0.18546697917272326 0.16337566162014028 7.105427357601002e-15 2.1316282072803006e-14 3.552713678800501e-15
PWP_ACC 0.009866156941510778 -0.13556645147559906 -0.25591482018979594 -7.39893638318508 8.446444366717108 0.8954317523755689 -11.37297385175255 12.85740562111136 2.1570843864574485 -12.507292438432913 13.843102552608773 3.443241882827021 -11.396938332898287 12.14932040211107 4.668103042255463 -8.636957724820814 8.521844410519991 5.7458666655139785 -4.822396803872529 3.7064598187371374 6.590731553373768 -0.5483017597255682 -1.5510481323357013 7.116896506606009 3.5902812179479255 -6.504894201796837 7.238560325981893 6.998306918262468 -10.409294420397703 6.869922073416491 9.216587548803888 -12.69497266851628 5.961428071115382 10.298201900128147 -13.458196703434375 4.6001992548606525 10.416946550128479 -12.952072512501166 2.9055645113033752 9.746618076698121 -11.42970608306584 0.9968527270945926 8.461013057730277 -9.144203402477538 -1.0066072111146624 6.733928071118177 -6.348670458085447 -2.985486416673316 4.739159694755067 -3.2962132372387742 -4.820456002930296 2.6505045065341584 -0.2399377272866552 -6.3921870832345675 0.6417590843486423 2.567050084421748 -7.58135077093508 -1.1132799939082254 4.871644210537248 -8.268618179380777 -2.4408161503432027 6.420738663710644 -8.334660421920592 -3.167052807063108 6.961227456592809 -7.66014861190348 -3.1181933861746955 6.240004601834556 -6.125753862678394 -2.1204413097847237 4.003964112086678 -3.612147287594233 -1.4210854715202004e-14 5.684341886080802e-14 -2.842170943040401e-14
END
CASE
KIND MJ2PWP
NAME mj_fuzz7
M 4
A_TIME 4.696145432393461
WP 0.8257366574808156 0.257179709242469 0.888168405750223 0.8091712326462233 -2.1481581004211248 2.1142601688049485 -1.6230219486659425 -0.8196373849080221 -2.348221926583943 1.1095977102996333 0.00039670729952145933 2.121943428061022 0.041946955658352714 -2.5408130006034417 0.21433397463916304
T 1.180625480131778 1.157664999773917 1.359452924138722 0.8536673302649449
V0 -0.25297485275562226 0.09924874201436977 -0.41642796795562553
A0 -0.12317362012533609 -0.06505662322077584 -0.06295045281520188
VF 0.0 0.0 0.0
AF 0.0 0.0 0.0
NTIMES 5
TIMES 4.696145432393461 5.876770912525239 7.0344359122991555 8.393888836437878 9.247556166702823
COEFF_X 0.8257366574808156 -0.2529748527556206 -0.06158681006266804 3.1717235790367964 -3.748060809492896 1.0595780767674912 0.8091712326462233 -1.5141232788441987 -2.7368319058790442 0.24070927703127468 2.5067635686107295 -0.9076873969347735 -1.6230219486659427 0.5223523542577129 4.173690306989238 -0.3160407945081017 -2.74722608222568 0.9661984091537955 1.1095977102996333 -0.9904292864839013 -3.3033529524779874 2.6014922698571565 3.820280180885864 -3.225033594081533
COEFF_Y 0.257179709242469 0.09924874201437016 -0.03252831161038792 -5.638132550175728 4.7345422664375025 -1.0451984893733297 -2.1481581004211248 -2.5421534261811174 2.3938381491322054 2.1519760197987323 -1.4353975753094794 0.145552714349268 -0.8196373849080221 4.051655876936864 0.5836567019068643 -2.5441817372441897 -0.5928911601882879 0.5708137667649841 0.00039670729952145933 -4.67748103187065 -2.025557303101856 4.781066942205178 3.2870810616481925 -3.952926853192871
COEFF_Z 0.888168405750223 -0.4164279679556304 -0.03147522640760094 8.42752473340431 -9.1461499940774 2.4687408739055234 2.1142601688049485 -1.47278641705508 -6.047107593628881 -0.35398669098908647 5.427141903800869 -1.8524298766679859 -2.3482219265839426 0.14775345482598862 7.623602953581701 -0.04878534575623096 -5.295324259969337 1.8066871502021027 2.121943428061022 -1.7573480752421595 -5.901884756498723 4.54584505167764 6.985206386761179 -5.832225964748002
NSAMP 25
SAMP_T 4.696145432393461 4.885787546323018 5.075429660252574 5.265071774182132 5.454713888111688 5.644356002041245 5.833998115970802 6.023640229900359 6.213282343829915 6.402924457759472 6.592566571689028 6.782208685618586 6.971850799548142 7.161492913477699 7.351135027407256 7.540777141336813 7.730419255266369 7.920061369195926 8.109703483125482 8.29934559705504 8.488987710984595 8.678629824914154 8.86827193884371 9.057914052773267 9.247556166702823
PWP_POS 0.8257366574808156 0.257179709242469 0.888168405750223 0.7925912941795072 0.24224513667773426 0.8543182578731381 0.8247366427320033 0.07228909888067003 1.0156235866628933 0.9164294255587939 -0.3014125488333356 1.3819140923058175 1.0079549639147576 -0.8421436343277199 1.8244360423661745 1.0168152226344098 -1.4585124588654934 2.148518177704765 0.8689168548771509 -2.0352165873299675 2.1662376183975125 0.5296248100151636 -2.4637262661793327 1.7687904741672198 0.02713345427001636 -2.6683177669378217 0.981987589859025 -0.5545720230068528 -2.613700264235966 -0.04504576176009159 -1.1011001681409807 -2.30153822373339 -1.0914677722436394 -1.494370215237529 -1.766167315805133 -1.9192446404396688 -1.6393293199283778 -1.0703101587535615 -2.3276757341071677 -1.4906077439279204 -0.3007779805301558 -2.2077975887318138 -1.073576292947166 0.4370980763703023 -1.585857245582023 -0.47792558896629306 1.031271565566685 -0.6131292658634042 0.1688694493975819 1.3793502134326996 0.4835451968837701 0.7299872778864553 1.4053970713973687 1.4549336352700748 1.0876991968756882 1.0767320765750776 2.082590939973991 1.1718088216482618 0.4207336123956087 2.232038151658969 0.9880589525948584 -0.4583951171452548 1.9058817962001404 0.6388890694236348 -1.371115947406473 1.2829915152932687 0.290083354627872 -2.0924478228097265 0.6590581156671323 0.08345420369458001 -2.470104618745872 0.288796235497198 0.041946955658354046 -2.5408130006034404 0.2143339746391666
PWP_VEL -0.2529748527556206 0.09924874201437016 -0.4164279679556304 -0.02952832221450282 -0.39899549166298093 0.24734691803883693 0.3607505498503525 -1.4335089698740064 1.4560608104360493 0.5510370002216529 -2.472644423758446 2.2873638052145293 0.33896364331307716 -3.1469801027402324 2.2020798852753156 -0.3133795288307173 -3.249319774527523 1.0442069204420008 -1.279445146534112 -2.7346927251126854 -0.9590833325393149 -2.2728052134335015 -1.7175835318927004 -3.207498231271032 -2.950401378807323 -0.40943648912416897 -4.9544172569573215 -3.0814889083387595 0.9836032072882817 -5.677983641184925 -2.576172531717445 2.277961706641825 -5.143784401560154 -1.485439365954552 3.3126564313392253 -3.4049226589777932 -0.0011589153828186483 3.949296076888829 -0.8020176376211268 1.5463587139492372 4.072634752564116 2.0415633840072314 2.770408045871621 3.609191387890529 4.379913930489991 3.3969013812708915 2.565605703221436 5.674618517351127 3.3015711706576774 1.0370809441134001 5.6673973311423 2.5101137606675694 -0.7925834967349235 4.3803869217172995 1.1981893940611235 -2.6509920794827866 2.116140202232055 -0.3085777902761553 -4.177153117147368 -0.5423735508553982 -1.5363137667958193 -4.923328764871925 -2.7348926406609873 -1.9920809361908993 -4.49447024345362 -3.5593171120769975 -1.553512924480339 -2.968764057306917 -2.781854688448801 -0.5971273250546933 -1.0361243429668092 -1.0708827690189118 0.0 -1.7763568394002505e-15 0.0
PWP_ACC -0.12317362012533609 -0.06505662322077584 -0.06295045281520188 2.012764651264306 -4.579708110617913 5.915882855322416 1.7808035002736335 -5.863220610448279 6.020826527867159 0.04814153708086755 -4.771023936916894 2.272391088472318 -2.318022628135747 -2.15854790422879 -3.3089129392087457 -4.4504903851979805 1.1187776734109889 -8.70257503152272 -5.482063123927606 4.205522981797436 -11.888084664816319 -4.670190486751037 6.321705602521854 -11.11872577300453 -2.2730425353091146 7.293061592743987 -6.84590138618778 0.9695740762780862 7.2368531711498285 -0.5789469709618764 4.314773791620501 6.27220616183762 6.166039084341195 7.019671054328073 4.518246388905588 11.872958391389442 8.34138030801072 2.0940996764519904 15.025712561850845 7.61388812715187 -0.8636627323014991 14.25831060564415 5.05414943649506 -4.018088093477527 9.928924506828013 1.4437501440171303 -6.904085883737373 3.498275208386106 -2.426536577500957 -9.054480614966629 -3.554976471724771 -5.7659375552782315 -10.002096799050875 -9.752169715547804 -7.783679616533721 -9.279758947875685 -13.614643705126156 -7.68898958848645 -6.420291573326601 -13.663737622503035 -4.763188083703128 -1.0343324853773093 -8.552188329920076 0.06559811042901909 5.4900260533503005 0.06580872328621323 4.228717504993139 9.994017137402434 7.546048074437083 5.086681126134909 9.242416531409027 9.115216305889398 -3.552713678800501e-14 -7.105427357601002e-14 -7.105427357601002e-14
END
CASE
KIND APPEND
NAME append_normal
NPLAN 20
PLAN 0.0 0.0 2.0 0.1 0.0 2.0 0.2 0.0 2.0 0.30000000000000004 0.0 2.0 0.4 0.0 2.0 0.5 0.0 2.0 0.6000000000000001 0.0 2.0 0.7000000000000001 0.0 2.0 0.8 0.0 2.0 0.9 0.0 2.0 1.0 0.0 2.0 1.1 0.0 2.0 1.2000000000000002 0.0 2.0 1.3 0.0 2.0 1.4000000000000001 0.0 2.0 1.5 0.0 2.0 1.6 0.0 2.0 1.7000000000000002 0.0 2.0 1.8 0.0 2.0 1.9000000000000001 0.0 2.0
NSET 10
SET 2.0 0.0 2.0 2.1 0.0 2.0 2.2 0.0 2.0 2.3 0.0 2.0 2.4 0.0 2.0 2.5 0.0 2.0 2.6 0.0 2.0 2.7 0.0 2.0 2.8 0.0 2.0 2.9 0.0 2.0
K_VALUE_IN 5
OK 1
K_VALUE_OUT 5
NFINAL 25
FINAL 0.0 0.0 2.0 0.1 0.0 2.0 0.2 0.0 2.0 0.30000000000000004 0.0 2.0 0.4 0.0 2.0 0.5 0.0 2.0 0.6000000000000001 0.0 2.0 0.7000000000000001 0.0 2.0 0.8 0.0 2.0 0.9 0.0 2.0 1.0 0.0 2.0 1.1 0.0 2.0 1.2000000000000002 0.0 2.0 1.3 0.0 2.0 1.4000000000000001 0.0 2.0 2.0 0.0 2.0 2.1 0.0 2.0 2.2 0.0 2.0 2.3 0.0 2.0 2.4 0.0 2.0 2.5 0.0 2.0 2.6 0.0 2.0 2.7 0.0 2.0 2.8 0.0 2.0 2.9 0.0 2.0
END
CASE
KIND APPEND
NAME append_k_zero
NPLAN 10
PLAN 0.0 0.0 2.0 0.1 0.0 2.0 0.2 0.0 2.0 0.30000000000000004 0.0 2.0 0.4 0.0 2.0 0.5 0.0 2.0 0.6000000000000001 0.0 2.0 0.7000000000000001 0.0 2.0 0.8 0.0 2.0 0.9 0.0 2.0
NSET 8
SET 1.0 0.0 2.0 1.1 0.0 2.0 1.2 0.0 2.0 1.3 0.0 2.0 1.4 0.0 2.0 1.5 0.0 2.0 1.6 0.0 2.0 1.7000000000000002 0.0 2.0
K_VALUE_IN 0
OK 1
K_VALUE_OUT 0
NFINAL 18
FINAL 0.0 0.0 2.0 0.1 0.0 2.0 0.2 0.0 2.0 0.30000000000000004 0.0 2.0 0.4 0.0 2.0 0.5 0.0 2.0 0.6000000000000001 0.0 2.0 0.7000000000000001 0.0 2.0 0.8 0.0 2.0 0.9 0.0 2.0 1.0 0.0 2.0 1.1 0.0 2.0 1.2 0.0 2.0 1.3 0.0 2.0 1.4 0.0 2.0 1.5 0.0 2.0 1.6 0.0 2.0 1.7000000000000002 0.0 2.0
END
CASE
KIND APPEND
NAME append_k_exceeds
NPLAN 3
PLAN 0.0 0.0 2.0 0.1 0.0 2.0 0.2 0.0 2.0
NSET 5
SET 0.3 0.0 2.0 0.4 0.0 2.0 0.5 0.0 2.0 0.6000000000000001 0.0 2.0 0.7 0.0 2.0
K_VALUE_IN 10
OK 1
K_VALUE_OUT 2
NFINAL 3
FINAL 0.0 0.0 2.0 0.1 0.0 2.0 0.2 0.0 2.0
END
CASE
KIND APPEND
NAME append_k_all
NPLAN 6
PLAN 0.0 0.0 2.0 0.1 0.0 2.0 0.2 0.0 2.0 0.30000000000000004 0.0 2.0 0.4 0.0 2.0 0.5 0.0 2.0
NSET 6
SET 0.0 0.0 2.0 0.1 0.0 2.0 0.2 0.0 2.0 0.30000000000000004 0.0 2.0 0.4 0.0 2.0 0.5 0.0 2.0
K_VALUE_IN 6
OK 1
K_VALUE_OUT 6
NFINAL 6
FINAL 0.0 0.0 2.0 0.1 0.0 2.0 0.2 0.0 2.0 0.30000000000000004 0.0 2.0 0.4 0.0 2.0 0.5 0.0 2.0
END
CASE
KIND APPEND
NAME append_fuzz0
NPLAN 23
PLAN 0.0 -0.0882322720068145 2.0 0.1 -0.32118787848641195 2.0 0.2 0.9600175281053758 2.0 0.30000000000000004 0.9274929219948849 2.0 0.4 -0.7883963558487301 2.0 0.5 0.6645231104516607 2.0 0.6000000000000001 -0.39603562071283993 2.0 0.7000000000000001 -0.28829453902167135 2.0 0.8 0.30115438085332724 2.0 0.9 0.22497237632327738 2.0 1.0 0.5491758221961636 2.0 1.1 0.7763373403262122 2.0 1.2000000000000002 -0.5394118318457408 2.0 1.3 0.49726512889061625 2.0 1.4000000000000001 -0.0666757093223651 2.0 1.5 0.5979435651172937 2.0 1.6 -0.7721641027639152 2.0 1.7000000000000002 0.947576202408813 2.0 1.8 -0.06274315322164536 2.0 1.9000000000000001 0.9914117716904591 2.0 2.0 0.930322454367372 2.0 2.1 0.15838331213420864 2.0 2.2 0.3778086064511965 2.0
NSET 13
SET 1.8822808441991006 -0.7001040384012494 2.0 1.3506058374607 0.07886577952403684 2.0 1.3533298759144212 -0.16355927065668063 2.0 0.8150895386377707 0.3567990001432473 2.0 2.271201970376718 0.5977293114333031 2.0 2.049731905183203 0.8714051266233731 2.0 2.2166596161789927 -0.6101878359976949 2.0 2.420457358907744 0.5695410021978538 2.0 2.1880276298471326 0.7453634197202423 2.0 1.1580094834636436 -0.12295222770853287 2.0 1.5702351848615224 0.042739373669768765 2.0 1.5219061464514747 -0.28822375363064023 2.0 2.229735620575951 0.4216172110862886 2.0
K_VALUE_IN 16
OK 1
K_VALUE_OUT 16
NFINAL 20
FINAL 0.0 -0.0882322720068145 2.0 0.1 -0.32118787848641195 2.0 0.2 0.9600175281053758 2.0 0.30000000000000004 0.9274929219948849 2.0 0.4 -0.7883963558487301 2.0 0.5 0.6645231104516607 2.0 0.6000000000000001 -0.39603562071283993 2.0 1.8822808441991006 -0.7001040384012494 2.0 1.3506058374607 0.07886577952403684 2.0 1.3533298759144212 -0.16355927065668063 2.0 0.8150895386377707 0.3567990001432473 2.0 2.271201970376718 0.5977293114333031 2.0 2.049731905183203 0.8714051266233731 2.0 2.2166596161789927 -0.6101878359976949 2.0 2.420457358907744 0.5695410021978538 2.0 2.1880276298471326 0.7453634197202423 2.0 1.1580094834636436 -0.12295222770853287 2.0 1.5702351848615224 0.042739373669768765 2.0 1.5219061464514747 -0.28822375363064023 2.0 2.229735620575951 0.4216172110862886 2.0
END
CASE
KIND APPEND
NAME append_fuzz1
NPLAN 29
PLAN 0.0 -0.11798928356947314 2.0 0.1 0.8158223302363021 2.0 0.2 -0.5497622576158967 2.0 0.30000000000000004 0.8579320318844565 2.0 0.4 -0.6215038133500705 2.0 0.5 0.2515094889363323 2.0 0.6000000000000001 -0.02400781781332828 2.0 0.7000000000000001 0.32195772063494155 2.0 0.8 -0.32300027517246366 2.0 0.9 0.6142182880652691 2.0 1.0 0.07181253614935512 2.0 1.1 -0.4716474082923008 2.0 1.2000000000000002 0.26188092615842584 2.0 1.3 0.024592354306504083 2.0 1.4000000000000001 -0.7716006643105062 2.0 1.5 -0.6150900938626114 2.0 1.6 -0.4582527135866714 2.0 1.7000000000000002 0.973275441480751 2.0 1.8 -0.11642091647748831 2.0 1.9000000000000001 -0.8487996846113428 2.0 2.0 0.7083146961479196 2.0 2.1 0.4522916296106807 2.0 2.2 -0.24810588609372708 2.0 2.3000000000000003 0.27842421797675065 2.0 2.4000000000000004 -0.5094882062154991 2.0 2.5 -0.7366415028311932 2.0 2.6 -0.3483433062090602 2.0 2.7 -0.3520785671837672 2.0 2.8000000000000003 -0.4026652810635043 2.0
NSET 6
SET 2.442375992648179 0.9567137928290355 2.0 2.2415233715011236 0.36606466519584435 2.0 2.3890634385703575 -0.5356889523028565 2.0 1.97143611311463 0.5547039738345727 2.0 2.9533662974495627 -0.36910858671265356 2.0 1.9763722286619556 -0.11587926336766441 2.0
K_VALUE_IN 11
OK 1
K_VALUE_OUT 11
NFINAL 24
FINAL 0.0 -0.11798928356947314 2.0 0.1 0.8158223302363021 2.0 0.2 -0.5497622576158967 2.0 0.30000000000000004 0.8579320318844565 2.0 0.4 -0.6215038133500705 2.0 0.5 0.2515094889363323 2.0 0.6000000000000001 -0.02400781781332828 2.0 0.7000000000000001 0.32195772063494155 2.0 0.8 -0.32300027517246366 2.0 0.9 0.6142182880652691 2.0 1.0 0.07181253614935512 2.0 1.1 -0.4716474082923008 2.0 1.2000000000000002 0.26188092615842584 2.0 1.3 0.024592354306504083 2.0 1.4000000000000001 -0.7716006643105062 2.0 1.5 -0.6150900938626114 2.0 1.6 -0.4582527135866714 2.0 1.7000000000000002 0.973275441480751 2.0 2.442375992648179 0.9567137928290355 2.0 2.2415233715011236 0.36606466519584435 2.0 2.3890634385703575 -0.5356889523028565 2.0 1.97143611311463 0.5547039738345727 2.0 2.9533662974495627 -0.36910858671265356 2.0 1.9763722286619556 -0.11587926336766441 2.0
END
CASE
KIND APPEND
NAME append_fuzz2
NPLAN 17
PLAN 0.0 -0.9114981864190264 2.0 0.1 -0.36270625297369574 2.0 0.2 0.3148565235708829 2.0 0.30000000000000004 -0.9972821642756393 2.0 0.4 0.2551268727610243 2.0 0.5 -0.8732113140539193 2.0 0.6000000000000001 0.4987734978952154 2.0 0.7000000000000001 -0.5453431602300174 2.0 0.8 0.823281001629538 2.0 0.9 -0.6096642208518168 2.0 1.0 0.37360498263285224 2.0 1.1 0.37605250020254655 2.0 1.2000000000000002 -0.2933468156602974 2.0 1.3 0.838697678331852 2.0 1.4000000000000001 -0.3172085481410416 2.0 1.5 -0.5436215161389899 2.0 1.6 0.04328451236773034 2.0
NSET 13
SET 0.6149588372877755 -0.384494267140165 2.0 1.188458475098145 -0.41534867836953304 2.0 2.2911279863618237 0.13273065596389988 2.0 1.9716939417306065 0.5328203280374788 2.0 2.8813687331561963 0.6691856993157896 2.0 0.3030581257466808 0.8472720756873782 2.0 1.3778250684372226 0.97387360473615 2.0 2.407698444730251 0.7348107146972975 2.0 2.8577623194458774 -0.4645353177866969 2.0 1.826662509698616 -0.1829322604050505 2.0 1.5090999447295734 0.7338608369339448 2.0 2.8240466194791125 0.8274915063395722 2.0 1.0240794530602235 0.7892550999786898 2.0
K_VALUE_IN 12
OK 1
K_VALUE_OUT 12
NFINAL 18
FINAL 0.0 -0.9114981864190264 2.0 0.1 -0.36270625297369574 2.0 0.2 0.3148565235708829 2.0 0.30000000000000004 -0.9972821642756393 2.0 0.4 0.2551268727610243 2.0 0.6149588372877755 -0.384494267140165 2.0 1.188458475098145 -0.41534867836953304 2.0 2.2911279863618237 0.13273065596389988 2.0 1.9716939417306065 0.5328203280374788 2.0 2.8813687331561963 0.6691856993157896 2.0 0.3030581257466808 0.8472720756873782 2.0 1.3778250684372226 0.97387360473615 2.0 2.407698444730251 0.7348107146972975 2.0 2.8577623194458774 -0.4645353177866969 2.0 1.826662509698616 -0.1829322604050505 2.0 1.5090999447295734 0.7338608369339448 2.0 2.8240466194791125 0.8274915063395722 2.0 1.0240794530602235 0.7892550999786898 2.0
END
CASE
KIND APPEND
NAME append_fuzz3
NPLAN 15
PLAN 0.0 -0.8427490764741354 2.0 0.1 0.7051313429296291 2.0 0.2 0.1637494738157459 2.0 0.30000000000000004 -0.45404598498979465 2.0 0.4 0.7497001707205089 2.0 0.5 -0.9395254376569426 2.0 0.6000000000000001 -0.773239248081993 2.0 0.7000000000000001 -0.23971039658637538 2.0 0.8 0.5408757033167542 2.0 0.9 0.2149608387967894 2.0 1.0 -0.9626586843134997 2.0 1.1 -0.19082201984261848 2.0 1.2000000000000002 -0.4833791655396751 2.0 1.3 0.47604322203709293 2.0 1.4000000000000001 -0.33847804791850544 2.0
NSET 12
SET 2.389612691905718 -0.16483827729771994 2.0 1.543330330056471 0.8525869196276241 2.0 1.368969999378594 -0.6361247683197186 2.0 1.0986140655545737 -0.22921517843728045 2.0 1.991696805620882 0.6238837083832693 2.0 0.1481043181670153 -0.8106578413160728 2.0 2.1838113064153353 -0.6054713810026695 2.0 1.6868035883824222 -0.39480008970986225 2.0 0.7720678572951442 -0.9165573369583684 2.0 0.8647010372542702 0.1303898448292764 2.0 2.609111680022019 -0.664713085991617 2.0 1.0676976738720807 0.005582693432176544 2.0
K_VALUE_IN 11
OK 1
K_VALUE_OUT 11
NFINAL 16
FINAL 0.0 -0.8427490764741354 2.0 0.1 0.7051313429296291 2.0 0.2 0.1637494738157459 2.0 0.30000000000000004 -0.45404598498979465 2.0 2.389612691905718 -0.16483827729771994 2.0 1.543330330056471 0.8525869196276241 2.0 1.368969999378594 -0.6361247683197186 2.0 1.0986140655545737 -0.22921517843728045 2.0 1.991696805620882 0.6238837083832693 2.0 0.1481043181670153 -0.8106578413160728 2.0 2.1838113064153353 -0.6054713810026695 2.0 1.6868035883824222 -0.39480008970986225 2.0 0.7720678572951442 -0.9165573369583684 2.0 0.8647010372542702 0.1303898448292764 2.0 2.609111680022019 -0.664713085991617 2.0 1.0676976738720807 0.005582693432176544 2.0
END
CASE
KIND APPEND
NAME append_fuzz4
NPLAN 8
PLAN 0.0 -0.40901475109427454 2.0 0.1 0.07925349591232189 2.0 0.2 -0.5244410746443866 2.0 0.30000000000000004 0.8306604162704527 2.0 0.4 0.09466229584377661 2.0 0.5 -0.808422047629682 2.0 0.6000000000000001 -0.6294303693578822 2.0 0.7000000000000001 0.8949042009644763 2.0
NSET 13
SET 2.5954828011884827 0.23117025703891803 2.0 2.8435470015772095 -0.5223926117274085 2.0 2.3236588550589317 0.8925726933228639 2.0 0.12630819024617101 0.1900034897122238 2.0 1.0432891548795267 0.028448487755399876 2.0 2.7265798702601067 -0.6687487229354003 2.0 0.6940064874897269 -0.6944180846716859 2.0 0.32948971865351184 0.1383338199057602 2.0 0.25058433769189725 0.7206059963991784 2.0 0.9396090094739193 -0.2756512826525883 2.0 2.3642121988473384 0.30854322748207874 2.0 0.3087993805329856 0.1097847763298132 2.0 2.1024938117102554 -0.6441031730264799 2.0
K_VALUE_IN 10
OK 1
K_VALUE_OUT 7
NFINAL 8
FINAL 0.0 -0.40901475109427454 2.0 0.1 0.07925349591232189 2.0 0.2 -0.5244410746443866 2.0 0.30000000000000004 0.8306604162704527 2.0 0.4 0.09466229584377661 2.0 0.5 -0.808422047629682 2.0 0.6000000000000001 -0.6294303693578822 2.0 0.7000000000000001 0.8949042009644763 2.0
END
CASE
KIND APPEND
NAME append_fuzz5
NPLAN 29
PLAN 0.0 -0.28516863443634133 2.0 0.1 -0.9605724163799456 2.0 0.2 -0.17373222826864 2.0 0.30000000000000004 -0.684199113183654 2.0 0.4 0.5541397616952701 2.0 0.5 -0.625912179395745 2.0 0.6000000000000001 -0.394488933333474 2.0 0.7000000000000001 -0.22806223295107442 2.0 0.8 0.735640852763896 2.0 0.9 0.43031452429365746 2.0 1.0 -0.22751882921620226 2.0 1.1 0.3132949578980031 2.0 1.2000000000000002 -0.6805338755395605 2.0 1.3 -0.3634500450730076 2.0 1.4000000000000001 -0.9843106587629511 2.0 1.5 0.8915829799975821 2.0 1.6 -0.4389272593914997 2.0 1.7000000000000002 -0.1170553123128446 2.0 1.8 -0.5268355981607227 2.0 1.9000000000000001 -0.9812653514813447 2.0 2.0 0.6705784917833575 2.0 2.1 -0.5881407523152093 2.0 2.2 -0.44889093124629853 2.0 2.3000000000000003 -0.8218687651775007 2.0 2.4000000000000004 0.3120580466843055 2.0 2.5 -0.8240947497526878 2.0 2.6 -0.3244254931559023 2.0 2.7 -0.166361410468028 2.0 2.8000000000000003 -0.6697399106947528 2.0
NSET 10
SET 1.1116980896630135 0.4234476200812043 2.0 2.700206707635454 -0.3295843988927736 2.0 2.32751825288431 -0.9869017756384284 2.0 1.878909426330451 -0.796793827363979 2.0 1.586055087101702 -0.493063194983548 2.0 0.47040002317951046 0.7236257710093772 2.0 2.6981259486202243 -0.06420612151300698 2.0 1.5919918857847162 0.4865316204971264 2.0 0.11453310061576571 -0.5410858925004918 2.0 0.825965282235523 -0.2421540178717294 2.0
K_VALUE_IN 7
OK 1
K_VALUE_OUT 7
NFINAL 32
FINAL 0.0 -0.28516863443634133 2.0 0.1 -0.9605724163799456 2.0 0.2 -0.17373222826864 2.0 0.30000000000000004 -0.684199113183654 2.0 0.4 0.5541397616952701 2.0 0.5 -0.625912179395745 2.0 0.6000000000000001 -0.394488933333474 2.0 0.7000000000000001 -0.22806223295107442 2.0 0.8 0.735640852763896 2.0 0.9 0.43031452429365746 2.0 1.0 -0.22751882921620226 2.0 1.1 0.3132949578980031 2.0 1.2000000000000002 -0.6805338755395605 2.0 1.3 -0.3634500450730076 2.0 1.4000000000000001 -0.9843106587629511 2.0 1.5 0.8915829799975821 2.0 1.6 -0.4389272593914997 2.0 1.7000000000000002 -0.1170553123128446 2.0 1.8 -0.5268355981607227 2.0 1.9000000000000001 -0.9812653514813447 2.0 2.0 0.6705784917833575 2.0 2.1 -0.5881407523152093 2.0 1.1116980896630135 0.4234476200812043 2.0 2.700206707635454 -0.3295843988927736 2.0 2.32751825288431 -0.9869017756384284 2.0 1.878909426330451 -0.796793827363979 2.0 1.586055087101702 -0.493063194983548 2.0 0.47040002317951046 0.7236257710093772 2.0 2.6981259486202243 -0.06420612151300698 2.0 1.5919918857847162 0.4865316204971264 2.0 0.11453310061576571 -0.5410858925004918 2.0 0.825965282235523 -0.2421540178717294 2.0
END
CASE
KIND APPEND
NAME append_fuzz6
NPLAN 21
PLAN 0.0 -0.48223315813748724 2.0 0.1 -0.7762778266851589 2.0 0.2 -0.7551143907927871 2.0 0.30000000000000004 -0.8055657026949579 2.0 0.4 0.21493529641875275 2.0 0.5 -0.03512059947252255 2.0 0.6000000000000001 -0.1040853739100065 2.0 0.7000000000000001 -0.5319799139573376 2.0 0.8 -0.09899386376741992 2.0 0.9 -0.8832391776666066 2.0 1.0 -0.39671347937018764 2.0 1.1 -0.8448408306667605 2.0 1.2000000000000002 -0.8362106711374195 2.0 1.3 -0.9487053122103017 2.0 1.4000000000000001 0.29663945459287366 2.0 1.5 0.7962148262343409 2.0 1.6 0.16752818431343353 2.0 1.7000000000000002 0.013987508757267841 2.0 1.8 -0.7605527364094398 2.0 1.9000000000000001 -0.48715801056943686 2.0 2.0 -0.44526248137272706 2.0
NSET 9
SET 0.5009903751082302 0.9254163541519418 2.0 1.5055842262695447 -0.1334821449206356 2.0 0.6229401874143453 -0.5851042108486846 2.0 0.05528630489758546 -0.8375837221665221 2.0 0.9847773592026542 -0.8298328561805417 2.0 2.666477168739465 0.8092329624431605 2.0 2.2499432138689057 0.4351679430428863 2.0 0.18253772180793215 -0.03801632356500706 2.0 1.6872115912558803 0.39168865611196924 2.0
K_VALUE_IN 7
OK 1
K_VALUE_OUT 7
NFINAL 23
FINAL 0.0 -0.48223315813748724 2.0 0.1 -0.7762778266851589 2.0 0.2 -0.7551143907927871 2.0 0.30000000000000004 -0.8055657026949579 2.0 0.4 0.21493529641875275 2.0 0.5 -0.03512059947252255 2.0 0.6000000000000001 -0.1040853739100065 2.0 0.7000000000000001 -0.5319799139573376 2.0 0.8 -0.09899386376741992 2.0 0.9 -0.8832391776666066 2.0 1.0 -0.39671347937018764 2.0 1.1 -0.8448408306667605 2.0 1.2000000000000002 -0.8362106711374195 2.0 1.3 -0.9487053122103017 2.0 0.5009903751082302 0.9254163541519418 2.0 1.5055842262695447 -0.1334821449206356 2.0 0.6229401874143453 -0.5851042108486846 2.0 0.05528630489758546 -0.8375837221665221 2.0 0.9847773592026542 -0.8298328561805417 2.0 2.666477168739465 0.8092329624431605 2.0 2.2499432138689057 0.4351679430428863 2.0 0.18253772180793215 -0.03801632356500706 2.0 1.6872115912558803 0.39168865611196924 2.0
END
CASE
KIND APPEND
NAME append_fuzz7
NPLAN 4
PLAN 0.0 0.5215329981227861 2.0 0.1 0.6111314063925357 2.0 0.2 -0.913417784809126 2.0 0.30000000000000004 -0.26001917361103954 2.0
NSET 10
SET 2.859220166421707 0.0029384708089217337 2.0 0.02596425156869031 -0.5785445290273972 2.0 2.0342617591893672 -0.10405018982895498 2.0 0.7923051217845385 -0.09418644757035954 2.0 0.27071693554152265 -0.15939099678423418 2.0 0.2184577080475698 -0.5481137535736145 2.0 1.802162339283025 -0.5113302726522331 2.0 2.6046617716235714 0.23282181777037803 2.0 2.8692934449241796 0.36552598820137927 2.0 1.4242255001209574 0.39810970652243194 2.0
K_VALUE_IN 5
OK 1
K_VALUE_OUT 3
NFINAL 4
FINAL 0.0 0.5215329981227861 2.0 0.1 0.6111314063925357 2.0 0.2 -0.913417784809126 2.0 0.30000000000000004 -0.26001917361103954 2.0
END
CASE
KIND NEEDREPLAN
NAME nr_reached
STATUS_BEFORE 1
HOVER_ENABLED 0
GOAL_RADIUS 0.5
GOAL_SEEN_RADIUS 2.0
STATE_POS 0.1 0.0 2.0
STATE_VEL 0.01 0.0 0.0
GTERM_POS 0.0 0.0 2.0
LAST_PLAN_POS 0.0 0.0 2.0
RESULT 0
STATUS_AFTER 3
END
CASE
KIND NEEDREPLAN
NAME nr_traveling
STATUS_BEFORE 1
HOVER_ENABLED 0
GOAL_RADIUS 0.5
GOAL_SEEN_RADIUS 2.0
STATE_POS 0.0 0.0 2.0
STATE_VEL 1.0 0.0 0.0
GTERM_POS 10.0 0.0 2.0
LAST_PLAN_POS 5.0 0.0 2.0
RESULT 1
STATUS_AFTER 1
END
CASE
KIND NEEDREPLAN
NAME nr_seen
STATUS_BEFORE 1
HOVER_ENABLED 0
GOAL_RADIUS 0.5
GOAL_SEEN_RADIUS 2.0
STATE_POS 0.0 0.0 2.0
STATE_VEL 1.0 0.0 0.0
GTERM_POS 1.5 0.0 2.0
LAST_PLAN_POS 0.5 0.0 2.0
RESULT 1
STATUS_AFTER 2
END
CASE
KIND NEEDREPLAN
NAME nr_seen_done
STATUS_BEFORE 2
HOVER_ENABLED 0
GOAL_RADIUS 0.5
GOAL_SEEN_RADIUS 2.0
STATE_POS 0.0 0.0 2.0
STATE_VEL 1.0 0.0 0.0
GTERM_POS 1.5 0.0 2.0
LAST_PLAN_POS 1.4 0.0 2.0
RESULT 0
STATUS_AFTER 2
END
CASE
KIND NEEDREPLAN
NAME nr_yawing
STATUS_BEFORE 0
HOVER_ENABLED 0
GOAL_RADIUS 0.5
GOAL_SEEN_RADIUS 2.0
STATE_POS 0.0 0.0 2.0
STATE_VEL 0.0 0.0 0.0
GTERM_POS 10.0 0.0 2.0
LAST_PLAN_POS 0.0 0.0 2.0
RESULT 0
STATUS_AFTER 0
END
CASE
KIND NEEDREPLAN
NAME nr_reached_far
STATUS_BEFORE 3
HOVER_ENABLED 0
GOAL_RADIUS 0.5
GOAL_SEEN_RADIUS 2.0
STATE_POS 0.0 0.0 2.0
STATE_VEL 0.0 0.0 0.0
GTERM_POS 10.0 0.0 2.0
LAST_PLAN_POS 0.0 0.0 2.0
RESULT 0
STATUS_AFTER 3
END
CASE
KIND NEEDREPLAN
NAME nr_at_goal_fast
STATUS_BEFORE 1
HOVER_ENABLED 0
GOAL_RADIUS 0.5
GOAL_SEEN_RADIUS 2.0
STATE_POS 0.1 0.0 2.0
STATE_VEL 2.0 0.0 0.0
GTERM_POS 0.0 0.0 2.0
LAST_PLAN_POS 0.0 0.0 2.0
RESULT 0
STATUS_AFTER 2
END
CASE
KIND NEEDREPLAN
NAME nr_hover
STATUS_BEFORE 3
HOVER_ENABLED 1
GOAL_RADIUS 0.5
GOAL_SEEN_RADIUS 2.0
STATE_POS 0.0 0.0 2.0
STATE_VEL 0.0 0.0 0.0
GTERM_POS 0.0 0.0 2.0
LAST_PLAN_POS 0.0 0.0 2.0
RESULT 1
STATUS_AFTER 3
END
CASE
KIND NEEDREPLAN
NAME nr_fuzz0
STATUS_BEFORE 3
HOVER_ENABLED 0
GOAL_RADIUS 0.5
GOAL_SEEN_RADIUS 2.0
STATE_POS 2.436674208943127 -4.7888863627858225 2.0
STATE_VEL -0.1254190955493632 1.2993052517297927 1.1167977641976947
GTERM_POS 3.6069389148258253 -3.442709433386778 2.0
LAST_PLAN_POS 0.08004970380973653 3.8584615691841115 2.0
RESULT 0
STATUS_AFTER 3
END
CASE
KIND NEEDREPLAN
NAME nr_fuzz1
STATUS_BEFORE 2
HOVER_ENABLED 0
GOAL_RADIUS 0.5
GOAL_SEEN_RADIUS 2.0
STATE_POS 4.852255548570973 3.3112711159077346 2.0
STATE_VEL 1.4020487114160542 -1.8281763272712195 0.2908876957179093
GTERM_POS 3.5739767567004286 4.948869482841271 2.0
LAST_PLAN_POS 1.2812323206741691 -2.37011694372661 2.0
RESULT 1
STATUS_AFTER 2
END
CASE
KIND NEEDREPLAN
NAME nr_fuzz2
STATUS_BEFORE 0
HOVER_ENABLED 0
GOAL_RADIUS 0.5
GOAL_SEEN_RADIUS 2.0
STATE_POS -1.4027065722735688 3.1577794151557477 2.0
STATE_VEL 2.207971087011348 -0.6405106243666936 1.0844856713835533
GTERM_POS 1.8930593008869137 -1.278825742139691 2.0
LAST_PLAN_POS 1.8202802360657984 -4.377033604235683 2.0
RESULT 0
STATUS_AFTER 0
END
CASE
KIND NEEDREPLAN
NAME nr_fuzz3
STATUS_BEFORE 2
HOVER_ENABLED 0
GOAL_RADIUS 0.5
GOAL_SEEN_RADIUS 2.0
STATE_POS -4.469619075346472 4.4287011013172535 2.0
STATE_VEL -0.38055041157370023 0.7512164421159628 1.9796379059931588
GTERM_POS 3.5149951661897276 -4.9835187570598105 2.0
LAST_PLAN_POS 0.2787027025251394 -1.7738716180777248 2.0
RESULT 1
STATUS_AFTER 2
END
CASE
KIND NEEDREPLAN
NAME nr_fuzz4
STATUS_BEFORE 0
HOVER_ENABLED 0
GOAL_RADIUS 0.5
GOAL_SEEN_RADIUS 2.0
STATE_POS -4.653383453490802 3.474030897248296 2.0
STATE_VEL -0.782363550459127 0.39729939276356624 1.8091111106631543
GTERM_POS -3.1842715661992593 1.4046927711482393 2.0
LAST_PLAN_POS -3.5542877523041385 -1.1909713473703354 2.0
RESULT 0
STATUS_AFTER 0
END
CASE
KIND NEEDREPLAN
NAME nr_fuzz5
STATUS_BEFORE 2
HOVER_ENABLED 0
GOAL_RADIUS 0.5
GOAL_SEEN_RADIUS 2.0
STATE_POS -3.3091569691752687 -4.1495828246674975 2.0
STATE_VEL 0.30712096403376654 -0.1935696289468956 -1.6571693175667253
GTERM_POS -2.618066403566557 -3.729805393039689 2.0
LAST_PLAN_POS 3.8860763025298777 4.373374649376702 2.0
RESULT 1
STATUS_AFTER 2
END
CASE
KIND NEEDREPLAN
NAME nr_fuzz6
STATUS_BEFORE 1
HOVER_ENABLED 0
GOAL_RADIUS 0.5
GOAL_SEEN_RADIUS 2.0
STATE_POS 3.6733224318254383 1.7747863040049427 2.0
STATE_VEL -1.0040201996072027 -0.6090123953863369 2.3774618787107977
GTERM_POS -0.020328388285307142 0.3541816810292442 2.0
LAST_PLAN_POS -2.645816566592185 -2.078422733337435 2.0
RESULT 1
STATUS_AFTER 1
END
CASE
KIND NEEDREPLAN
NAME nr_fuzz7
STATUS_BEFORE 1
HOVER_ENABLED 0
GOAL_RADIUS 0.5
GOAL_SEEN_RADIUS 2.0
STATE_POS 4.631427885706811 -3.642469959358375 2.0
STATE_VEL -0.6137516579860581 0.8326780013779009 0.2143497402947253
GTERM_POS -0.7528205728777291 -0.17546829833829314 2.0
LAST_PLAN_POS -2.4178746637643247 -0.33320507398829324 2.0
RESULT 1
STATUS_AFTER 1
END
CASE
KIND GLOBALPATH
NAME gp_empty
WORST_TRAJ_TIME 0.5646216173286173
STATE_POS 0.0 0.0 2.0
GTERM_POS 6.0 0.0 2.0
CURRENT_TIME 0.0
NOCC 0
OCC
OK 1
NGP 4
GP 0.0 0.0 2.0 1.0 0.0 2.0 2.0 0.0 2.0 3.0 0.0 2.0
A_POS 0.0 0.0 2.0
A_TIME 0.0
G_POS 6.0 0.0 2.0
FINAL_G 6.0
END
CASE
KIND GLOBALPATH
NAME gp_wall
WORST_TRAJ_TIME 0.5646216173286173
STATE_POS 0.0 0.0 2.0
GTERM_POS 6.0 0.0 2.0
CURRENT_TIME 0.0
NOCC 28
OCC 3.0 -1.0 1.5 3.0 -1.0 1.8333333333333333 3.0 -1.0 2.1666666666666665 3.0 -1.0 2.5 3.0 -0.6666666666666667 1.5 3.0 -0.6666666666666667 1.8333333333333333 3.0 -0.6666666666666667 2.1666666666666665 3.0 -0.6666666666666667 2.5 3.0 -0.33333333333333337 1.5 3.0 -0.33333333333333337 1.8333333333333333 3.0 -0.33333333333333337 2.1666666666666665 3.0 -0.33333333333333337 2.5 3.0 0.0 1.5 3.0 0.0 1.8333333333333333 3.0 0.0 2.1666666666666665 3.0 0.0 2.5 3.0 0.33333333333333326 1.5 3.0 0.33333333333333326 1.8333333333333333 3.0 0.33333333333333326 2.1666666666666665 3.0 0.33333333333333326 2.5 3.0 0.6666666666666665 1.5 3.0 0.6666666666666665 1.8333333333333333 3.0 0.6666666666666665 2.1666666666666665 3.0 0.6666666666666665 2.5 3.0 1.0 1.5 3.0 1.0 1.8333333333333333 3.0 1.0 2.1666666666666665 3.0 1.0 2.5
OK 1
NGP 4
GP 0.0 0.0 2.0 0.9372008849672812 0.04932636236669913 2.345284536566893 1.8744017699345623 0.09865272473339826 2.690569073133786 2.8116026549018436 0.14797908710009738 3.035853609700679
A_POS 0.0 0.0 2.0
A_TIME 0.0
G_POS 6.0 0.0 2.0
FINAL_G 6.40276313583529
END
CASE
KIND GLOBALPATH
NAME gp_diag
WORST_TRAJ_TIME 0.5646216173286173
STATE_POS 0.0 0.0 2.0
GTERM_POS 5.0 4.0 3.0
CURRENT_TIME 0.0
NOCC 0
OCC
OK 1
NGP 4
GP 0.0 0.0 2.0 0.7715167498104595 0.6172133998483676 2.154303349962092 1.543033499620919 1.2344267996967353 2.3086066999241837 2.3145502494313783 1.8516401995451028 2.4629100498862755
A_POS 0.0 0.0 2.0
A_TIME 0.0
G_POS 5.0 4.0 3.0
FINAL_G 6.48074069840786
END
CASE
KIND GLOBALPATH
NAME gp_fuzz0
WORST_TRAJ_TIME 0.5646216173286173
STATE_POS 0.0 0.0 2.0
GTERM_POS 6.86790903802754 -1.0649447474899874 2.0
CURRENT_TIME 0.0
NOCC 5
OCC 2.2588929175199315 -1.0 2.0 2.2588929175199315 -0.5 2.0 2.2588929175199315 0.0 2.0 2.2588929175199315 0.5 2.0 2.2588929175199315 1.0 2.0
OK 1
NGP 4
GP 0.0 0.0 2.0 0.9857815474232864 -0.03029102901486013 1.83472085938942 1.9715630948465728 -0.06058205802972026 1.6694417187788397 2.6839545190137706 -0.08247237374499328 1.55
A_POS 0.0 0.0 2.0
A_TIME 0.0
G_POS 6.86790903802754 -1.0649447474899874 2.0
FINAL_G 7.043919612850745
END
CASE
KIND GLOBALPATH
NAME gp_fuzz1
WORST_TRAJ_TIME 0.5646216173286173
STATE_POS 0.0 0.0 2.0
GTERM_POS 7.748121653178298 0.09091196773631705 2.0
CURRENT_TIME 0.0
NOCC 5
OCC 3.5514314757838608 -1.0 2.0 3.5514314757838608 -0.5 2.0 3.5514314757838608 0.0 2.0 3.5514314757838608 0.5 2.0 3.5514314757838608 1.0 2.0
OK 1
NGP 4
GP 0.0 0.0 2.0 0.9943409697466129 -0.024040457003408785 1.8965200874061408 1.9886819394932258 -0.04808091400681757 1.7930401748122815 2.9830229092398386 -0.07212137101022635 1.6895602622184225
A_POS 0.0 0.0 2.0
A_TIME 0.0
G_POS 7.748121653178298 0.09091196773631705 2.0
FINAL_G 7.807701100482252
END
CASE
KIND GLOBALPATH
NAME gp_fuzz2
WORST_TRAJ_TIME 0.5646216173286173
STATE_POS 0.0 0.0 2.0
GTERM_POS 4.620845250898311 1.4953363704370624 2.0
CURRENT_TIME 0.0
NOCC 0
OCC
OK 1
NGP 4
GP 0.0 0.0 2.0 0.9514229868726828 0.30788682993961075 2.0 1.9028459737453656 0.6157736598792215 2.0 2.8542689606180485 0.9236604898188323 2.0
A_POS 0.0 0.0 2.0
A_TIME 0.0
G_POS 4.620845250898311 1.4953363704370624 2.0
FINAL_G 4.856772765273393
END
CASE
KIND GLOBALPATH
NAME gp_fuzz3
WORST_TRAJ_TIME 0.5646216173286173
STATE_POS 0.0 0.0 2.0
GTERM_POS 7.90501150318757 -2.670140046022043 2.0
CURRENT_TIME 0.0
NOCC 0
OCC
OK 1
NGP 4
GP 0.0 0.0 2.0 0.9474124094598894 -0.3200151971413341 2.0 1.8948248189197787 -0.6400303942826682 2.0 2.842237228379668 -0.9600455914240023 2.0
A_POS 0.0 0.0 2.0
A_TIME 0.0
G_POS 7.90501150318757 -2.670140046022043 2.0
FINAL_G 8.343791388265792
END
CASE
KIND GLOBALPATH
NAME gp_fuzz4
WORST_TRAJ_TIME 0.5646216173286173
STATE_POS 0.0 0.0 2.0
GTERM_POS 7.153628288642675 -2.3963113339340474 2.0
CURRENT_TIME 0.0
NOCC 5
OCC 2.9935911957553323 -1.0 2.0 2.9935911957553323 -0.5 2.0 2.9935911957553323 0.0 2.0 2.9935911957553323 0.5 2.0 2.9935911957553323 1.0 2.0
OK 1
NGP 4
GP 0.0 0.0 2.0 0.8629816022397083 -0.5031558304166931 2.0457926250991765 1.7259632044794166 -1.0063116608333862 2.091585250198353 2.588944806719125 -1.5094674912500792 2.1373778752975294
A_POS 0.0 0.0 2.0
A_TIME 0.0
G_POS 7.153628288642675 -2.3963113339340474 2.0
FINAL_G 7.669218029161427
END
CASE
KIND GLOBALPATH
NAME gp_fuzz5
WORST_TRAJ_TIME 0.5646216173286173
STATE_POS 0.0 0.0 2.0
GTERM_POS 5.263055387473875 2.5465282852068416 2.0
CURRENT_TIME 0.0
NOCC 0
OCC
OK 1
NGP 4
GP 0.0 0.0 2.0 0.9001667228249047 0.43554548685375116 2.0 1.8003334456498095 0.8710909737075023 2.0 2.700500168474714 1.3066364605612535 2.0
A_POS 0.0 0.0 2.0
A_TIME 0.0
G_POS 5.263055387473875 2.5465282852068416 2.0
FINAL_G 5.846756221955579
END
CASE
KIND REPLAN
NAME replan_empty
WORST_TRAJ_TIME 0.5646216173286173
STATE_POS 0.0 0.0 2.0
GTERM_POS 6.0 0.0 2.0
NOCC 0
OCC
NTRAJ 0
PLANNED_OK 1
ATTEMPTED 1
NPLAN_AFTER 306
NSET 305
NSAMP 40
SET_POS 1.059981080154706e-06 0.0 2.0 0.0005241106503843978 0.0 2.0 0.004026224904916479 0.0 2.0 0.013038248085150882 0.0 2.0 0.02963011473434404 0.0 2.0 0.05166142021945039 0.0 2.0 0.08655148593457973 0.0 2.0 0.13264489130529766 0.0 2.0 0.19047787512713596 0.0 2.0 0.2602570620718734 0.0 2.0 0.33104504153881203 0.0 2.0 0.42274794196720117 0.0 2.0 0.5254007937518917 0.0 2.0 0.6381894078533004 0.0 2.0 0.7601023377626351 0.0 2.0 0.8733357455119566 0.0 2.0 1.0090590601650316 0.0 2.0 1.1501457521425666 0.0 2.0 1.2950764432607678 0.0 2.0 1.4422668545211828 0.0 2.0 1.5716374207539097 0.0 2.0 1.718683929769601 0.0 2.0 1.863319594963527 0.0 2.0 2.003965087698596 0.0 2.0 2.139108535177597 0.0 2.0 2.251728654163368 0.0 2.0 2.3728308390697057 0.0 2.0 2.4847058505118444 0.0 2.0 2.5863596480903004 0.0 2.0 2.6769980039000156 0.0 2.0 2.746818422145234 0.0 2.0 2.815472966623946 0.0 2.0 2.872187438117994 0.0 2.0 2.91719832315641 0.0 2.0 2.9510742774171934 0.0 2.0 2.9723017818331843 0.0 2.0 2.988104072483305 0.0 2.0 2.99650235936844 0.0 2.0 2.999608894637043 0.0 2.0 3.0 0.0 2.0
END
CASE
KIND REPLAN
NAME replan_wall
WORST_TRAJ_TIME 0.5646216173286173
STATE_POS 0.0 0.0 2.0
GTERM_POS 6.0 0.0 2.0
NOCC 28
OCC 3.0 -1.0 1.5 3.0 -1.0 1.8333333333333333 3.0 -1.0 2.1666666666666665 3.0 -1.0 2.5 3.0 -0.6666666666666667 1.5 3.0 -0.6666666666666667 1.8333333333333333 3.0 -0.6666666666666667 2.1666666666666665 3.0 -0.6666666666666667 2.5 3.0 -0.33333333333333337 1.5 3.0 -0.33333333333333337 1.8333333333333333 3.0 -0.33333333333333337 2.1666666666666665 3.0 -0.33333333333333337 2.5 3.0 0.0 1.5 3.0 0.0 1.8333333333333333 3.0 0.0 2.1666666666666665 3.0 0.0 2.5 3.0 0.33333333333333326 1.5 3.0 0.33333333333333326 1.8333333333333333 3.0 0.33333333333333326 2.1666666666666665 3.0 0.33333333333333326 2.5 3.0 0.6666666666666665 1.5 3.0 0.6666666666666665 1.8333333333333333 3.0 0.6666666666666665 2.1666666666666665 3.0 0.6666666666666665 2.5 3.0 1.0 1.5 3.0 1.0 1.8333333333333333 3.0 1.0 2.1666666666666665 3.0 1.0 2.5
NTRAJ 0
PLANNED_OK 1
ATTEMPTED 1
NPLAN_AFTER 306
NSET 305
NSAMP 40
SET_POS 9.934152063584997e-07 5.228501086109867e-08 2.0000003659950756 0.0004911969653610627 2.5852471861109646e-05 2.0001809673030277 0.003773381543965734 0.00019859902862977811 2.001390193200409 0.01221945764382887 0.0006431293496752088 2.0045019054477264 0.02776936975071506 0.001461545776353433 2.010230820434474 0.04841712874834541 0.0025482699341234554 2.0178378895388644 0.08111612921313752 0.004269269958586204 2.0298848897101034 0.12431490951773783 0.006542889974617807 2.045800229822325 0.17851603313587244 0.009395580691361743 2.065769064839532 0.24391314889278817 0.012837534152252052 2.0898627390657643 0.31025570589425855 0.016329247678645246 2.1143047337505165 0.39619974532982294 0.020852618175253915 2.1459683272267767 0.492406088866862 0.02591610994036125 2.1814127695825283 0.5981116778169467 0.03147956199036572 2.2203569339325595 0.7123685836169401 0.03749308334826013 2.26245158343782 0.8184910335674739 0.043078475450919806 2.3015493281564376 0.9456910441710369 0.049773212851107355 2.34841248995775 1.077917616749495 0.05673250614471044 2.3971275430129717 1.2137467887243976 0.06388140993286323 2.4471698695300415 1.3516937724163582 0.07114177749559804 2.497992442469185 1.472939981578389 0.07752315692517855 2.542662098476249 1.6107520999592417 0.08477642631364453 2.5934349841955107 1.7463047733768162 0.09191077754614846 2.6433754428230376 1.8781178536347756 0.09884830808604107 2.6919381566022857 2.004774412209616 0.10551444274787478 2.7386010992351224 2.1103220873881927 0.11106958354674726 2.777487084827229 2.2238191622538728 0.11704311380283568 2.8193017966198477 2.328668521983158 0.12256150115700862 2.8579305080990585 2.4239385510339604 0.127575713212314 2.8930299924861957 2.5088848983107934 0.13204657359530522 2.9243260151671344 2.574320656078988 0.13549056084626282 2.948433925923838 2.638663755921451 0.13887703978533986 2.9721392784973766 2.691816608796116 0.14167455835769066 2.9917219085038322 2.734000850087272 0.14389478158354096 3.0072634710847845 2.7657494243995826 0.14556575917892572 3.0189603142524777 2.7856438603238924 0.14661283475388942 3.026289843277223 2.8004537811056918 0.14739230426872096 3.0317461298810446 2.8083246630066485 0.1478065612108766 3.0346459284761336 2.8112361106095647 0.14795979529524061 3.0357185670666818 2.811602654901843 0.14797908710009736 3.0358536097006787
END
CASE
KIND REPLAN
NAME replan_human
WORST_TRAJ_TIME 0.5646216173286173
STATE_POS 0.0 0.0 2.0
GTERM_POS 6.0 0.0 2.0
NOCC 0
OCC
NTRAJ 1
TRAJ0_ID 3
TRAJ0_MODE Analytic
TRAJ0_TX 3.0
TRAJ0_TY 0.2
TRAJ0_TZ 2.0
TRAJ0_TVX _
TRAJ0_TVY _
TRAJ0_TVZ _
TRAJ0_BBOX 0.5 0.5 1.8
TRAJ0_TIME_RECEIVED 0.0
PLANNED_OK 0
ATTEMPTED 1
NPLAN_AFTER 1
NSET 0
NSAMP 0
SET_POS
END
CASE
KIND REPLAN
NAME replan_dynwall
WORST_TRAJ_TIME 0.5646216173286173
STATE_POS 0.0 0.0 2.0
GTERM_POS 6.0 0.0 2.0
NOCC 0
OCC
NTRAJ 1
TRAJ0_ID 205
TRAJ0_MODE Analytic
TRAJ0_TX 3.0
TRAJ0_TY 0.0
TRAJ0_TZ 2.0
TRAJ0_TVX _
TRAJ0_TVY _
TRAJ0_TVZ _
TRAJ0_BBOX 1.0 1.0 2.0
TRAJ0_TIME_RECEIVED 0.0
PLANNED_OK 1
ATTEMPTED 1
NPLAN_AFTER 264
NSET 263
NSAMP 40
SET_POS 9.105480731459388e-07 9.105480731391646e-07 2.0000000827780138 0.00030166602504521197 0.0003016660250451654 2.0000274244805025 0.002315906231262597 0.0023159062312625087 2.0002105391406415 0.007494640392680469 0.007494640392680349 2.0006813378823933 0.015355348202107192 0.01535534820210705 2.0013959545710147 0.029354878380806925 0.029354878380806783 2.0026686508492717 0.04923619044637461 0.049236190446374464 2.00447605862594 0.07549981398671402 0.07549981398671389 2.006863680400027 0.1033186944629084 0.10331869446290828 2.0093926891072234 0.1420671142650872 0.14206711426508714 2.0129152981940135 0.1875395793781359 0.18753957937813592 2.01704918619471 0.23171188513330163 0.23171188513330168 2.0210648748990967 0.2890015729965043 0.2890015729965045 2.0262730571808034 0.35203926518187423 0.35203926518187445 2.032003784522105 0.420241621483917 0.42024162148391725 2.038204024933025 0.4822963822797353 0.4822963822797357 2.043845387031098 0.5582159146890835 0.5582159146890837 2.050747182812825 0.6371416322950093 0.6371416322950098 2.0579222636290018 0.7065210591449813 0.7065210591449816 2.0642294934820486 0.788673788996894 0.7886737889968943 2.071697928994468 0.871240240051733 0.8712402400517336 2.079203969638624 0.9532801193814391 0.9532801193814398 2.086662134256926 1.0224744139120376 1.0224744139120383 2.0929525148736317 1.101084311806178 1.1010843118061784 2.100098853058307 1.176585852253628 1.1765858522536283 2.1069626088594298 1.2382066270257504 1.2382066270257508 2.112564476931591 1.3058225430058157 1.3058225430058166 2.1187113519041505 1.3681981206549187 1.3681981206549192 2.1243818307612035 1.424763031523955 1.4247630315239557 2.1295240665254744 1.4682755053238739 1.4682755053238739 2.1334797214996977 1.5129479517736544 1.5129479517736544 2.1375408256649786 1.5508815453829936 1.550881545382994 2.140989309016652 1.5780056946442862 1.5780056946442862 2.143455121529427 1.6034828138046762 1.6034828138046762 2.1457712040871604 1.6226264889660753 1.6226264889660753 2.1475115229085904 1.635963273486129 1.635963273486129 2.1487239466379036 1.6433366639373073 1.6433366639373075 2.149394248365635 1.64806738944775 1.64806738944775 2.1498243099822876 1.6497935445693233 1.649793544569323 2.1499812315279594 1.6500000000000004 1.6500000000000004 2.1500000000000004
END
CASE
KIND REPLAN
NAME replan_moving_human
WORST_TRAJ_TIME 0.5646216173286173
STATE_POS 0.0 0.0 2.0
GTERM_POS 6.0 0.0 2.0
NOCC 0
OCC
NTRAJ 1
TRAJ0_ID 4
TRAJ0_MODE Analytic
TRAJ0_TX 3.0
TRAJ0_TY 0.8 - 0.3*t
TRAJ0_TZ 2.0
TRAJ0_TVX _
TRAJ0_TVY _
TRAJ0_TVZ _
TRAJ0_BBOX 0.5 0.5 1.8
TRAJ0_TIME_RECEIVED 0.0
PLANNED_OK 0
ATTEMPTED 1
NPLAN_AFTER 1
NSET 0
NSAMP 0
SET_POS
END
