CASE
RES 0.3
PARAMS 20.0 20.0 8.0 0.0 0.0 1.5 0.0 3.0 0.3 2.0
NOBST 1
OBSTPOS 0.5 0.5 1.5
OBSTBBOX 0.3 0.3 0.4
NCLOUD 0
CLOUD
KBOOL 1 1 1 0 1 1 1 1 1
KINT 2 2 15 2
KFLOAT 0.2 1.0 0.5 0.0 2.0 0.1 0.5 0.5 1.0 5.0 1.0 0.5 5.0
PREDTIMES 0
PREDSAMP -1
DIM 25 25 8
ORIGIN -3.75 -3.75 0.30000000000000004
NPRECARVE 0
NPTS 64
PTS 0.5 0.5 1.5 0.9 0.5 1.5 0.5 0.0 1.8 0.0 0.0 1.5 -3.0 -3.0 0.78 -3.0 -3.0 2.2199999999999998 -3.0 0.0 0.78 -3.0 0.0 2.2199999999999998 -3.0 3.0 0.78 -3.0 3.0 2.2199999999999998 0.0 -3.0 0.78 0.0 -3.0 2.2199999999999998 0.0 0.0 0.78 0.0 0.0 2.2199999999999998 0.0 3.0 0.78 0.0 3.0 2.2199999999999998 3.0 -3.0 0.78 3.0 -3.0 2.2199999999999998 3.0 0.0 0.78 3.0 0.0 2.2199999999999998 3.0 3.0 0.78 3.0 3.0 2.2199999999999998 0.7837079225551586 -4.00500367627851 0.2402303900165665 1.6642406772260379 -0.30443538821669414 0.30613675230260345 0.5173811277050446 -3.310019979449075 0.6854644258690189 3.543437479075196 3.7973789327290395 2.5822164191685846 3.064994554156032 -0.8202084357241533 1.7976955384772362 -0.470315916887281 2.9890435140331424 2.7424732324893855 4.188455372601792 4.618463502881459 0.6641279721165737 0.6803865062607612 0.73682584152407 2.4944962885203563 -3.6095960109775986 -3.3427628795906545 0.6562133644816366 3.1528971390238163 4.669358256232098 1.885486905472526 -2.2889297248745093 0.36124623023131175 2.145570499117522 3.711392957430126 -4.306765749214685 2.8166849080325376 1.4711070609258168 3.566937858281928 1.501417702607664 -1.3561643868248225 -1.9056368903462682 1.3979456170138231 1.9470263747860748 3.433857032152837 2.096011306211247 -4.411249827540108 -1.39397572237732 0.2700501701668441 3.5211818796572927 3.690219058003144 2.8184725019592287 -0.06304803793365465 3.3100431706467037 2.858875213956955 -1.3622986242131039 1.8541972799624813 1.5250778563054879 3.096401032925447 -2.4671536276586967 0.3317703711393959 2.9723424205513838 2.2455436943500016 1.8216949708631605 -4.675903763805222 -0.13208265513168982 1.1554555116596252 0.482795369931885 -0.5772514710474139 0.5731509765785338 -3.3760296369718015 -3.0282672268015176 2.7790419183409 1.9495213401896438 0.5521277341632849 1.8681732914524662 2.586175703582789 -0.6093133198189431 1.6015143518790547 4.177981052550663 2.235634374818765 1.5754230102765896 1.4201710176977902 -0.1767598691872685 1.960842828873587 1.7429049608307294 -2.692273656978714 2.7869924255669707 1.683720115108326 3.559806984452719 1.858345112612374 -2.4718314061824387 -4.1678718697978585 1.1209728950617635 1.955365903648747 3.4238288442750116 1.025354855430784 2.465051682189413 -2.3921608096786615 2.441899798170679 -3.439215443431341 -4.411867230162637 2.2320369755458875 -3.56164323060363 -0.5685830555864695 2.5080030475012 1.690256411975834 3.5339782793032986 2.699364874060203 1.8034098979198245 2.980323126351213 1.9201881917838968 2.7547854672919176 -1.3772077237357023 0.3209882602235192 3.2989363036210393 -1.0341828525199963 1.8346546262805719 1.7842803964867042 4.159904240420463 2.5178614974038913 13.6 13.6 12.55 -11.6 -11.6 -7.55
FCFP 0.5999999999999996 1.2000000000000002 1.35 1.2000000000000002 0.5999999999999996 1.35 0.5999999999999996 -0.30000000000000027 1.95 -0.30000000000000027 0.0 1.35 -3.0 -3.0 0.75 -3.0 -3.0 2.25 -3.0 0.0 0.75 -3.0 0.0 2.25 -3.0 3.0 0.75 -3.0 3.0 2.25 0.0 -3.0 0.75 0.0 -3.0 2.25 0.0 0.0 0.75 0.0 0.0 2.25 0.0 3.0 0.75 0.0 3.0 2.25 3.0 -3.0 0.75 3.0 -3.0 2.25 3.0 0.0 0.75 3.0 0.0 2.25 3.0 3.0 0.75 3.0 3.0 2.25 0.8999999999999995 -3.3 0.45000000000000007 1.7999999999999998 -0.30000000000000027 0.45000000000000007 0.5999999999999996 -3.3 0.75 3.5999999999999996 3.3 2.55 3.0 -0.8999999999999999 1.65 -0.6000000000000001 3.0 2.55 3.5999999999999996 3.3 0.75 0.5999999999999996 0.5999999999999996 2.55 -3.6 -3.3 0.75 3.3 3.3 1.95 -2.4000000000000004 0.2999999999999998 2.25 3.5999999999999996 -3.3 2.55 1.5 3.3 1.65 -1.5 -1.8 1.35 1.7999999999999998 3.3 1.95 -3.6 -1.5 0.45000000000000007 3.5999999999999996 3.3 2.55 0.0 3.3 2.55 -1.5 1.7999999999999998 1.65 3.0 -2.4000000000000004 0.45000000000000007 3.0 2.0999999999999996 1.95 -3.6 0.0 1.05 0.5999999999999996 -0.6000000000000001 0.45000000000000007 -3.3 -3.0 2.55 1.7999999999999998 0.5999999999999996 1.95 2.7 -0.6000000000000001 1.65 3.5999999999999996 2.0999999999999996 1.65 1.5 -0.30000000000000027 1.95 1.7999999999999998 -2.7 2.55 1.7999999999999998 3.3 1.95 -2.4000000000000004 -3.3 1.05 2.0999999999999996 3.3 1.05 2.3999999999999995 -2.4000000000000004 2.55 -3.3 -3.3 2.25 -3.6 -0.6000000000000001 2.55 1.7999999999999998 3.3 2.55 1.7999999999999998 3.0 1.95 2.7 -1.5 0.45000000000000007 3.3 -0.8999999999999999 1.95 1.7999999999999998 3.3 2.55 13.6 13.6 12.55 -11.6 -11.6 -7.55
HNFN 1 1 1 1 1 1 1 1 1 1 1 1 1 1 1 1 1 1 1 1 1 1 1 1 1 1 1 1 0 1 1 0 1 0 1 1 1 0 1 1 1 1 1 0 1 1 1 1 0 1 1 1 0 1 1 0 1 1 1 1 1 0 0 0
NSEG 42
SEGS -0.5 0.5 1.5 1.5 0.5 1.5 0.5 -0.5 1.5 0.5 1.5 1.5 -0.30000000000000004 -0.30000000000000004 1.2 1.3 1.3 1.8 0.5 0.5 1.5 0.5 0.5 2.0 -4.440892098500626e-16 -4.440892098500626e-16 1.5 0.9999999999999996 0.9999999999999996 2.5 -4.440892098500626e-16 -4.440892098500626e-16 1.5 0.9999999999999996 0.9999999999999996 1.5 -4.440892098500626e-16 -4.440892098500626e-16 1.5 0.9999999999999996 -4.440892098500626e-16 2.5 -3.6 -3.6 1.5 3.5999999999999996 -3.6 1.5 0.0 -4.6 1.5 0.0 4.6 1.5 0.0 0.0 1.5 0.0 0.0 1.5 -3.7040699947464475 -4.062582783512425 0.7067691389694232 4.039737231096364 -0.37158793972909 1.8306811643140701 1.3773720794541258 -2.537696872140117 2.4558880644327097 -3.6635222323897016 -4.294045861827923 2.068180216854894 2.3506636180339258 -2.9603240682855643 0.821899461756429 -3.9774389052354 -2.1982147177986135 2.0493317259091093 -1.7928519284986382 2.131649441290356 2.0431037208785496 -1.5889989316660738 3.996519696604071 0.6896126889582853 2.4169988013956893 -0.11930475653289019 1.2280185373439134 -3.399747940164019 2.381346967128167 1.8618159590051544 -1.360564126446913 3.2844462108233983 1.4182513180241012 -1.5707804133645142 -0.8896953882957321 0.9533649675941555 2.683696908908202 -0.5695838574591798 1.087980028287701 2.9669460150215703 1.0361963726333703 2.4565437881406673 1.675264579620523 -0.020332433705223973 0.6858910143886168 2.654342268697016 -2.261952868139956 0.8801943125433334 -1.3292303198607907 1.2008999977033112 2.2657523423119637 -1.1836416760055055 1.033208275491504 2.592522378058187 2.4269653599696652 -0.8414142479592464 1.6334590568086607 1.088213096248055 3.1521707704209185 0.8367370115381163 -1.651406057281225 -4.28060758274048 2.5697632801309416 4.117365335677649 4.213991450094156 2.264563063732778 3.373036247098668 -3.9596036811687645 0.5357166726710967 -0.8511728368092788 -3.064867345616337 1.0999703940050907 0.5259083810101228 -3.0226491327215665 0.34530644361640567 0.25918604733022255 2.9472623055123814 2.671803005110233 -3.5154110039084356 3.799813507723217 0.9832397138740853 -3.803837393149648 4.318728409283747 2.524084488004325 2.3710139438019096 -3.9961873004302197 0.6155032862287146 -1.2896500626681577 -1.050482299077042 1.8935713959976508 2.0975766885859906 -3.9669104041627703 0.9359246482753185 2.1472838255767672 3.354666640187675 1.4981287336184481 -1.300909453449493 -4.102996481578564 1.7934030841796194 4.06372785696237 -1.9152161820174503 1.2389086969872025 -1.1998142543326642 -2.886976030696409 1.7708692956109293 -3.7671920847077667 -0.2855598140922053 0.2699137570512622 -1.364567962339673 -3.7677228274514976 2.3216730119762334 1.8492900773004908 3.3207245046358476 2.2777068721928964 -2.6698074644830507 -3.169216722481904 1.6411542181112493 2.5817752324921597 -2.6200584178732282 1.7864401782486756 1.6369099318219038 2.28587279449941 2.0110760481342695 -1.1882874156113377 3.9269258005968877 2.0345600832490303 3.9250411467865596 -0.2947080031746676 0.6229633740551372 4.293083775641511 -2.97833815721464 2.576866136562593 4.0110070753435725 2.270677434758069 2.254306638119421 -0.9710302388527938 3.256222569772691 1.5710501034461508 -3.5756065505482026 -0.39591684976458286 1.9597581216614204 0.4576695153024848 -3.9912018546894794 1.698737318423302 -3.3667240309557114 -3.416638050619938 0.6420546893028816 3.3503130456327495 -2.7409050125140917 2.388688186539084 -2.5262640076166147 -3.8345618336218052 0.4531448328932707 3.1937882289110635 -0.7767885261427803 0.33219603244296414 -0.7042867735261309 -3.8680022972012154 0.7450542940823528 -0.6946744203112591 3.301194559707796 1.5945880999560558 0.5421738951192414 2.1361220261429055 1.9009643094379038 3.329978920798657 -4.312435899587131 2.7055850825840926 1.1631532522620627 2.7489764933544545 0.6117156596237951 1.0645467858877855 -2.571758636368701 1.8447100459923083 1.7618802307191817 -0.31749527044849346 2.704953656753793 3.633734245420228 1.519447290022923 1.4333337135880682 -5.6 -5.6 -1.5499999999999998 0.0 0.0 1.5 0.0 0.0 1.5 6.6 4.1 3.55
BLK100 1 1 1 1 1 1 1 1 1 1 1 1 0 1 1 0 0 0 0 0 1 1 1 0 1 1 1 0 1 0 1 0 0 1 0 1 1 1 0 0 1 1
BLK0 1 1 1 1 1 1 1 1 1 1 1 1 0 1 1 0 0 0 0 0 1 1 1 0 1 1 1 0 1 0 1 0 0 1 0 1 1 1 0 0 1 1
RADII 0 1 2
LOS 0 0 0 0 0 0 0 0 0 0 0 0 0 0 0 0 0 0 0 0 0 0 0 0 0 0 0 1 1 1 0 0 0 0 0 0 1 1 0 0 0 0 0 0 0 1 0 0 1 1 1 1 1 1 1 1 1 1 0 0 0 0 0 0 0 0 0 0 0 1 0 0 0 0 0 0 0 0 0 0 0 1 1 0 0 0 0 1 0 0 0 0 0 1 1 1 1 0 0 0 0 0 1 0 0 0 0 0 0 0 0 0 0 0 1 0 0 1 1 1 0 0 0 0 0 0
CWCOUNTS 0 464 4536
NCARVE 3
CARVE_CENTER 0.5 0.5 1.5
CARVE_D 0.6
CARVE_N 2
CARVE_NCELL 63
CARVE_CELLS 11 11 1 11 11 4 11 11 7 11 14 1 11 14 4 11 14 7 11 17 1 11 17 4 11 17 7 12 11 1 12 11 4 12 11 7 12 14 1 12 14 4 12 14 7 12 17 1 12 17 4 12 17 7 13 11 1 13 11 4 13 11 7 13 14 1 13 14 4 13 14 7 13 17 1 13 17 4 13 17 7 14 11 1 14 11 4 14 11 7 14 14 1 14 14 4 14 14 7 14 17 1 14 17 4 14 17 7 15 11 1 15 11 4 15 11 7 15 14 1 15 14 4 15 14 7 15 17 1 15 17 4 15 17 7 16 11 1 16 11 4 16 11 7 16 14 1 16 14 4 16 14 7 16 17 1 16 17 4 16 17 7 17 11 1 17 11 4 17 11 7 17 14 1 17 14 4 17 14 7 17 17 1 17 17 4 17 17 7
CARVE_OCC -1 -1 -1 -1 -1 -1 -1 -1 -1 -1 -1 -1 -1 0 -1 -1 -1 -1 -1 -1 -1 -1 0 -1 -1 -1 -1 -1 -1 -1 -1 0 -1 -1 -1 -1 -1 -1 -1 -1 0 -1 -1 -1 -1 -1 -1 -1 -1 0 -1 -1 -1 -1 -1 -1 -1 -1 -1 -1 -1 -1 -1
CARVE_CENTER 0.0 0.0 1.5
CARVE_D 0.45
CARVE_N 2
CARVE_NCELL 63
CARVE_CELLS 9 9 1 9 9 4 9 9 7 9 12 1 9 12 4 9 12 7 9 15 1 9 15 4 9 15 7 10 9 1 10 9 4 10 9 7 10 12 1 10 12 4 10 12 7 10 15 1 10 15 4 10 15 7 11 9 1 11 9 4 11 9 7 11 12 1 11 12 4 11 12 7 11 15 1 11 15 4 11 15 7 12 9 1 12 9 4 12 9 7 12 12 1 12 12 4 12 12 7 12 15 1 12 15 4 12 15 7 13 9 1 13 9 4 13 9 7 13 12 1 13 12 4 13 12 7 13 15 1 13 15 4 13 15 7 14 9 1 14 9 4 14 9 7 14 12 1 14 12 4 14 12 7 14 15 1 14 15 4 14 15 7 15 9 1 15 9 4 15 9 7 15 12 1 15 12 4 15 12 7 15 15 1 15 15 4 15 15 7
CARVE_OCC -1 -1 -1 -1 -1 -1 -1 -1 -1 -1 -1 -1 -1 0 -1 -1 -1 -1 -1 -1 -1 -1 0 -1 -1 -1 -1 -1 -1 -1 -1 0 -1 -1 100 -1 -1 -1 -1 -1 0 -1 -1 100 -1 -1 -1 -1 -1 0 -1 -1 100 -1 -1 -1 -1 -1 100 -1 -1 100 -1
CARVE_CENTER -1.5 -1.5 1.02
CARVE_D 1.0
CARVE_N 4
CARVE_NCELL 66
CARVE_CELLS 2 2 2 2 2 7 2 7 2 2 7 7 2 12 2 2 12 7 3 2 2 3 2 7 3 7 2 3 7 7 3 12 2 3 12 7 4 2 2 4 2 7 4 7 2 4 7 7 4 12 2 4 12 7 5 2 2 5 2 7 5 7 2 5 7 7 5 12 2 5 12 7 6 2 2 6 2 7 6 7 2 6 7 7 6 12 2 6 12 7 7 2 2 7 2 7 7 7 2 7 7 7 7 12 2 7 12 7 8 2 2 8 2 7 8 7 2 8 7 7 8 12 2 8 12 7 9 2 2 9 2 7 9 7 2 9 7 7 9 12 2 9 12 7 10 2 2 10 2 7 10 7 2 10 7 7 10 12 2 10 12 7 11 2 2 11 2 7 11 7 2 11 7 7 11 12 2 11 12 7 12 2 2 12 2 7 12 7 2 12 7 7 12 12 2 12 12 7
CARVE_OCC -1 -1 -1 -1 -1 -1 -1 -1 0 -1 -1 -1 -1 -1 0 -1 -1 -1 -1 -1 0 -1 -1 -1 -1 -1 0 -1 -1 -1 -1 -1 0 -1 -1 -1 -1 -1 0 -1 -1 -1 -1 -1 0 -1 -1 -1 -1 -1 0 -1 -1 -1 -1 -1 0 -1 -1 -1 -1 -1 -1 -1 100 -1
END
CASE
RES 0.3
PARAMS 20.0 20.0 8.0 0.0 0.0 1.5 0.0 3.0 0.3 2.0
NOBST 1
OBSTPOS 0.5 0.5 1.5
OBSTBBOX 0.3 0.3 0.4
NCLOUD 0
CLOUD
KBOOL 1 1 1 0 1 1 1 1 1
KINT 2 2 15 2
KFLOAT 0.2 1.0 0.5 0.0 2.0 0.1 0.5 0.5 1.0 5.0 1.0 0.5 5.0
PREDTIMES 0
PREDSAMP -1
DIM 25 25 8
ORIGIN -3.75 -3.75 0.30000000000000004
NPRECARVE 2
PRECARVE 0.0 0.0 1.5 1.2
PRECARVE 0.5 0.5 1.5 0.5
NPTS 64
PTS 0.5 0.5 1.5 0.9 0.5 1.5 0.5 0.0 1.8 0.0 0.0 1.5 -3.0 -3.0 0.78 -3.0 -3.0 2.2199999999999998 -3.0 0.0 0.78 -3.0 0.0 2.2199999999999998 -3.0 3.0 0.78 -3.0 3.0 2.2199999999999998 0.0 -3.0 0.78 0.0 -3.0 2.2199999999999998 0.0 0.0 0.78 0.0 0.0 2.2199999999999998 0.0 3.0 0.78 0.0 3.0 2.2199999999999998 3.0 -3.0 0.78 3.0 -3.0 2.2199999999999998 3.0 0.0 0.78 3.0 0.0 2.2199999999999998 3.0 3.0 0.78 3.0 3.0 2.2199999999999998 -2.135955450781072 4.124616697083281 1.7945761213374953 -3.7658781246825925 -2.0922629248197446 0.3918849819919519 -2.3481618226599963 -2.2294837713070663 1.743380907549624 -2.5766784677290486 4.610602909607673 1.0143577864817994 3.2627279005607526 -3.0752683536541428 0.5444165328944861 -0.8195027296002162 2.65666207163058 2.600309662805252 3.953534249822033 1.2938347358793627 0.48652631287343556 0.9970022977266875 2.2621485664360157 2.595957109722421 -1.262108999636002 -1.6343770629075522 1.1678237125020217 3.4673104846458416 -0.41596526813070733 2.0794848352177095 1.9135127100723666 -4.64692250440214 0.14715207786929374 -0.8646090908731128 -3.767330783047256 2.837546143249869 -2.569480830398682 -3.096814639853925 0.1642691347505193 -0.23313156257495038 2.913564025737895 1.2730748089314305 3.039254969333856 -1.7384199745089648 2.2579114665976165 4.403751705798271 -2.498912030038979 0.5755956241616793 -2.919203924182239 3.076510799326788 1.9986775934647247 4.187816850421816 -0.4363991025944456 2.5353029846573882 -4.409282427464863 2.709903873602016 2.262128980368588 -3.899439118817984 4.234055248002106 1.7504873397662095 1.880785532240084 2.4220594340345882 2.2688590578923886 2.594968818126492 -2.516191318008151 1.2368506557207617 3.398031550647295 3.6783792120048937 2.6233512888222124 4.333421996367868 -2.7032167330477384 2.4647708959569123 -3.6990281848584847 -0.6954793718644736 1.3770828444523455 -0.19955617849006257 1.8267208948144327 1.9048034292494438 3.5167995182648784 -3.231140823719693 1.6046465547733573 -3.016950294680053 3.9317435395582705 0.9914724623305416 3.090868645112891 -1.11548173080017 2.2593744656693304 4.6313365166409515 -0.7955528005207557 1.6519695679250161 -4.629332471414956 -3.4435891639548157 1.399480648438269 -3.349135087447573 -3.7491850858377034 1.959666518164234 -1.3805998494942977 -0.9706416531377893 1.545247780072609 -4.557693831138667 2.8830398145441944 2.2342844996374103 2.563699794494925 0.929714438545838 1.5327265845852396 3.33287980660018 0.06370626636996324 2.7897215337221852 -2.601167590785509 -2.5673810414333653 0.3273499122683939 3.228813785725676 4.174577027660455 1.3893484252810873 -0.96847861009666 -0.736891324211963 0.23925994336932854 0.6565172918194233 0.37402461053907743 1.2292396556599408 13.6 13.6 12.55 -11.6 -11.6 -7.55
FCFP 0.5999999999999996 0.5999999999999996 1.65 0.8999999999999995 0.5999999999999996 1.65 0.5999999999999996 0.0 1.95 0.0 0.0 1.65 -3.0 -3.0 0.75 -3.0 -3.0 2.25 -3.0 0.0 0.75 -3.0 0.0 2.25 -3.0 3.0 0.75 -3.0 3.0 2.25 0.0 -3.0 0.75 0.0 -3.0 2.25 0.0 0.0 0.75 0.0 0.0 2.25 0.0 3.0 0.75 0.0 3.0 2.25 3.0 -3.0 0.75 3.0 -3.0 2.25 3.0 0.0 0.75 3.0 0.0 2.25 3.0 3.0 0.75 3.0 3.0 2.25 -2.1 3.3 1.65 -3.6 -2.1 0.45000000000000007 -2.4000000000000004 -2.1 1.65 -2.7 3.3 1.05 3.3 -3.0 0.45000000000000007 -0.8999999999999999 2.7 2.55 3.5999999999999996 1.2000000000000002 0.45000000000000007 0.8999999999999995 2.3999999999999995 2.55 -1.2000000000000002 -1.5 1.05 3.5999999999999996 -0.30000000000000027 1.95 1.7999999999999998 -3.3 0.45000000000000007 -0.8999999999999999 -3.3 2.55 -2.7 -3.0 0.45000000000000007 -0.30000000000000027 3.0 1.35 3.0 -1.8 2.25 3.5999999999999996 -2.4000000000000004 0.45000000000000007 -3.0 3.0 1.95 3.5999999999999996 -0.30000000000000027 2.55 -3.6 2.7 2.25 -3.6 3.3 1.65 1.7999999999999998 2.3999999999999995 2.25 2.7 -2.4000000000000004 1.35 3.3 3.3 2.55 3.5999999999999996 -2.7 2.55 -3.6 -0.6000000000000001 1.35 -0.30000000000000027 1.7999999999999998 1.95 3.5999999999999996 -3.3 1.65 -3.0 3.3 1.05 3.0 -1.2000000000000002 2.25 3.5999999999999996 -0.8999999999999999 1.65 -3.6 -3.3 1.35 -3.3 -3.3 1.95 -1.5 -0.8999999999999999 1.65 -3.6 3.0 2.25 2.7 0.8999999999999995 1.65 3.3 0.0 2.55 -2.7 -2.7 0.45000000000000007 3.3 3.3 1.35 -0.8999999999999999 -0.6000000000000001 0.45000000000000007 0.5999999999999996 0.2999999999999998 1.35 13.6 13.6 12.55 -11.6 -11.6 -7.55
HNFN 0 0 0 0 1 1 1 1 1 1 1 1 0 0 1 1 1 1 1 1 1 1 0 1 1 0 1 1 1 1 1 1 0 1 1 1 1 0 1 0 0 0 1 1 1 0 1 1 1 1 1 0 0 1 1 0 1 1 1 0 0 0 0 0
NSEG 42
SEGS -0.5 0.5 1.5 1.5 0.5 1.5 0.5 -0.5 1.5 0.5 1.5 1.5 -0.30000000000000004 -0.30000000000000004 1.2 1.3 1.3 1.8 0.5 0.5 1.5 0.5 0.5 2.0 -4.440892098500626e-16 -4.440892098500626e-16 1.5 0.9999999999999996 0.9999999999999996 2.5 -4.440892098500626e-16 -4.440892098500626e-16 1.5 0.9999999999999996 0.9999999999999996 1.5 -4.440892098500626e-16 -4.440892098500626e-16 1.5 0.9999999999999996 -4.440892098500626e-16 2.5 -3.6 -3.6 1.5 3.5999999999999996 -3.6 1.5 0.0 -4.6 1.5 0.0 4.6 1.5 0.0 0.0 1.5 0.0 0.0 1.5 -2.3645793235669417 -3.1833083985392263 2.1771443981572878 -2.7769997417512267 -1.8899291725750595 2.4323273107361323 -2.6672688669921145 -0.5192811899053242 2.418043963922983 -0.19772016160351535 0.6139351474679171 0.28501240292924335 -3.8219141855587626 -1.2927149723275808 1.6757721012004407 4.188569498254557 3.8432354846907777 1.3707611904482664 3.355094236040189 3.7744522706872714 1.505021408079668 0.6980160033137808 -0.2972612077446235 1.9302936215609439 1.4085028056541486 2.2451377525759617 2.0071691500530497 -1.6513358205230355 -3.9572342226085575 2.4710492349747377 -0.8083481894601725 1.545204755360714 2.586571459236916 -4.279282386724622 4.075669117852886 1.3533916637531624 3.699242069420357 2.2419498732249354 2.572913814534199 1.5043783852206194 -0.7881353528096384 1.8418295734820433 -3.361294773016509 3.2779761363802087 0.5249253218446789 -2.907608497446628 2.4878974376174967 0.5801447371150028 -0.02075452980304915 -4.15906258888877 1.68717412482509 -3.331306863475608 -0.7779574708278636 2.3516135430183174 1.4977333679841895 1.457363977399059 2.419940526786192 1.1797516879054712 -1.5391141052389345 2.293008061019166 -0.47887164642199087 -1.725424363524401 0.4424793218239613 2.052988404608279 -3.2891387985327345 0.8731240381630931 -2.625279759841855 -2.505279511968047 2.203049190828529 -2.8368172197472132 3.3567130274387122 1.6427104605787268 0.2668363020703186 1.3315439789398185 2.6986518579407033 -4.168999761035877 -2.1381432945169694 1.9192061192729892 1.4040358756958908 -0.3128429172387359 1.698418831458031 -0.20991494332894778 0.3412272066287656 0.6817988002214559 -3.827339408665819 -4.021154644326155 2.108225883014493 3.922713152292912 -0.39021756315129785 1.241343141779006 -2.9902437675895617 0.7068983435899034 2.4694703282153423 -0.019146787777108543 1.742269500927034 2.7117787945068006 -3.635547929338852 0.5570296644163109 2.031990274594815 -3.1919260457098244 1.9150826951763569 2.5932994979411563 -1.3563664314388233 -1.507053767602145 2.246803882594669 2.624978574180705 -2.4932656733421856 2.552958823772658 -0.5395084367709209 1.1025145064528439 1.4122209584734626 -1.9230415828409835 0.8784265760841481 1.0924153552790365 -1.7856479167944757 0.05811207116968342 0.7362511060595507 2.1545763350692826 2.3205165180756118 0.5474395428104112 -1.4105152747474805 0.9263590666059103 1.7294944334766025 3.655022501922543 3.8986428108227655 0.6929559975105202 0.4479613931789026 -0.49050532285777626 1.2081037469376106 -0.28933402880508474 1.8359103910659411 1.1076418204349485 -4.015260220815438 2.634950627800739 0.588352519318627 -1.4826855340570462 -4.218003148589236 2.3880927241916914 -1.9117687781838377 2.0834126952076653 2.3074303734933572 3.260292392417567 -0.779507578801022 0.7031043933442257 -0.5941717782445299 0.10803688754768404 1.2244623951843328 -1.972059191346415 1.9769657229377748 0.5685651976077066 -1.052350388028973 1.272379774253603 1.4167080094827407 -3.0414243672184083 3.7771322606669497 0.41287828786872016 4.104152009300364 2.2762713032683073 1.2089685091637663 -4.176842056310335 -0.4016252049019142 2.435450219839343 -0.2747588182636651 1.789265805900627 1.8856277619088235 3.1662323187294006 -0.5370261284436952 2.3267222276065613 -3.0398025375862536 3.22723625532571 1.6554654525280097 0.02896413115140062 3.185863059782229 2.3176408302084255 -3.9834723988421508 2.501511534394545 2.3643303722128652 -3.270289087777827 0.33925531285840593 1.7247431451730155 -5.6 -5.6 -1.5499999999999998 0.0 0.0 1.5 0.0 0.0 1.5 6.6 4.1 3.55
BLK100 0 0 0 0 0 0 0 1 1 0 0 0 1 1 1 1 0 0 1 0 0 0 0 0 1 0 0 0 0 0 1 0 1 0 0 1 0 0 0 0 0 0
BLK0 1 1 1 1 1 1 1 1 1 1 0 1 1 1 1 1 0 0 1 1 0 0 1 1 1 1 0 0 1 1 1 1 1 1 1 1 1 1 0 0 1 1
RADII 0 1 2
LOS 1 1 1 1 1 1 1 1 1 1 1 1 1 1 1 1 1 1 1 1 1 0 0 0 0 0 0 1 1 1 1 0 0 1 1 1 0 0 0 0 0 0 0 0 0 0 0 0 1 1 1 1 0 0 0 0 0 1 1 1 1 0 0 1 0 0 1 1 1 1 1 1 0 0 0 1 1 1 1 1 1 1 1 1 1 1 1 1 1 1 0 0 0 1 1 1 0 0 0 1 1 1 1 1 1 0 0 0 1 1 1 1 1 1 1 0 0 1 1 1 1 1 1 1 1 1
CWCOUNTS 648 400 3952
NCARVE 3
CARVE_CENTER 0.5 0.5 1.5
CARVE_D 0.6
CARVE_N 2
CARVE_NCELL 63
CARVE_CELLS 11 11 1 11 11 4 11 11 7 11 14 1 11 14 4 11 14 7 11 17 1 11 17 4 11 17 7 12 11 1 12 11 4 12 11 7 12 14 1 12 14 4 12 14 7 12 17 1 12 17 4 12 17 7 13 11 1 13 11 4 13 11 7 13 14 1 13 14 4 13 14 7 13 17 1 13 17 4 13 17 7 14 11 1 14 11 4 14 11 7 14 14 1 14 14 4 14 14 7 14 17 1 14 17 4 14 17 7 15 11 1 15 11 4 15 11 7 15 14 1 15 14 4 15 14 7 15 17 1 15 17 4 15 17 7 16 11 1 16 11 4 16 11 7 16 14 1 16 14 4 16 14 7 16 17 1 16 17 4 16 17 7 17 11 1 17 11 4 17 11 7 17 14 1 17 14 4 17 14 7 17 17 1 17 17 4 17 17 7
CARVE_OCC -1 -1 -1 -1 -1 -1 -1 -1 -1 -1 -1 -1 -1 0 -1 -1 -1 -1 -1 -1 -1 -1 0 -1 -1 -1 -1 -1 -1 -1 -1 0 -1 -1 -1 -1 -1 -1 -1 -1 0 -1 -1 -1 -1 -1 -1 -1 -1 0 -1 -1 -1 -1 -1 -1 -1 -1 -1 -1 -1 -1 -1
CARVE_CENTER 0.0 0.0 1.5
CARVE_D 0.45
CARVE_N 2
CARVE_NCELL 63
CARVE_CELLS 9 9 1 9 9 4 9 9 7 9 12 1 9 12 4 9 12 7 9 15 1 9 15 4 9 15 7 10 9 1 10 9 4 10 9 7 10 12 1 10 12 4 10 12 7 10 15 1 10 15 4 10 15 7 11 9 1 11 9 4 11 9 7 11 12 1 11 12 4 11 12 7 11 15 1 11 15 4 11 15 7 12 9 1 12 9 4 12 9 7 12 12 1 12 12 4 12 12 7 12 15 1 12 15 4 12 15 7 13 9 1 13 9 4 13 9 7 13 12 1 13 12 4 13 12 7 13 15 1 13 15 4 13 15 7 14 9 1 14 9 4 14 9 7 14 12 1 14 12 4 14 12 7 14 15 1 14 15 4 14 15 7 15 9 1 15 9 4 15 9 7 15 12 1 15 12 4 15 12 7 15 15 1 15 15 4 15 15 7
CARVE_OCC -1 -1 -1 -1 -1 -1 -1 -1 -1 -1 -1 -1 -1 0 -1 -1 -1 -1 -1 -1 -1 -1 0 -1 -1 -1 -1 -1 -1 -1 -1 0 -1 -1 100 -1 -1 -1 -1 -1 0 -1 -1 100 -1 -1 -1 -1 -1 0 -1 -1 100 -1 -1 -1 -1 -1 100 -1 -1 100 -1
CARVE_CENTER -1.5 -1.5 1.02
CARVE_D 1.0
CARVE_N 4
CARVE_NCELL 66
CARVE_CELLS 2 2 2 2 2 7 2 7 2 2 7 7 2 12 2 2 12 7 3 2 2 3 2 7 3 7 2 3 7 7 3 12 2 3 12 7 4 2 2 4 2 7 4 7 2 4 7 7 4 12 2 4 12 7 5 2 2 5 2 7 5 7 2 5 7 7 5 12 2 5 12 7 6 2 2 6 2 7 6 7 2 6 7 7 6 12 2 6 12 7 7 2 2 7 2 7 7 7 2 7 7 7 7 12 2 7 12 7 8 2 2 8 2 7 8 7 2 8 7 7 8 12 2 8 12 7 9 2 2 9 2 7 9 7 2 9 7 7 9 12 2 9 12 7 10 2 2 10 2 7 10 7 2 10 7 7 10 12 2 10 12 7 11 2 2 11 2 7 11 7 2 11 7 7 11 12 2 11 12 7 12 2 2 12 2 7 12 7 2 12 7 7 12 12 2 12 12 7
CARVE_OCC -1 -1 -1 -1 -1 -1 -1 -1 0 -1 -1 -1 -1 -1 0 -1 -1 -1 -1 -1 0 -1 -1 -1 -1 -1 0 -1 -1 -1 -1 -1 0 -1 -1 -1 -1 -1 0 -1 -1 -1 -1 -1 0 -1 -1 -1 -1 -1 0 -1 -1 -1 -1 -1 0 -1 -1 -1 -1 -1 -1 -1 100 -1
END
CASE
RES 0.2
PARAMS 30.0 30.0 14.0 0.3 -0.4 1.4 0.1 2.9 0.25 3.0
NOBST 3
OBSTPOS -0.8 0.6 1.2 1.0 -0.7 1.6 0.0 0.0 1.0
OBSTBBOX 0.25 0.25 0.3 0.4 0.2 0.5 0.15 0.35 0.2
NCLOUD 120
CLOUD -0.40750222962160043 0.3241110640987599 1.550433415679773 0.9465471425456955 1.202489013778116 1.7663811114105379 0.7788139120795234 1.8486117278983332 2.689804176483292 -0.8931931607081771 -0.021353899283942823 0.3133735350029709 1.4661016315463158 -1.1274298627002644 2.6669225254035047 -1.8125800375059966 1.374304063113537 0.20389059716818977 -0.9729487290038885 -0.812117795839018 1.6994000593787073 -1.4290814962978446 1.3805510924666926 0.818799189211967 1.462415302655673 0.5675392701617628 1.817033237391654 -0.6205469843667251 0.4320323627809164 2.535176435392494 -1.3696385968186342 -0.7489366590439377 1.4985520729788293 -0.23854376437817137 0.2199472714924866 0.5665828312005451 -1.1895864755842744 0.2972250318026597 2.438680016720446 -0.17961696576705144 -1.1124985263113865 2.6057342738424767 -1.0132800717006267 -0.48170045489493507 1.5356951713200901 1.7119688126639137 0.3501442407507853 2.1699947608793355 -1.9341561407696948 1.3832414564428892 1.4038088619927114 0.7801928876056459 -0.2236833988861746 0.7651840294813084 0.7508097890925924 -0.6442837600356923 1.1585331580360863 0.2966330275132667 1.7252334542770913 2.228260482398335 -1.165001795009601 -0.9100638372996186 1.4669796339315642 0.49425858472470363 1.4792796483455493 1.2813350396276897 -0.9689455148803012 0.8441185295017739 2.6136797390673925 -0.13060549092015483 -1.69469683825481 1.9682779579415726 -0.7247277603433879 0.6207466314262922 1.172663159035104 1.1137918370284199 1.5482576359355864 1.172872571679308 -0.40588261493373823 1.4039294183049527 2.064926607010436 0.11671055892382043 -1.3636919630871702 2.712832929566846 1.3683035772835161 -0.4007596086320242 2.0000704866783052 -1.6333682072089881 0.15273835582484807 1.8372858808061034 0.8114904947960526 1.3616907300988834 2.1470983233114262 0.24260375888069285 0.07466385993628277 1.3964129719622649 -0.16553317067660434 -0.49822888352388217 0.35355251188928954 1.9234219755996969 1.297725439805396 1.8756431077740792 0.7733479824263818 0.43135103894143345 2.62343746268969 -1.6012444985813272 -1.87525094956669 1.8454080260078691 1.9179453828313933 0.5844921587703178 0.41378768186955917 -0.32685404299748644 0.9956760326678991 2.38825434085008 0.20510533072788384 -0.6418895613021727 1.8315430373645158 -1.6627506108245846 1.2027861714411658 1.7639015486802603 0.7358542985708048 -1.9692889162066258 1.1378932370189783 1.509552132623487 -1.8265988676675122 0.8283715518234342 -0.7111786456902705 0.9898232489966365 0.5944805363234845 -1.6941164701287876 1.297841809213368 2.410857708638114 -0.9783578758810636 -1.8117748205638118 1.4068435592558748 0.2875457471111167 1.97740060605933 2.2695256798059984 -0.7953663844852361 -0.011152650981615775 2.2305271771392516 -0.03850026978922472 0.7748420164066956 1.3577481662541087 0.641868407249897 0.05684623749284912 2.265749550412548 1.02821378039298 -1.4841525859964961 1.9296319764205605 0.9420449677544398 0.4440465197592993 2.002262728513272 0.7266034461673461 -0.51329007110829 2.014303045203142 1.5415656391075099 -0.6127880084939901 0.9924394540651247 1.4015441697263955 0.11867285299719965 1.2087467321593168 -1.2244281572611722 1.1627570349871075 2.228825767730396 1.3141610188048052 1.5988240373581224 2.4599829890902583 -0.9580398009327191 0.26030810406265914 2.4950866150044178 -0.7832271892939593 0.287190095324648 0.8746311116412495 -1.8126743684112268 0.6869606962121741 1.3809664262568389 -0.232150090791857 1.8129758894924444 1.1840624601338394 0.7093291346220014 1.3237177077851063 0.7513107016270528 0.4126097577020662 -0.49987872918664733 1.339018487761281 -1.0135133202003472 0.6601552823224694 0.4099947775506746 1.5932932946679865 1.8049796342139346 1.5611315024677257 -1.1318892061642303 1.8084083762032521 0.5162846557761714 -1.221532511564265 0.9697070459082568 2.7039963999444865 0.3441680903935813 1.7368743217160194 2.53782047320516 -0.1641149960049253 1.3590356915179695 1.9899241997090038 -0.30593934146411783 -1.6524428258060078 0.7005185878076281 -0.47275413884076567 0.9978021111313766 0.576788640205224 -1.5953009826217412 -0.6511935621541363 2.7639989007787578 -1.2675171257737015 1.790321065644147 0.6009585403285235 -0.5655670087466853 0.07198168788875936 0.7495969521730497 1.464912976255364 1.6037541561250972 2.1991403406722276 -0.3985473253198819 -0.4820646517696283 0.4716148451243686 1.556528334948986 1.1438915468626374 1.9305307062087418 -0.21399876317081112 -0.6651943796880211 0.3907719594585587 0.9435030164532967 -0.6500818392907677 2.4531347973294544 1.076910287335858 0.3319450051590507 1.3874702831661028 -0.1332508430316035 0.6866411569102144 1.8848541653129276 -1.9395894952401926 1.7140910264949976 0.5625268171220708 0.25947919344299963 -0.08122405757893647 1.6604027350817605 -1.4477997709867192 1.3094712428856106 1.0912558210024343 0.3815951750344344 -1.441540101133766 1.0817983836749638 1.1949720468202254 0.9120276791968456 2.102282644299161 0.4231216424665334 -1.437181892702052 0.9670401551943446 1.0540301290394951 0.6641905920488753 1.1166665641846618 -1.5743472953382915 -0.16199643930455787 1.246802263984708 1.7941314787400282 -1.3013999036499495 1.8125248186721945 -0.9183491760788036 1.775501981349397 1.5037151797889097 -1.3354288662872484 1.275718434075785 0.4447549774626871 0.7130345023308338 0.6974430963419973 2.466602429704788 -1.967648160801149 -0.004315156005016529 0.430474129485022 1.3904125348631218 1.8736207272272414 2.002149355982339 1.902959425111547 -0.6147478992263284 1.1848264625827183 0.543478762467628 1.014520625353804 1.8904443563170499 1.242621994997437 -0.07487531745054365 1.3262791002305316 0.8055825813397055 0.029054930334120765 0.48561116308514835 -1.9113943302382426 -1.4188165140232862 0.901897088144687 -0.3180373923006967 -1.2777829755524475 1.0988191062498136 -1.796404332977449 -1.3943259394195877 2.2349821586309777 -1.6400647970020081 -0.5331664243530847 2.417088984578683 -1.875099758460261 -1.9214546418054677 0.8447352464968401 0.7133613977747957 0.24077263540665994 1.2814249267439877 -1.3034396568656699 -1.541262599934626 0.520496062331057 -1.7162445974365066 -0.5576191241063988 1.147213707630213 0.8596437870934683 0.4712411899932847 1.6111013491020192 -0.344645311618494 1.9270564525646243 1.2046549481087283 -0.11451341467777842 1.2488124747041014 1.0209914226604415 1.9113468560405833 -0.05657449796871861 1.5522158867160814 0.25833393853642095 1.337137374163158 0.29622099327340706 -1.1923949135290606 -1.0011373938992456 0.39118808514792297 -1.125271747589618 -0.9771303112878691 1.8156227418716167 1.953120345082905 0.2734348385385079 1.5965016333338529 -0.08251360846740319 -0.8276328477651753 1.4223229679064107 0.9784293203816499 0.07974385333074796 2.4259516115515862 -1.0746660562142205 0.5882175148440743 1.768236956141674 -0.921941445379816 1.1678945923713342 0.3747448584029585 -1.381865665311011 -0.6189587798362837 0.7797311025151927 0.7572149870311109 1.7893324892662466 0.5680962101284782
KBOOL 1 1 1 1 1 1 1 1 1
KINT 2 2 15 2
KFLOAT 0.2 1.0 0.5 0.15 2.0 0.1 0.5 0.5 1.0 5.0 1.0 0.5 5.0
PREDTIMES 0
PREDSAMP -1
DIM 37 37 13
ORIGIN -3.4000000000000004 -4.1000000000000005 0.19999999999999973
NPRECARVE 0
NPTS 70
PTS -0.8 0.6 1.2 -0.4 0.6 1.2 -0.8 0.09999999999999998 1.5 1.0 -0.7 1.6 1.4 -0.7 1.6 1.0 -1.2 1.9000000000000001 0.0 0.0 1.0 0.4 0.0 1.0 0.0 -0.5 1.3 0.2999999999999998 -0.40000000000000036 1.4999999999999998 -2.66 -3.3600000000000003 0.7199999999999998 -2.66 -3.3600000000000003 2.28 -2.66 -0.40000000000000036 0.7199999999999998 -2.66 -0.40000000000000036 2.28 -2.66 2.5600000000000005 0.7199999999999998 -2.66 2.5600000000000005 2.28 0.2999999999999998 -3.3600000000000003 0.7199999999999998 0.2999999999999998 -3.3600000000000003 2.28 0.2999999999999998 -0.40000000000000036 0.7199999999999998 0.2999999999999998 -0.40000000000000036 2.28 0.2999999999999998 2.5600000000000005 0.7199999999999998 0.2999999999999998 2.5600000000000005 2.28 3.2600000000000007 -3.3600000000000003 0.7199999999999998 3.2600000000000007 -3.3600000000000003 2.28 3.2600000000000007 -0.40000000000000036 0.7199999999999998 3.2600000000000007 -0.40000000000000036 2.28 3.2600000000000007 2.5600000000000005 0.7199999999999998 3.2600000000000007 2.5600000000000005 2.28 -0.9997771564182405 -4.528143395978844 1.414522574336433 -2.937235193887377 -0.9008466187395836 2.7650759179424402 -3.4292012298539594 4.250299925555271 1.7510100579742258 1.3346665054783116 4.036105021896973 0.29712273317739585 -4.100309442994084 -1.448583754428773 0.9175509530631873 0.1055445353043365 3.1786925586691046 0.7129336079619614 -3.578769397443396 3.2679581549317156 0.05262833341238565 2.797598997851979 2.134900384620999 0.08681738425794366 -3.600384422305899 -0.04209565423766071 2.614572602981755 -1.7953990355956857 -3.809164051758525 2.7783344113899657 4.767845095573019 2.5314024383984304 1.771551389917811 -1.8596087435528912 -2.7303554727087445 1.6812497298305153 -1.8697939013361233 1.8211279328271752 1.059553356833232 -3.6017727223063596 0.9053946873289176 2.127809065314623 3.0017417123077066 -3.4492777659077576 2.032766497683805 4.834682986698278 -4.910306316793502 1.2578494257980068 1.7363514005764151 -3.5569727485559044 2.7603546021598264 1.5957183096048912 3.544935990141612 2.7262957389190645 0.25842709720737034 2.7544490027664947 2.4331704440635 -2.3228409602743247 -4.063884163291057 1.4880915556961174 3.516217267047536 2.0823542350047655 2.1259033321900564 1.5029999363125257 3.6676796881820195 1.3292054440113485 -3.3354146442749455 2.7956252782465203 -0.046638357515226325 -2.123747227435463 -0.129837099828658 0.5650809356040145 0.14409958815134782 0.4726313604869601 1.7260633586046006 -4.34161809199822 4.19365480303746 0.553229209711653 4.373396677420759 -2.2357091411194463 0.43942844789594926 -1.760748947370983 -0.5680939052099228 0.720705407648249 -3.9324337836663026 1.9260776927105976 1.315680498258879 4.138306859185208 -0.3287242666428303 1.2563681608564274 -1.9720953687221763 2.577889348511138 1.2163797435968804 2.9607893526434714 1.9873054845086866 0.39136452809729694 1.686773346776508 -1.4271150016316403 2.801355756580068 0.03247911587554064 -4.657583951204418 1.3649445095014268 -1.0504081375158134 -1.3082194468775739 0.012376702233199977 -3.204884611680762 -2.0120407270513865 2.3618353086718855 -1.990934630411101 -4.96185482968773 0.8439637534652717 0.7003791771653289 1.9870751525455717 2.8737183329651956 1.899559940217078 -2.1642516929423925 2.856765735711004 1.3927440649864615 -1.56096889237388 2.886684599094194 13.9 13.2 12.7 -11.3 -12.0 -7.7
FCFP -0.7000000000000002 2.3999999999999995 1.2999999999999998 1.0999999999999996 1.7999999999999998 1.4999999999999998 -1.7000000000000002 -1.2000000000000002 1.4999999999999998 1.0999999999999996 -2.4000000000000004 1.6999999999999997 2.9000000000000004 -0.6000000000000005 1.6999999999999997 0.8999999999999995 -2.4000000000000004 1.9 -0.9000000000000004 -1.8000000000000003 0.8999999999999998 1.7000000000000002 1.2000000000000002 1.0999999999999996 -0.9000000000000004 -1.8000000000000003 1.0999999999999996 -0.9000000000000004 -1.8000000000000003 1.0999999999999996 -2.7 -3.4000000000000004 0.6999999999999997 -2.7 -3.4000000000000004 2.3 -2.7 -0.40000000000000036 0.6999999999999997 -2.7 -0.40000000000000036 2.3 -2.7 2.5999999999999996 0.6999999999999997 -2.7 2.5999999999999996 2.3 0.2999999999999998 -3.4000000000000004 0.6999999999999997 0.2999999999999998 -3.4000000000000004 2.3 -0.9000000000000004 -1.8000000000000003 0.6999999999999997 -0.9000000000000004 -1.8000000000000003 2.3 0.2999999999999998 2.5999999999999996 0.6999999999999997 0.2999999999999998 2.5999999999999996 2.3 3.3 -3.4000000000000004 0.6999999999999997 3.3 -3.4000000000000004 2.3 3.3 -0.40000000000000036 0.6999999999999997 3.3 -0.40000000000000036 2.3 3.3 2.5999999999999996 0.6999999999999997 3.3 2.5999999999999996 2.3 -0.9000000000000004 -3.6000000000000005 1.4999999999999998 -2.9000000000000004 -1.0000000000000004 2.6999999999999997 -3.3000000000000003 2.8 1.6999999999999997 1.2999999999999998 2.8 0.2999999999999997 -3.3000000000000003 -1.4000000000000004 0.8999999999999998 0.09999999999999964 2.8 0.6999999999999997 -3.3000000000000003 2.8 0.2999999999999997 2.7 2.2 0.2999999999999997 -3.3000000000000003 0.0 2.6999999999999997 -1.7000000000000002 -3.6000000000000005 2.6999999999999997 3.9000000000000004 2.5999999999999996 1.6999999999999997 -1.9000000000000004 -2.8000000000000007 1.6999999999999997 -1.9000000000000004 2.3999999999999995 1.0999999999999996 -3.3000000000000003 1.0 2.0999999999999996 3.0999999999999996 -3.4000000000000004 2.0999999999999996 3.9000000000000004 -3.6000000000000005 1.2999999999999998 1.7000000000000002 -3.6000000000000005 2.6999999999999997 1.5 2.8 2.6999999999999997 0.2999999999999998 2.8 2.5 -2.3000000000000003 -3.6000000000000005 1.4999999999999998 3.5 2.0 2.0999999999999996 1.5 2.8 1.2999999999999998 -3.3000000000000003 2.8 0.2999999999999997 -2.7 -0.20000000000000018 0.4999999999999998 1.0999999999999996 1.7999999999999998 1.6999999999999997 -3.3000000000000003 2.8 0.4999999999999998 3.9000000000000004 -2.2 0.4999999999999998 -1.7000000000000002 -1.2000000000000002 0.4999999999999998 -3.3000000000000003 2.0 1.2999999999999998 3.9000000000000004 -0.40000000000000036 1.2999999999999998 -1.9000000000000004 2.5999999999999996 1.2999999999999998 2.9000000000000004 2.0 0.2999999999999997 1.7000000000000002 -2.4000000000000004 2.6999999999999997 0.09999999999999964 -3.6000000000000005 1.2999999999999998 -0.9000000000000004 -1.8000000000000003 0.2999999999999997 -3.3000000000000003 -2.0000000000000004 2.3 -1.9000000000000004 -3.6000000000000005 0.8999999999999998 1.0999999999999996 2.0 2.6999999999999997 1.9000000000000004 -2.4000000000000004 2.6999999999999997 1.2999999999999998 -2.4000000000000004 2.6999999999999997 13.9 13.2 12.7 -11.3 -12.0 -7.7
HNFN 1 1 1 1 1 1 1 1 1 1 1 1 1 1 1 1 1 1 1 1 1 1 1 1 1 1 1 1 0 1 0 0 0 1 1 1 0 1 0 1 1 0 1 0 1 0 1 1 1 0 0 1 1 0 0 1 0 1 1 1 1 0 1 1 0 1 1 1 0 0
NSEG 50
SEGS -1.8 0.6 1.2 0.19999999999999996 0.6 1.2 -0.8 -0.4 1.2 -0.8 1.6 1.2 -1.6 -0.20000000000000007 0.8999999999999999 0.0 1.4 1.5 -0.8 0.6 1.2 -0.8 0.6 1.7 0.0 -0.7 1.6 2.0 -0.7 1.6 1.0 -1.7 1.6 1.0 0.30000000000000004 1.6 0.19999999999999996 -1.5 1.3 1.8 0.10000000000000009 1.9000000000000001 1.0 -0.7 1.6 1.0 -0.7 2.1 -1.0 0.0 1.0 1.0 0.0 1.0 0.0 -1.0 1.0 0.0 1.0 1.0 -0.8 -0.8 0.7 0.8 0.8 1.3 0.0 0.0 1.0 0.0 0.0 1.5 0.30000000000000027 -0.40000000000000036 1.4999999999999996 1.3000000000000003 0.5999999999999996 2.4999999999999996 0.30000000000000027 -0.40000000000000036 1.4999999999999996 1.3000000000000003 0.5999999999999996 1.4999999999999996 0.30000000000000027 -0.40000000000000036 1.4999999999999996 1.3000000000000003 -0.40000000000000036 2.4999999999999996 -3.3000000000000003 -4.000000000000001 1.4999999999999998 3.9000000000000004 -4.000000000000001 1.4999999999999998 0.2999999999999998 -5.000000000000001 1.4999999999999998 0.2999999999999998 4.2 1.4999999999999998 0.2999999999999998 -0.40000000000000036 1.4999999999999998 0.2999999999999998 -0.40000000000000036 1.4999999999999998 -3.82295239974324 1.092887752829622 0.5965969870135182 -2.60995747193497 -2.5180772367995363 0.43341955317550485 1.754294740505228 -2.140934788642207 1.230426370722511 -2.4576507930536264 -2.734612721608781 2.8452737605157963 3.9136710212929766 0.548528993194151 2.5482084432675727 -3.058941614614483 2.5484961720532127 1.430531339676342 -1.515995583044379 0.7657594221418629 1.942179369054939 1.4350064904483708 3.3289011298851268 2.30340975108935 -1.3014724125248838 -3.3967102466153976 0.7236505472470461 -0.9450641042321348 1.395267330630423 2.3477562575459614 -0.16350473542574884 1.3445133476831552 2.5666225182038573 3.941306253895583 -2.7201952509840366 0.6472539449471254 2.79754199525096 -3.972071248031714 2.5101965119434393 2.1441686439860788 3.3811296000646367 0.7079963513674964 3.2668579393013366 -1.3442810686942552 0.8621833138491234 -2.133381017867256 -3.568221574608362 1.9523954032005384 -3.2468625436178784 3.3683498498049653 0.6936467521346459 3.817245128201996 1.3978145985234853 1.427411549452318 0.9772184205658596 -0.1599316918649376 0.17465737138684256 0.27530781721140674 -0.8184855368729771 2.6040927561603744 2.17583478134016 -3.9575883137653736 2.5543975709733604 1.1451273444256596 2.2530365380391135 2.5700227516912615 1.6485039966387194 3.1139277515409676 1.9055024725927252 3.979072615884388 2.8879933128944923 1.0582580974123266 -0.016418455905149454 3.496177692161721 1.0537503281326877 0.9151713821287983 3.8459676616350693 2.8481669663612803 0.5401304044897781 -2.2740280156569024 0.10115447485948834 -3.9143080001512733 -2.9459487518458447 0.07752123757533821 -3.624230448652883 -4.708980536766323 2.0518483319429337 2.2118061541595595 1.3003597458938936 0.6269780128915929 -1.842693064682626 1.663591409570917 1.09568849755691 4.0728132350678035 1.0920397330553602 1.6107831284607776 3.1474400849410515 3.2910823382123313 0.41029096625917083 2.0690207191542878 3.3468994774923866 1.6739162075537797 -2.5993455949116075 -2.302357776592611 2.490670792449496 0.6078186494922195 -2.432432819589458 2.872849037283373 -3.946847947793776 0.18266423004356902 0.4660041327761538 -0.1823681713439509 2.333132565466916 1.2046510635360326 0.37255235591555946 0.33023616902736475 1.23081094892399 -1.8791194613899806 2.4161351892318086 2.624729552798876 -0.2889187824788859 3.8156140169398114 1.2649852373434252 -1.3290560386605812 -4.691005991625836 0.6367666277033546 3.6370179330055623 -2.791834770958655 2.2225855842861524 1.9245506936159873 1.7865258239075583 2.7976352088347336 2.9753946731930543 2.2356762361814377 0.44717987335427317 -0.26598855491847484 -0.864309011264258 2.4036763992329138 -3.282326629112365 0.46461628353837714 1.7644948841633927 -0.698315064063773 -3.1287400110041084 1.7034556097087936 -2.98825726461933 -4.276723750819663 2.2453210821471283 1.3527912430659774 2.0796724352131966 0.9447636622183047 4.320991606300714 0.0811387934448069 2.8751648797844465 3.7266209810426543 3.7032802387030292 2.4285305955873926 0.8910626106062369 -0.31574863281601306 2.9139247419320222 3.953962056577874 -4.296894487118859 1.8418622445155375 1.42890285326501 3.5580060840346492 2.3526816682364844 -2.8903729028874885 -1.6869916145477988 2.145176267418616 0.3073035862532585 1.8263235136552698 0.23685490900610373 1.3744205107313712 -0.28152746665862205 0.9355102184340108 -1.3085606557099192 -0.6290461859293637 2.5491956262423345 -2.6140264429626385 1.0271972396938835 1.402947428788364 -5.300000000000001 -6.000000000000001 -1.7000000000000002 0.2999999999999998 -0.40000000000000036 1.4999999999999998 0.2999999999999998 -0.40000000000000036 1.4999999999999998 6.9 3.7 3.6999999999999997
BLK100 1 1 1 1 1 1 1 1 1 1 1 1 1 1 1 1 1 1 0 1 1 1 1 1 1 1 1 1 1 1 0 0 1 1 1 0 1 1 1 1 1 1 1 1 1 1 1 1 1 1
BLK0 1 1 1 1 1 1 1 1 1 1 1 1 1 1 1 1 1 1 0 1 1 1 1 1 1 1 1 1 1 1 0 0 1 1 1 0 1 1 1 1 1 1 1 1 1 1 1 1 1 1
RADII 0 1 2
LOS 0 0 0 0 0 0 0 0 0 0 0 0 0 0 0 0 0 0 0 0 0 0 0 0 0 0 0 0 0 0 0 0 0 0 0 0 0 0 0 0 0 0 0 0 0 0 0 0 0 0 0 1 1 1 1 1 1 0 0 0 0 0 0 0 0 0 0 0 0 0 0 0 0 0 0 0 0 0 0 0 0 0 0 0 0 0 0 0 0 0 1 0 0 1 0 0 0 0 0 0 0 0 0 0 0 1 0 0 0 0 0 0 0 0 0 0 0 0 0 0 0 0 0 0 0 0 0 0 0 0 0 0 0 0 0 0 0 0 0 0 0 0 0 0 0 0 0 0 0 0
CWCOUNTS 0 9056 8741
NCARVE 3
CARVE_CENTER -0.8 0.6 1.2
CARVE_D 0.6
CARVE_N 3
CARVE_NCELL 81
CARVE_CELLS 9 19 1 9 19 5 9 19 9 9 23 1 9 23 5 9 23 9 9 27 1 9 27 5 9 27 9 10 19 1 10 19 5 10 19 9 10 23 1 10 23 5 10 23 9 10 27 1 10 27 5 10 27 9 11 19 1 11 19 5 11 19 9 11 23 1 11 23 5 11 23 9 11 27 1 11 27 5 11 27 9 12 19 1 12 19 5 12 19 9 12 23 1 12 23 5 12 23 9 12 27 1 12 27 5 12 27 9 13 19 1 13 19 5 13 19 9 13 23 1 13 23 5 13 23 9 13 27 1 13 27 5 13 27 9 14 19 1 14 19 5 14 19 9 14 23 1 14 23 5 14 23 9 14 27 1 14 27 5 14 27 9 15 19 1 15 19 5 15 19 9 15 23 1 15 23 5 15 23 9 15 27 1 15 27 5 15 27 9 16 19 1 16 19 5 16 19 9 16 23 1 16 23 5 16 23 9 16 27 1 16 27 5 16 27 9 17 19 1 17 19 5 17 19 9 17 23 1 17 23 5 17 23 9 17 27 1 17 27 5 17 27 9
CARVE_OCC 100 100 100 100 100 100 100 100 100 100 100 100 100 0 100 100 100 100 100 100 100 100 0 100 100 100 100 100 100 100 100 0 100 100 100 100 100 100 100 100 0 100 100 100 100 100 100 100 100 0 100 100 100 100 100 100 100 100 0 100 100 100 100 100 100 100 100 0 100 100 100 100 100 100 100 100 100 100 100 100 100
CARVE_CENTER 0.2999999999999998 -0.40000000000000036 1.4999999999999998
CARVE_D 0.45
CARVE_N 3
CARVE_NCELL 81
CARVE_CELLS 14 14 2 14 14 6 14 14 10 14 18 2 14 18 6 14 18 10 14 22 2 14 22 6 14 22 10 15 14 2 15 14 6 15 14 10 15 18 2 15 18 6 15 18 10 15 22 2 15 22 6 15 22 10 16 14 2 16 14 6 16 14 10 16 18 2 16 18 6 16 18 10 16 22 2 16 22 6 16 22 10 17 14 2 17 14 6 17 14 10 17 18 2 17 18 6 17 18 10 17 22 2 17 22 6 17 22 10 18 14 2 18 14 6 18 14 10 18 18 2 18 18 6 18 18 10 18 22 2 18 22 6 18 22 10 19 14 2 19 14 6 19 14 10 19 18 2 19 18 6 19 18 10 19 22 2 19 22 6 19 22 10 20 14 2 20 14 6 20 14 10 20 18 2 20 18 6 20 18 10 20 22 2 20 22 6 20 22 10 21 14 2 21 14 6 21 14 10 21 18 2 21 18 6 21 18 10 21 22 2 21 22 6 21 22 10 22 14 2 22 14 6 22 14 10 22 18 2 22 18 6 22 18 10 22 22 2 22 22 6 22 22 10
CARVE_OCC 100 100 100 100 100 100 100 100 100 100 100 100 100 0 100 100 100 100 100 100 100 100 0 100 100 100 100 100 100 100 100 0 100 100 100 100 100 100 100 100 0 100 100 100 100 100 100 100 100 0 100 100 100 100 100 100 100 100 0 100 100 100 100 100 100 100 100 0 100 100 100 100 100 100 100 100 100 100 100 100 100
CARVE_CENTER -1.1800000000000002 -1.8800000000000003 0.9799999999999998
CARVE_D 1.0
CARVE_N 6
CARVE_NCELL 90
CARVE_CELLS 4 4 3 4 4 10 4 11 3 4 11 10 4 18 3 4 18 10 5 4 3 5 4 10 5 11 3 5 11 10 5 18 3 5 18 10 6 4 3 6 4 10 6 11 3 6 11 10 6 18 3 6 18 10 7 4 3 7 4 10 7 11 3 7 11 10 7 18 3 7 18 10 8 4 3 8 4 10 8 11 3 8 11 10 8 18 3 8 18 10 9 4 3 9 4 10 9 11 3 9 11 10 9 18 3 9 18 10 10 4 3 10 4 10 10 11 3 10 11 10 10 18 3 10 18 10 11 4 3 11 4 10 11 11 3 11 11 10 11 18 3 11 18 10 12 4 3 12 4 10 12 11 3 12 11 10 12 18 3 12 18 10 13 4 3 13 4 10 13 11 3 13 11 10 13 18 3 13 18 10 14 4 3 14 4 10 14 11 3 14 11 10 14 18 3 14 18 10 15 4 3 15 4 10 15 11 3 15 11 10 15 18 3 15 18 10 16 4 3 16 4 10 16 11 3 16 11 10 16 18 3 16 18 10 17 4 3 17 4 10 17 11 3 17 11 10 17 18 3 17 18 10 18 4 3 18 4 10 18 11 3 18 11 10 18 18 3 18 18 10
CARVE_OCC -1 -1 -1 -1 100 100 -1 -1 0 -1 100 100 -1 -1 0 -1 100 100 -1 -1 0 -1 100 100 -1 -1 0 -1 100 100 -1 -1 0 -1 100 100 -1 -1 0 -1 100 100 -1 -1 0 -1 100 100 -1 -1 0 -1 100 100 -1 -1 0 100 100 100 -1 -1 0 100 100 100 -1 -1 0 100 100 100 -1 -1 0 100 100 100 -1 -1 0 100 100 100 -1 -1 100 100 100 100
END
CASE
RES 0.25
PARAMS 24.0 24.0 10.0 1.0 1.0 1.2 0.0 2.5 0.2 1.5
NOBST 2
OBSTPOS 1.2 0.8 1.2 0.5 1.3 1.1
OBSTBBOX 0.3 0.3 0.4 0.2 0.2 0.3
NCLOUD 0
CLOUD
KBOOL 1 1 1 0 1 1 1 1 1
KINT 2 2 15 3
KFLOAT 0.2 1.0 0.5 0.0 2.0 0.1 0.5 0.5 2.0 8.0 1.5 1.0 5.0
PREDTIMES 0
PREDSAMP -1
DIM 28 28 9
ORIGIN -2.5 -2.5 0.19999999999999996
NPRECARVE 0
NPTS 67
PTS 1.2 0.8 1.2 1.6 0.8 1.2 1.2 0.30000000000000004 1.5 0.5 1.3 1.1 0.9 1.3 1.1 0.5 0.8 1.4000000000000001 1.0 1.0 1.325 -1.7999999999999998 -1.7999999999999998 0.6499999999999999 -1.7999999999999998 -1.7999999999999998 2.0 -1.7999999999999998 1.0 0.6499999999999999 -1.7999999999999998 1.0 2.0 -1.7999999999999998 3.8 0.6499999999999999 -1.7999999999999998 3.8 2.0 1.0 -1.7999999999999998 0.6499999999999999 1.0 -1.7999999999999998 2.0 1.0 1.0 0.6499999999999999 1.0 1.0 2.0 1.0 3.8 0.6499999999999999 1.0 3.8 2.0 3.8 -1.7999999999999998 0.6499999999999999 3.8 -1.7999999999999998 2.0 3.8 1.0 0.6499999999999999 3.8 1.0 2.0 3.8 3.8 0.6499999999999999 3.8 3.8 2.0 3.0740670096835867 0.7186228153228544 0.8099136526720696 3.47049792930453 0.11152023764877095 2.294501454586568 3.528056864721311 2.3135779500998854 2.0491033137323904 -2.2250357214154253 -2.926765854691895 0.30121078687771896 0.2047582564873207 -2.1542514069581227 0.5416899545652767 0.24829782971087155 -2.2582262100138464 1.3770720499962528 1.9291059825927324 3.1020248100199694 1.3563592869379317 1.7486273473343381 -1.2458183666384084 1.3404320501605895 2.013091725919516 2.2700711724310407 1.8397167788241255 -2.6355817109421116 -0.4398277155050283 1.2015634753625786 -2.549051856488985 -3.1893943674145016 0.4807428544598702 -0.8633935408483295 4.324331712066847 0.22179230796719762 2.739759199474782 -0.17655401193473175 0.3872162428780951 -0.8352166807596872 -1.7739644659480813 1.478962821975801 1.4082798575070363 -0.53995807868698 2.120525553820608 2.7922123947327826 -2.6682153405937634 0.19066797574164077 -0.24208928193498647 4.155510837397378 2.3670890263796744 0.6096410160587009 -0.5309100217916363 2.5844247830205545 0.3781929478127357 3.668442035643139 0.34405744253971077 4.729749640183041 -1.1122095846454738 0.519073693679703 0.44649410251513144 2.348145684603659 2.1975961647452333 2.9655659539858528 -2.4606055810316545 0.23937829183252127 -1.9110626683319638 -0.5860964296207565 2.3545560476471694 -0.8871155633739081 0.8657856780563868 0.5967530379106625 -1.0082482935266264 3.542491852437802 1.580514487278258 -2.389657030583826 -0.4530772070915634 1.1188249649999509 -1.1622388562260721 0.5679726581343312 1.9104223228290478 3.482999323147806 2.207639861565692 1.436444540671736 2.2989462934097 1.06134742265034 0.22398103307184186 1.3134634379097752 2.1834129277451 0.3941314898175125 4.0921054968772355 -1.3736695999239412 0.9698237998731902 -2.434274567629017 2.6227866513132128 1.325171906496459 4.103342263539243 2.5849885881563512 1.734928999412184 4.154199409317287 -0.2840691769251089 1.2459978124222997 5.001918032449419 -3.130951294416377 1.2849660839550099 4.537828843149806 -3.221168528204119 1.7203256881123536 2.2041179823281523 0.6128809065701004 0.9074557579676643 5.212076904562335 5.069375195252556 0.30008473739665076 3.91559514710666 -0.7376062858775856 0.9502170992718271 2.3213148459939728 1.9870663011183787 2.0389285688550123 14.375 14.375 12.325 -10.375 -10.375 -7.675
FCFP 0.625 0.875 1.075 1.875 0.875 1.075 1.125 0.125 1.575 0.375 0.875 1.075 1.125 1.375 1.075 0.625 0.875 1.325 0.625 0.875 1.325 -1.875 -1.875 0.575 -1.875 -1.875 2.075 -1.875 1.125 0.575 -1.875 1.125 2.075 -1.875 3.875 0.575 -1.875 3.875 2.075 1.125 -1.875 0.575 1.125 -1.875 2.075 1.125 1.125 0.575 1.125 1.125 2.075 1.125 3.875 0.575 1.125 3.875 2.075 3.875 -1.875 0.575 3.875 -1.875 2.075 3.875 1.125 0.575 3.875 1.125 2.075 3.875 3.875 0.575 3.875 3.875 2.075 3.125 0.625 0.825 3.375 0.125 2.325 3.625 2.375 2.075 -2.125 -2.125 0.32499999999999996 0.125 -2.125 0.575 0.125 -2.125 1.325 1.875 3.125 1.325 1.625 -1.125 1.325 2.125 2.375 1.825 -2.375 -0.375 1.325 -2.375 -2.125 0.575 -0.875 4.125 0.32499999999999996 2.625 -0.125 0.32499999999999996 -0.875 -1.875 1.575 1.375 -0.625 2.075 2.875 -2.125 0.32499999999999996 -0.125 4.125 2.325 0.625 -0.625 2.325 0.375 3.625 0.32499999999999996 4.375 -1.125 0.575 0.375 2.375 2.075 2.875 -2.125 0.32499999999999996 -1.875 -0.625 2.325 -0.875 0.875 0.575 -1.125 3.625 1.575 -2.375 -0.375 1.075 -1.125 0.625 1.825 3.375 2.125 1.325 2.375 1.125 0.32499999999999996 1.375 2.125 0.32499999999999996 4.125 -1.375 1.075 -2.375 2.625 1.325 4.125 2.625 1.825 4.125 -0.375 1.325 4.375 -2.125 1.325 4.375 -2.125 1.825 2.125 0.625 0.825 4.375 4.125 0.32499999999999996 3.875 -0.625 1.075 2.375 1.875 2.075 14.375 14.375 12.325 -10.375 -10.375 -7.675
HNFN 1 1 1 1 1 1 1 1 1 1 1 1 1 1 1 1 1 1 1 1 1 1 1 1 1 1 1 1 0 1 1 1 1 1 1 0 1 1 1 1 1 1 1 1 1 1 1 1 1 1 1 1 1 1 1 1 1 1 1 0 0 1 0 1 1 0 0
NSEG 46
SEGS 0.19999999999999996 0.8 1.2 2.2 0.8 1.2 1.2 -0.19999999999999996 1.2 1.2 1.8 1.2 0.3999999999999999 0.0 0.8999999999999999 2.0 1.6 1.5 1.2 0.8 1.2 1.2 0.8 1.7 -0.5 1.3 1.1 1.5 1.3 1.1 0.5 0.30000000000000004 1.1 0.5 2.3 1.1 -0.30000000000000004 0.5 0.8 1.3 2.1 1.4000000000000001 0.5 1.3 1.1 0.5 1.3 1.6 1.0 1.0 1.325 2.0 2.0 2.325 1.0 1.0 1.325 2.0 2.0 1.325 1.0 1.0 1.325 2.0 1.0 2.325 -2.375 -2.375 1.325 4.375 -2.375 1.325 1.0 -3.375 1.325 1.0 5.375 1.325 1.0 1.0 1.325 1.0 1.0 1.325 4.14416622832116 -1.1846179189752502 1.9217181546687399 0.7299633772444225 3.42167143872504 0.3984030766833017 4.837683619755692 0.7458902294523373 2.5146941260285507 4.767805940187858 1.6414524141435463 1.778370327741436 2.0321582793375725 -1.8354213555250598 1.2054846699685602 1.31940640707235 0.6039906649689377 1.1287288752119833 -0.8492582456780191 2.445035950580152 1.9419615763013747 3.4208037113048784 2.4842761439946495 2.370686151948048 2.934980963683281 -1.471260735790664 2.061365887126195 3.3066410589013087 2.8576746005872593 2.219436103664291 0.07662560535183882 0.5020434777804428 1.381188147889218 1.1730944633625642 1.0591465954189823 0.9791314956432318 2.970286175555068 2.7075497048994697 1.0755059091235448 1.3458689623714313 0.5221434015436346 2.3039867962835627 -1.2265371433443815 4.474624729132049 0.5791954239799153 2.018613430192146 0.902768337856021 1.7113492647619302 -0.30815111444847787 3.4875840666643407 1.4111750433792263 -0.9101720035838179 2.060617750941626 1.354510825167805 -2.12498269045755 -1.4911148801435758 0.7750967436959944 4.941765537997042 0.5284952882661726 0.3064403784663886 3.8686745193990753 2.8317810999232584 1.0272729366875275 2.1276180828058404 -1.0634272351727707 0.4410301966025681 -0.4107903901466936 -0.4259181970942567 0.841801662723795 3.544415180150085 4.874690860957594 1.9182186972008992 2.4825618940431706 3.4004712841399662 0.6821732572365722 2.272877505409502 3.2465510940300204 2.4876930379596507 -0.4948897761862465 2.2862050173872808 1.185944883958803 1.8209973685167693 -2.6915676549970566 0.8897524964315651 2.275168920462077 -3.038992765316339 1.6311522473132294 -2.536505821918373 3.0200326664756236 0.6705882077239791 4.33428805659963 -1.469140094449858 1.773325979159423 2.5230126258203143 -0.1880546034242041 2.331437213998223 -0.28469461997121837 -1.2016671403629087 1.3769414148412766 -1.389611139323006 -0.5572017819176676 1.075766780078516 -0.6821621473966086 3.1360455631769257 1.48427678715668 2.2735736426726385 3.1579223285517903 2.4300949865249573 3.7102020822289488 -2.2317430604839616 2.341726490824854 0.670127684780502 4.9441880991814084 2.0511587557842015 3.9759833945240555 4.66595826250387 0.7675576186559638 1.8819887761862644 0.25912434535954576 1.3322799557836589 3.972136389582478 4.574925872593605 2.317989807607487 -0.2849854767373965 4.196483154913695 2.120187325302033 -1.0638123052317308 -2.4131337597202487 2.171157611515555 1.663185368953772 -0.838886239208668 2.224640204864611 -2.8050780225106178 -2.131618954732071 1.0373475240963497 3.1905465984328556 1.870591397126998 0.16980957882380038 0.22717081963739538 -0.9576856204356841 1.8962518664445118 -0.3708360940699462 3.40195426814544 1.1271940672427363 1.1169918911524719 4.4529770244918785 1.2201759995028754 -1.5763053116948602 -0.08374202300265088 1.0499417858752635 2.327581375176382 3.526729018952242 0.2434834545336122 -2.2831642573300948 2.846290527321406 0.5984343427967966 1.5043696886325408 -0.5989403633249415 0.7426542858361154 -2.712057214681392 -0.7153071994134703 1.4814678137951318 3.9946015360594522 -1.6920879982660488 0.9791581390976647 1.022609908400316 4.700470545662182 0.8341822986868705 1.3209766584449043 -1.1239863523097657 2.321792499524544 1.3833822981672963 -2.274109292900212 0.5696835567705414 4.62436201390613 3.9578035632089037 1.602404308446702 4.627576904258467 -1.1156900774960041 1.9839270840471457 -4.375 -4.375 -1.675 1.0 1.0 1.325 1.0 1.0 1.325 7.375 4.875 3.325
BLK100 1 1 1 1 1 1 1 1 1 1 1 1 1 1 0 0 1 0 0 1 0 1 0 0 0 1 0 1 1 0 0 0 1 1 1 1 0 0 1 0 0 1 1 0 1 1
BLK0 1 1 1 1 1 1 1 1 1 1 1 1 1 1 0 0 1 0 0 1 0 1 0 0 0 1 0 1 1 0 0 0 1 1 1 1 0 0 1 0 0 1 1 0 1 1
RADII 0 1 2
LOS 0 0 0 0 0 0 0 0 0 0 0 0 0 0 0 0 0 0 0 0 0 0 0 0 0 0 0 0 0 0 0 0 0 0 0 0 0 0 0 1 1 1 1 1 1 1 1 1 0 0 0 1 1 1 1 1 1 0 0 0 1 1 0 0 0 0 1 1 1 1 1 1 1 1 1 0 0 0 1 1 1 0 0 0 0 0 0 1 1 1 1 1 1 1 1 1 0 0 0 0 0 0 0 0 0 0 0 0 1 0 0 1 0 0 0 0 0 1 1 1 1 1 1 0 0 0 0 0 0 1 1 1 0 0 0 0 0 0
CWCOUNTS 0 612 6444
NCARVE 3
CARVE_CENTER 1.2 0.8 1.2
CARVE_D 0.6
CARVE_N 3
CARVE_NCELL 81
CARVE_CELLS 10 9 0 10 9 4 10 9 8 10 13 0 10 13 4 10 13 8 10 17 0 10 17 4 10 17 8 11 9 0 11 9 4 11 9 8 11 13 0 11 13 4 11 13 8 11 17 0 11 17 4 11 17 8 12 9 0 12 9 4 12 9 8 12 13 0 12 13 4 12 13 8 12 17 0 12 17 4 12 17 8 13 9 0 13 9 4 13 9 8 13 13 0 13 13 4 13 13 8 13 17 0 13 17 4 13 17 8 14 9 0 14 9 4 14 9 8 14 13 0 14 13 4 14 13 8 14 17 0 14 17 4 14 17 8 15 9 0 15 9 4 15 9 8 15 13 0 15 13 4 15 13 8 15 17 0 15 17 4 15 17 8 16 9 0 16 9 4 16 9 8 16 13 0 16 13 4 16 13 8 16 17 0 16 17 4 16 17 8 17 9 0 17 9 4 17 9 8 17 13 0 17 13 4 17 13 8 17 17 0 17 17 4 17 17 8 18 9 0 18 9 4 18 9 8 18 13 0 18 13 4 18 13 8 18 17 0 18 17 4 18 17 8
CARVE_OCC -1 -1 -1 -1 -1 -1 -1 -1 -1 -1 -1 -1 -1 0 -1 -1 -1 -1 -1 -1 -1 -1 0 -1 -1 -1 -1 -1 -1 -1 -1 0 -1 -1 -1 -1 -1 -1 -1 -1 0 -1 -1 -1 -1 -1 -1 -1 -1 0 -1 -1 -1 -1 -1 -1 -1 -1 0 -1 -1 -1 -1 -1 -1 -1 -1 0 -1 -1 -1 -1 -1 -1 -1 -1 -1 -1 -1 -1 -1
CARVE_CENTER 1.0 1.0 1.325
CARVE_D 0.45
CARVE_N 2
CARVE_NCELL 63
CARVE_CELLS 11 11 1 11 11 4 11 11 7 11 14 1 11 14 4 11 14 7 11 17 1 11 17 4 11 17 7 12 11 1 12 11 4 12 11 7 12 14 1 12 14 4 12 14 7 12 17 1 12 17 4 12 17 7 13 11 1 13 11 4 13 11 7 13 14 1 13 14 4 13 14 7 13 17 1 13 17 4 13 17 7 14 11 1 14 11 4 14 11 7 14 14 1 14 14 4 14 14 7 14 17 1 14 17 4 14 17 7 15 11 1 15 11 4 15 11 7 15 14 1 15 14 4 15 14 7 15 17 1 15 17 4 15 17 7 16 11 1 16 11 4 16 11 7 16 14 1 16 14 4 16 14 7 16 17 1 16 17 4 16 17 7 17 11 1 17 11 4 17 11 7 17 14 1 17 14 4 17 14 7 17 17 1 17 17 4 17 17 7
CARVE_OCC -1 -1 -1 -1 100 -1 -1 -1 -1 -1 -1 -1 -1 0 -1 -1 -1 -1 -1 100 -1 -1 0 -1 -1 -1 -1 -1 100 -1 -1 0 -1 -1 -1 -1 -1 100 -1 -1 0 -1 -1 -1 -1 -1 100 -1 -1 0 -1 -1 -1 -1 -1 -1 -1 -1 -1 -1 -1 -1 -1
CARVE_CENTER -0.3999999999999999 -0.3999999999999999 0.8749999999999999
CARVE_D 1.0
CARVE_N 4
CARVE_NCELL 66
CARVE_CELLS 3 3 2 3 3 7 3 8 2 3 8 7 3 13 2 3 13 7 4 3 2 4 3 7 4 8 2 4 8 7 4 13 2 4 13 7 5 3 2 5 3 7 5 8 2 5 8 7 5 13 2 5 13 7 6 3 2 6 3 7 6 8 2 6 8 7 6 13 2 6 13 7 7 3 2 7 3 7 7 8 2 7 8 7 7 13 2 7 13 7 8 3 2 8 3 7 8 8 2 8 8 7 8 13 2 8 13 7 9 3 2 9 3 7 9 8 2 9 8 7 9 13 2 9 13 7 10 3 2 10 3 7 10 8 2 10 8 7 10 13 2 10 13 7 11 3 2 11 3 7 11 8 2 11 8 7 11 13 2 11 13 7 12 3 2 12 3 7 12 8 2 12 8 7 12 13 2 12 13 7 13 3 2 13 3 7 13 8 2 13 8 7 13 13 2 13 13 7
CARVE_OCC -1 -1 -1 -1 -1 -1 -1 -1 0 -1 -1 -1 -1 -1 0 -1 -1 -1 -1 -1 0 -1 -1 -1 -1 -1 0 -1 -1 -1 -1 -1 0 -1 -1 -1 -1 -1 0 -1 -1 -1 -1 -1 0 -1 -1 -1 -1 -1 0 -1 -1 -1 -1 -1 0 -1 -1 -1 -1 -1 -1 -1 100 -1
END
CASE
RES 0.3
PARAMS 18.0 18.0 8.0 0.0 0.0 1.0 0.0 2.0 0.3 2.0
NOBST 1
OBSTPOS 0.3 -0.3 1.0
OBSTBBOX 0.4 0.4 0.5
NCLOUD 0
CLOUD
KBOOL 1 1 1 1 1 1 1 1 1
KINT 2 2 15 2
KFLOAT 0.2 1.0 0.5 0.0 2.0 0.1 0.5 0.5 1.0 5.0 1.0 0.5 5.0
PREDTIMES 0
PREDSAMP -1
DIM 23 23 6
ORIGIN -3.4499999999999997 -3.4499999999999997 0.10000000000000009
NPRECARVE 0
NPTS 64
PTS 0.3 -0.3 1.0 0.7 -0.3 1.0 0.3 -0.8 1.3 0.0 0.0 1.0 -2.76 -2.76 0.46000000000000013 -2.76 -2.76 1.5400000000000003 -2.76 0.0 0.46000000000000013 -2.76 0.0 1.5400000000000003 -2.76 2.7600000000000002 0.46000000000000013 -2.76 2.7600000000000002 1.5400000000000003 0.0 -2.76 0.46000000000000013 0.0 -2.76 1.5400000000000003 0.0 0.0 0.46000000000000013 0.0 0.0 1.5400000000000003 0.0 2.7600000000000002 0.46000000000000013 0.0 2.7600000000000002 1.5400000000000003 2.7600000000000002 -2.76 0.46000000000000013 2.7600000000000002 -2.76 1.5400000000000003 2.7600000000000002 0.0 0.46000000000000013 2.7600000000000002 0.0 1.5400000000000003 2.7600000000000002 2.7600000000000002 0.46000000000000013 2.7600000000000002 2.7600000000000002 1.5400000000000003 3.8291368543550854 -3.9287585758959507 1.1852534024694181 -1.306193017044554 0.12204401247066476 1.797276915669069 -2.8689320213928675 -2.305141445779381 0.3229423674451064 -3.347659404650956 0.5934520873957108 0.1878798194997333 3.091399724552474 -1.6027182329045906 0.7312399994137264 2.471646888703387 1.3236504458981173 0.22571959734644076 0.470976690454898 1.7231323014913293 0.37199940629918216 1.5107996645039714 1.600923794230237 0.7219605814245671 -4.120855666269966 -0.7453112592724662 0.3329058646459374 2.3772595776727075 -2.6851632496077458 0.615373289999863 -0.9783869793601094 3.1558992583571124 1.419556661186316 -0.9760557773375083 1.344035369382432 0.33647947134892864 -1.5592006933632032 -4.22269272609306 1.8692934054976424 -1.8829979427895338 -0.5021672898221041 0.48633529179329543 -4.209628357854969 2.8767817297506015 0.42656276649267094 -1.9257420950466209 -3.525817002611478 1.3042565955171979 -3.5353664764390307 -1.3917853656388213 0.8377976247936727 -2.8731842168804893 -1.1105434635637814 1.412861429579174 3.432591183837398 -1.413917071249999 1.537886864374801 -4.233808617488857 1.083680959305089 0.22312601832012058 0.24611754911086692 -2.115241106479421 0.3307600150666819 3.104354557630227 3.426640213053841 0.9373990315248181 0.26309679334428715 2.087220651932671 0.09944651540024785 -2.32125847882711 -1.9277392928064045 0.7638998325750639 -1.5926929709213555 -2.06878024840982 0.24312911898197015 -3.2394407365010567 -3.455876864561369 1.2095619140082836 -0.1506673717371223 -0.44652625407392854 0.4813195838915959 -0.42468367556223185 -3.7890960721897424 0.6132043576140671 -3.6243671635604024 -3.5873437791795295 0.07501232059495591 1.2725832602034277 3.415761604545322 1.1633399797055977 0.060006412568678336 -3.2627712391964963 0.5250209396947991 -1.9101760450889993 -2.8571675271904615 1.902280945298143 0.015970887130897005 -0.5726384017095274 0.4299111218193245 -2.5100970645408567 -4.131881167992905 0.18335587088764105 -1.473536752680409 -3.559982953014524 1.7582101596806523 3.471609408881158 2.1448375916650697 1.4242887444668142 -3.767942115629314 -0.1630900280938814 1.121687534316322 1.6803443347203464 1.7047650684490874 1.5790866305919233 2.2373765619467516 2.6217537334239776 0.10941765981110219 -1.11548225479136 3.887369675966081 1.0028650090386986 13.3 13.3 11.75 -11.3 -11.3 -7.75
FCFP -1.1999999999999997 -0.2999999999999998 0.8500000000000001 1.8000000000000003 -0.2999999999999998 0.8500000000000001 0.30000000000000027 -1.7999999999999998 1.1500000000000001 -1.1999999999999997 0.0 0.8500000000000001 -2.6999999999999997 -2.6999999999999997 0.55 -2.6999999999999997 -2.6999999999999997 1.45 -2.6999999999999997 0.0 0.55 -2.6999999999999997 0.0 1.45 -2.6999999999999997 2.6999999999999997 0.55 -2.6999999999999997 2.6999999999999997 1.45 0.0 -2.6999999999999997 0.55 0.0 -2.6999999999999997 1.45 -1.1999999999999997 0.0 0.55 -1.1999999999999997 0.0 1.45 0.0 2.6999999999999997 0.55 0.0 2.6999999999999997 1.45 2.6999999999999997 -2.6999999999999997 0.55 2.6999999999999997 -2.6999999999999997 1.45 2.6999999999999997 0.0 0.55 2.6999999999999997 0.0 1.45 2.6999999999999997 2.6999999999999997 0.55 2.6999999999999997 2.6999999999999997 1.45 3.3000000000000003 -3.0 1.1500000000000001 -1.1999999999999997 0.0 1.75 -3.0 -2.3999999999999995 0.2500000000000001 -3.3 0.6000000000000001 0.2500000000000001 3.0000000000000004 -1.4999999999999998 0.8500000000000001 2.4 1.1999999999999997 0.2500000000000001 0.6000000000000001 1.8000000000000003 0.2500000000000001 1.5000000000000004 1.5000000000000004 0.8500000000000001 -3.3 -0.5999999999999996 0.2500000000000001 2.4 -2.6999999999999997 0.55 -0.8999999999999999 3.0000000000000004 1.45 -0.8999999999999999 1.1999999999999997 0.2500000000000001 -1.4999999999999998 -3.0 1.75 -1.7999999999999998 -0.5999999999999996 0.55 -3.3 3.0000000000000004 0.55 -1.7999999999999998 -3.0 1.45 -3.3 -1.4999999999999998 0.8500000000000001 -3.0 -1.1999999999999997 1.45 3.3000000000000003 -1.4999999999999998 1.45 -3.3 1.1999999999999997 0.2500000000000001 0.30000000000000027 -2.0999999999999996 0.2500000000000001 3.0000000000000004 3.0000000000000004 0.8500000000000001 0.30000000000000027 2.1 0.2500000000000001 -2.3999999999999995 -1.7999999999999998 0.8500000000000001 -1.4999999999999998 -2.0999999999999996 0.2500000000000001 -3.3 -3.0 1.1500000000000001 -1.1999999999999997 -0.2999999999999998 0.55 -0.2999999999999998 -3.0 0.55 -3.3 -3.0 0.2500000000000001 1.1999999999999997 3.0000000000000004 1.1500000000000001 0.0 -3.0 0.55 -1.7999999999999998 -3.0 1.75 -1.1999999999999997 -0.5999999999999996 0.55 -2.3999999999999995 -3.0 0.2500000000000001 -1.4999999999999998 -3.0 1.75 3.3000000000000003 2.1 1.45 -3.3 -0.2999999999999998 1.1500000000000001 1.8000000000000003 1.8000000000000003 1.45 2.1 2.6999999999999997 0.2500000000000001 -1.1999999999999997 3.0000000000000004 1.1500000000000001 13.3 13.3 11.75 -11.3 -11.3 -7.75
HNFN 1 1 1 1 1 1 1 1 1 1 1 1 1 1 1 1 1 1 1 1 1 1 0 1 1 1 1 1 1 1 0 1 1 1 0 1 0 1 1 1 1 0 1 1 1 1 1 1 1 0 1 1 1 1 1 0 1 1 0 1 1 0 0 0
NSEG 42
SEGS -0.7 -0.3 1.0 1.3 -0.3 1.0 0.3 -1.3 1.0 0.3 0.7 1.0 -0.5 -1.1 0.7 1.1 0.5 1.3 0.3 -0.3 1.0 0.3 -0.3 1.5 0.0 0.0 1.0 1.0 1.0 2.0 0.0 0.0 1.0 1.0 1.0 1.0 0.0 0.0 1.0 1.0 0.0 2.0 -3.3 -3.3 1.0 3.3000000000000003 -3.3 1.0 0.0 -4.3 1.0 0.0 4.300000000000001 1.0 0.0 0.0 1.0 0.0 0.0 1.0 -3.8914543758586575 -2.2910363349484926 1.3205570555136208 -0.4120387517226609 -1.868314478488818 0.9152321971866767 -3.24530729017038 -0.6311883472655668 0.23107462482854202 -2.170530464151513 0.7977085757071869 0.5398027546129904 2.9163070770862287 0.9219743983706978 1.821576066954508 1.4474829132774625 -0.2000446796806714 1.3582987358701892 1.9298459734829576 -3.792797999326371 0.35702401017138824 2.8566956205420553 -2.726625871242328 0.9181264085736626 0.06339936541731239 3.0559015627938164 0.4226266477144613 -0.9061837422911232 0.5534172703311637 1.5791848016261611 1.5529576031926524 3.8429863944682126 1.5960288008633925 -0.8673163295471213 2.8305895913067394 1.8907965069114288 -2.432091604972662 1.0147359979739425 0.5733789501292104 -3.6589416033062685 -3.094529282455818 0.4966960680131126 -0.6824713842556442 -1.1109436052406658 1.5684002947280349 2.8787515100859 1.4993029663024364 0.7698113664148558 -2.238307618988506 1.441661946964114 0.21213395123757722 3.396410035222533 1.8907778103045363 0.8241127718530935 0.9298961232531697 1.2665695482959825 0.19546856643763524 3.5075312722432654 -3.432023918630212 1.6326991299141516 -3.94694685559137 0.8147304984732369 1.0501664864545255 -1.4049063215175575 -0.2990232225859235 1.281768382938258 0.987582144479938 2.5622056499981554 1.3614306943207741 -2.3227257198980213 -3.6854796951647155 1.6253255615046935 -2.933701591900186 -2.5219430804298133 1.2528446988066833 2.5839558506347844 -2.8149958998248774 0.7856251574733398 2.672528765081859 -3.4200677958791132 1.522559291608398 1.9685444263753364 -3.7427861309735078 0.40435174554845177 -3.2864695971366573 2.4274449554562505 0.52874804735802 -2.9540058712874333 -2.970298565114751 1.6994937344553782 3.463712722306348 3.283403160191062 1.7736242047924846 -1.8412389234390774 -1.1328164219612686 1.6611980377285795 1.4056307527719154 -3.17093142227848 0.9963408901086451 0.28051189137516186 3.2287837497197476 0.5237530180134069 -1.646110804803248 3.691804601511543 0.19942504777859008 3.923881908940891 2.7433103009882513 1.7389714561985112 3.6680908854797956 -2.884836207811833 0.4925748492441576 -0.5962338937191611 -0.13897089228392723 1.5883926294682347 -1.9149567337013447 -0.263898418598727 0.5640525889720898 3.7574174271945466 1.5593467261278962 1.251125233052075 1.7184598952945302 -1.4057270666867827 0.7471436489158831 -2.934784046621071 3.461280873293032 1.0272735903208954 -2.648149183602216 2.183668644104089 0.37938036290424015 1.973844008976923 0.862724045694498 1.8572551764344065 -3.5245848607490964 2.761847806181323 1.5191327298892041 -3.163130960792942 0.6628502407879724 0.9942320761797995 -1.4591503328017277 3.361417336473032 1.446488993023746 2.4002735696871644 -1.3013156758277817 1.2867756939479937 -2.963533801218586 -3.2450869172812746 0.22904472581929827 1.112943769008985 0.375893176205484 1.1959650489944924 -1.8601679111982812 -3.6411618170769504 0.14947158484647394 1.7773515343587025 -3.7891657163287467 1.0618713680945238 -0.04002183346876276 -2.5560752147351193 0.2834053572413705 2.7811314766570527 -0.7470549965087052 1.040341405831513 0.4441471395117276 1.861770152094949 1.8022107979984936 0.8171455762260402 -0.1527404292232517 0.34056355509938285 -3.2119288778582207 -0.4758193404686857 0.5053475445503859 3.466317060964492 3.1352097345505614 1.4390682517911668 -0.38797660272636847 1.1993884930608623 1.1182099810872135 3.0950398172537543 -3.886929994172808 1.3773113660775675 -5.3 -5.3 -1.75 0.0 0.0 1.0 0.0 0.0 1.0 6.300000000000001 3.8000000000000003 2.75
BLK100 1 1 1 1 1 1 1 1 1 1 0 0 1 1 1 1 0 1 0 1 0 1 0 1 0 1 1 1 1 1 1 1 0 1 1 0 1 1 1 1 1 1
BLK0 1 1 1 1 1 1 1 1 1 1 0 0 1 1 1 1 0 1 0 1 0 1 0 1 0 1 1 1 1 1 1 1 0 1 1 0 1 1 1 1 1 1
RADII 0 1 2
LOS 0 0 0 0 0 0 0 0 0 0 0 0 0 0 0 0 0 0 0 0 0 0 0 0 0 0 0 1 1 1 1 0 0 1 1 1 0 0 0 0 0 0 0 0 0 0 0 0 1 1 0 0 0 0 1 1 0 0 0 0 1 1 0 0 0 0 1 1 0 0 0 0 1 0 0 0 0 0 0 0 0 0 0 0 0 0 0 0 0 0 0 0 0 0 0 0 1 1 1 0 0 0 0 0 0 1 0 0 0 0 0 0 0 0 0 0 0 0 0 0 0 0 0 0 0 0
CWCOUNTS 0 762 2412
NCARVE 3
CARVE_CENTER 0.3 -0.3 1.0
CARVE_D 0.6
CARVE_N 2
CARVE_NCELL 42
CARVE_CELLS 9 7 0 9 7 3 9 10 0 9 10 3 9 13 0 9 13 3 10 7 0 10 7 3 10 10 0 10 10 3 10 13 0 10 13 3 11 7 0 11 7 3 11 10 0 11 10 3 11 13 0 11 13 3 12 7 0 12 7 3 12 10 0 12 10 3 12 13 0 12 13 3 13 7 0 13 7 3 13 10 0 13 10 3 13 13 0 13 13 3 14 7 0 14 7 3 14 10 0 14 10 3 14 13 0 14 13 3 15 7 0 15 7 3 15 10 0 15 10 3 15 13 0 15 13 3
CARVE_OCC 100 100 100 100 100 100 100 100 100 0 100 100 100 100 100 0 100 100 100 100 100 0 100 100 100 100 100 0 100 100 100 100 100 0 100 100 100 100 100 100 100 100
CARVE_CENTER 0.0 0.0 1.0
CARVE_D 0.45
CARVE_N 2
CARVE_NCELL 42
CARVE_CELLS 8 8 0 8 8 3 8 11 0 8 11 3 8 14 0 8 14 3 9 8 0 9 8 3 9 11 0 9 11 3 9 14 0 9 14 3 10 8 0 10 8 3 10 11 0 10 11 3 10 14 0 10 14 3 11 8 0 11 8 3 11 11 0 11 11 3 11 14 0 11 14 3 12 8 0 12 8 3 12 11 0 12 11 3 12 14 0 12 14 3 13 8 0 13 8 3 13 11 0 13 11 3 13 14 0 13 14 3 14 8 0 14 8 3 14 11 0 14 11 3 14 14 0 14 14 3
CARVE_OCC 100 100 100 100 100 100 100 100 100 0 100 100 100 100 100 0 100 100 100 100 100 0 100 100 100 100 100 0 100 100 100 100 100 0 100 100 100 100 100 100 100 100
CARVE_CENTER -1.38 -1.38 0.64
CARVE_D 1.0
CARVE_N 4
CARVE_NCELL 33
CARVE_CELLS 1 1 1 1 6 1 1 11 1 2 1 1 2 6 1 2 11 1 3 1 1 3 6 1 3 11 1 4 1 1 4 6 1 4 11 1 5 1 1 5 6 1 5 11 1 6 1 1 6 6 1 6 11 1 7 1 1 7 6 1 7 11 1 8 1 1 8 6 1 8 11 1 9 1 1 9 6 1 9 11 1 10 1 1 10 6 1 10 11 1 11 1 1 11 6 1 11 11 1
CARVE_OCC -1 -1 -1 -1 0 -1 -1 0 -1 -1 0 -1 -1 0 -1 -1 0 -1 -1 0 -1 -1 0 100 -1 0 100 -1 0 100 -1 100 100
END
CASE
RES 0.3
PARAMS 16.0 16.0 10.0 0.0 0.0 0.4 0.0 3.0 0.05 1.0
NOBST 1
OBSTPOS 0.2 0.1 0.3
OBSTBBOX 0.2 0.2 0.2
NCLOUD 0
CLOUD
KBOOL 1 1 1 0 1 1 1 1 1
KINT 2 2 15 2
KFLOAT 0.2 1.0 0.5 0.0 2.0 0.1 0.5 0.5 1.0 5.0 1.0 0.5 5.0
PREDTIMES 0
PREDSAMP -1
DIM 17 17 6
ORIGIN -2.55 -2.55 0.10000000000000003
NPRECARVE 0
NPTS 64
PTS 0.2 0.1 0.3 0.6000000000000001 0.1 0.3 0.2 -0.4 0.6 0.0 0.0 1.0 -2.04 -2.04 0.4600000000000001 -2.04 -2.04 1.5400000000000003 -2.04 0.0 0.4600000000000001 -2.04 0.0 1.5400000000000003 -2.04 2.04 0.4600000000000001 -2.04 2.04 1.5400000000000003 0.0 -2.04 0.4600000000000001 0.0 -2.04 1.5400000000000003 0.0 0.0 0.4600000000000001 0.0 0.0 1.5400000000000003 0.0 2.04 0.4600000000000001 0.0 2.04 1.5400000000000003 2.04 -2.04 0.4600000000000001 2.04 -2.04 1.5400000000000003 2.04 0.0 0.4600000000000001 2.04 0.0 1.5400000000000003 2.04 2.04 0.4600000000000001 2.04 2.04 1.5400000000000003 -2.923060787770628 1.106605960657391 0.06505081271247781 2.133159896281392 0.9201927921269459 0.6045659749690828 -0.6546986821668708 -0.9300571891068816 0.6636388132310492 2.279539708397239 1.077331449404984 0.23897426444886105 -1.8793487641594306 2.346834977382844 0.08648319882548641 2.5427455971652857 -2.1979491925937498 1.8339677990306495 0.5754329314340803 -0.7049572883548247 1.3922719123955396 -3.0335964275011484 -0.023247481689405713 0.7125367971269367 0.4532811799733101 -2.549169531137882 0.8961367494400115 0.11345119617697241 1.5663250660025785 1.4800147118129665 -2.2898859369623548 1.8712834008229051 1.9240849245843998 2.63411152365058 -2.5774888288142113 1.437898774123347 1.5107082459134245 1.0819621119884162 1.7757147586700102 -0.8173909798344277 1.225775706768625 0.6164757060657539 -2.4863530666005547 1.8852535212741048 0.7782979034168697 -0.17145475583738579 0.07502770759373911 0.8999723392115258 1.931231864333149 -0.7660420499273923 0.25931754851577093 -2.8721150473653627 -1.5025756706186995 0.8434275690484074 1.577684586951578 2.07886829244795 0.057297547357863465 -2.3552125158425183 0.4426190934190126 1.0433247602571145 1.2507583891700276 -0.5168689959906043 0.7545595127068354 1.1207417068886767 0.6390137284103532 1.9219484915126785 2.956228533211276 -1.5779046127075882 0.76155105009996 0.8021559286246553 1.9354465998771002 0.08705522655373038 -0.8278600919266266 -1.1914231505194683 1.4404925166205302 -0.34351054658425983 1.8914743244497436 0.1280777576098597 0.6334386395267773 0.5412270789673723 0.19438542503769485 -2.2765949933476053 0.5220523985545968 0.37281933677076395 2.376337395310711 -1.4117063378328836 1.3701305813008273 -2.0613570456480645 -1.8778523281730357 0.3202254301850196 -0.4401544010407854 -2.201364279341805 0.4815641500939871 0.324517880339505 -3.0716230779238076 0.2152148893077771 -3.0854778718931337 1.990483959456935 0.25274883728328 0.4803099473877137 2.6563931161795193 0.31488303825687536 -3.0528601384870218 -1.2409132505551193 0.9799810234643733 -0.09758959879096407 -2.3336315894997717 0.08390297368788643 -1.3738456173336058 0.8851431804397487 1.3119629684164424 2.245971169683489 -1.0353456788209303 0.9525713341350037 0.9638532004378564 -2.4771207273913594 0.8497266165983348 -1.4884420946645902 -2.0625781614242067 1.5627878441935634 12.4 12.4 11.75 -10.4 -10.4 -7.75
FCFP 0.30000000000000027 -0.2999999999999998 0.25 0.6000000000000001 0.0 0.25 0.30000000000000027 -0.2999999999999998 0.55 0.0 0.0 1.1500000000000001 -2.0999999999999996 -2.0999999999999996 0.55 -2.0999999999999996 -2.0999999999999996 1.45 -2.0999999999999996 0.0 0.55 -2.0999999999999996 0.0 1.45 -2.0999999999999996 2.0999999999999996 0.55 -2.0999999999999996 2.0999999999999996 1.45 0.0 -2.0999999999999996 0.55 0.0 -2.0999999999999996 1.45 -0.2999999999999998 0.0 0.55 0.0 0.0 1.45 0.0 2.0999999999999996 0.55 0.0 2.0999999999999996 1.45 2.0999999999999996 -2.0999999999999996 0.55 2.0999999999999996 -2.0999999999999996 1.45 2.0999999999999996 0.0 0.55 2.0999999999999996 0.0 1.45 2.0999999999999996 2.0999999999999996 0.55 2.0999999999999996 2.0999999999999996 1.45 -2.4 1.2000000000000002 0.25 2.0999999999999996 0.8999999999999999 0.55 -0.5999999999999999 -0.8999999999999999 0.55 2.4000000000000004 1.2000000000000002 0.25 -1.7999999999999998 2.0999999999999996 0.25 2.4000000000000004 -2.0999999999999996 1.75 0.6000000000000001 -0.5999999999999999 1.45 -2.4 0.0 0.8500000000000001 0.6000000000000001 -2.0999999999999996 0.8500000000000001 0.0 1.5 1.45 -2.4 1.7999999999999998 1.75 2.4000000000000004 -2.0999999999999996 1.45 1.5 1.2000000000000002 1.75 -0.8999999999999999 1.2000000000000002 0.55 -2.4 1.7999999999999998 0.8500000000000001 -0.2999999999999998 0.0 0.8500000000000001 1.7999999999999998 -0.8999999999999999 0.25 -2.4 -1.4999999999999998 0.8500000000000001 1.5 2.0999999999999996 0.25 -2.4 0.30000000000000027 1.1500000000000001 1.2000000000000002 -0.5999999999999999 0.8500000000000001 1.2000000000000002 0.6000000000000001 1.75 2.4000000000000004 -1.4999999999999998 0.8500000000000001 0.8999999999999999 1.7999999999999998 0.25 -0.8999999999999999 -1.2 1.45 -0.2999999999999998 1.7999999999999998 0.25 0.6000000000000001 0.6000000000000001 0.25 -2.4 0.6000000000000001 0.25 2.4000000000000004 -1.4999999999999998 1.45 -2.0999999999999996 -1.7999999999999998 0.25 -0.2999999999999998 -2.0999999999999996 0.55 0.30000000000000027 -2.0999999999999996 0.25 -2.4 2.0999999999999996 0.25 0.6000000000000001 2.0999999999999996 0.25 -2.4 -1.2 0.8500000000000001 0.0 -2.0999999999999996 0.25 -1.4999999999999998 0.8999999999999999 1.45 2.0999999999999996 -0.8999999999999999 0.8500000000000001 0.8999999999999999 -2.0999999999999996 0.8500000000000001 -1.4999999999999998 -2.0999999999999996 1.45 12.4 12.4 11.75 -10.4 -10.4 -7.75
HNFN 1 1 1 1 1 1 1 1 1 1 1 1 1 1 1 1 1 1 1 1 1 1 0 1 1 1 1 1 1 0 1 1 1 1 1 1 1 1 1 0 1 1 1 1 0 1 1 1 1 1 1 1 1 0 0 1 0 1 1 1 1 1 0 0
NSEG 42
SEGS -0.8 0.1 0.3 1.2 0.1 0.3 0.2 -0.9 0.3 0.2 1.1 0.3 -0.6000000000000001 -0.7000000000000001 0.0 1.0 0.9 0.6 0.2 0.1 0.3 0.2 0.1 0.8 4.440892098500626e-16 4.440892098500626e-16 1.0 1.0000000000000004 1.0000000000000004 2.0 4.440892098500626e-16 4.440892098500626e-16 1.0 1.0000000000000004 1.0000000000000004 1.0 4.440892098500626e-16 4.440892098500626e-16 1.0 1.0000000000000004 4.440892098500626e-16 2.0 -2.4 -2.4 1.0 2.4000000000000004 -2.4 1.0 0.0 -3.4 1.0 0.0 3.4000000000000004 1.0 0.0 0.0 1.0 0.0 0.0 1.0 1.9993492263590729 -1.1360656845776493 0.8442715917479411 2.1794077193201793 -0.7824585899440637 1.8569429781389704 -0.8969693218583765 2.6197857916197305 1.1857328341776405 -1.1828374708200435 -0.4210582622183787 1.6941634754568038 2.4182813341674314 1.1980944760999779 1.6209550095067802 -1.1409225950140298 1.319205536345955 0.2451783885614289 -1.818444515529842 1.0003108784624897 1.5909906331229353 -2.792214381153859 2.1830838243809016 1.4411127151552028 -0.8985353393695721 -1.9940167475813684 0.2324389145452161 -2.1040207107074616 0.6390553286369958 1.6501062016233674 -0.36931586308366793 0.8830199500181815 1.0584230268857415 -1.1890930481755486 -2.53670811345358 0.68415368284555 -0.37769078808307377 -2.452356654698501 0.3018785693426998 -0.1836884136608723 -0.09745994228855759 0.7008287048107542 -0.5654165108397136 0.846820140865701 0.13354857486588845 0.8819561972757812 -0.4367847384661696 0.3335528993112334 -0.5271539162929055 -0.19612695737147945 0.8081115262711835 2.070560173032353 1.0287190683830216 1.6577464535084245 0.5000796111384034 1.206300904861644 0.693409643047193 1.0327572568644223 1.6134376173754528 0.18860016223024514 -2.550522553163859 2.2232863760721986 1.4571337816905319 -0.5370053393258614 1.5476733461045593 0.32796732605136 -1.1630052897344743 -1.7189009087971239 0.22696434363747411 -1.5032367180397126 0.6251305226060921 0.40727176449089203 1.9526509768186355 0.6207944634787936 1.336452852030365 -0.7321876534519087 1.0776721367305213 0.9982611825257237 1.317054785650421 1.0777728278549432 0.5966439036220839 1.417763223468942 -2.235493588720249 0.7838074649787039 -1.2846344052136625 2.858401277502575 1.0416091604078042 0.47925957514849404 0.0029272540538705094 1.535301537797657 1.996587817972777 0.5265426474825623 1.361515905805755 -1.7786718575250422 0.1613462226172362 0.9777562855850096 -2.0082944419420548 -1.796912805718104 0.31916182712504143 -0.46853594056216097 -0.942044151787498 1.2968971988304259 2.2248838910944024 -2.0987559505888576 0.15692620025240908 -1.1846253243381184 -1.8542302981841055 0.9856405615079484 2.2427319144632345 -2.5331267153947654 0.4733238231625019 -1.2704982672959926 -2.823767430702336 1.8111906460300407 -0.3394447992443519 1.9812718919425198 1.3996625583955105 -0.7428906694295727 2.4517459041331953 0.5046501327761657 -1.185830925183681 2.4377305984589355 1.604249598462413 -1.8505918158975838 0.1785814599846134 0.7117456879542113 -1.9845875188230253 1.0826820430010016 1.2841115285208509 1.792803831501876 -2.5193991348836353 0.5310066549563721 1.110110202738396 1.3739208368002322 0.2499145013136663 0.5566263567285348 -2.2545071085070845 0.39229937482090577 0.5470052692917071 -2.3032387280057365 1.0550993134107602 -2.7216484710535527 0.6200938710936974 1.375013843466246 1.7974087020436351 -1.6584551770936051 1.025369300267387 -1.8351688049670138 -0.008059708714117875 0.263536470689293 0.9434523162375883 0.618325722900086 0.3921697307542557 2.4595115558743585 -2.7351966359292135 1.4070218240386012 2.1979126552719346 -0.7065587565523139 1.2964952425609435 -1.3572795820605865 -2.6468750902603078 0.571576411261637 -2.829074912184264 0.2497324740868807 1.8402113517706842 1.4658191127949092 0.6071374807011747 1.7227507462003053 0.5624539907704662 2.6792619149210277 0.679274326184713 -0.2051932597358559 0.7769259118512681 1.732065003420211 1.175822758330332 2.4921610208020524 1.5303758548805897 1.2190649127967546 2.875262450062445 0.7207892553957438 -4.4 -4.4 -1.75 0.0 0.0 1.0 0.0 0.0 1.0 5.4 2.9000000000000004 2.75
BLK100 1 1 1 1 0 0 0 1 1 0 0 1 0 0 0 1 1 1 0 0 0 0 0 0 1 0 0 0 1 1 1 1 1 1 0 1 1 0 1 1 0 0
BLK0 1 1 1 1 0 0 0 1 1 0 0 1 0 0 0 1 1 1 0 0 0 0 0 0 1 0 0 0 1 1 1 1 1 1 0 1 1 0 1 1 0 0
RADII 0 1 2
LOS 0 0 0 0 0 0 0 0 0 0 0 0 1 0 0 1 0 0 1 0 0 0 0 0 0 0 0 1 1 1 1 1 1 0 0 0 1 1 1 1 1 0 1 0 0 0 0 0 0 0 0 0 0 0 1 0 0 1 1 1 1 0 0 1 1 0 1 1 1 1 0 0 0 0 0 1 1 0 1 1 0 1 0 0 0 0 0 0 0 0 0 0 0 0 0 0 0 0 0 0 0 0 1 1 0 0 0 0 0 0 0 1 1 1 0 0 0 0 0 0 1 0 0 1 0 0
CWCOUNTS 0 212 1522
NCARVE 3
CARVE_CENTER 0.2 0.1 0.3
CARVE_D 0.6
CARVE_N 2
CARVE_NCELL 42
CARVE_CELLS 6 5 0 6 5 3 6 8 0 6 8 3 6 11 0 6 11 3 7 5 0 7 5 3 7 8 0 7 8 3 7 11 0 7 11 3 8 5 0 8 5 3 8 8 0 8 8 3 8 11 0 8 11 3 9 5 0 9 5 3 9 8 0 9 8 3 9 11 0 9 11 3 10 5 0 10 5 3 10 8 0 10 8 3 10 11 0 10 11 3 11 5 0 11 5 3 11 8 0 11 8 3 11 11 0 11 11 3 12 5 0 12 5 3 12 8 0 12 8 3 12 11 0 12 11 3
CARVE_OCC -1 -1 -1 -1 -1 -1 -1 -1 0 -1 -1 -1 -1 -1 0 -1 -1 -1 -1 -1 0 -1 -1 -1 -1 -1 0 -1 -1 -1 -1 -1 0 -1 -1 -1 -1 -1 -1 -1 -1 -1
CARVE_CENTER 0.0 0.0 1.0
CARVE_D 0.45
CARVE_N 2
CARVE_NCELL 42
CARVE_CELLS 5 5 0 5 5 3 5 8 0 5 8 3 5 11 0 5 11 3 6 5 0 6 5 3 6 8 0 6 8 3 6 11 0 6 11 3 7 5 0 7 5 3 7 8 0 7 8 3 7 11 0 7 11 3 8 5 0 8 5 3 8 8 0 8 8 3 8 11 0 8 11 3 9 5 0 9 5 3 9 8 0 9 8 3 9 11 0 9 11 3 10 5 0 10 5 3 10 8 0 10 8 3 10 11 0 10 11 3 11 5 0 11 5 3 11 8 0 11 8 3 11 11 0 11 11 3
CARVE_OCC -1 -1 -1 -1 -1 -1 -1 -1 -1 0 -1 -1 -1 -1 -1 0 -1 -1 -1 -1 100 0 -1 -1 -1 -1 100 0 -1 -1 -1 -1 -1 0 -1 -1 -1 -1 -1 -1 -1 -1
CARVE_CENTER -1.02 -1.02 0.6399999999999999
CARVE_D 1.0
CARVE_N 4
CARVE_NCELL 33
CARVE_CELLS 0 0 1 0 5 1 0 10 1 1 0 1 1 5 1 1 10 1 2 0 1 2 5 1 2 10 1 3 0 1 3 5 1 3 10 1 4 0 1 4 5 1 4 10 1 5 0 1 5 5 1 5 10 1 6 0 1 6 5 1 6 10 1 7 0 1 7 5 1 7 10 1 8 0 1 8 5 1 8 10 1 9 0 1 9 5 1 9 10 1 10 0 1 10 5 1 10 10 1
CARVE_OCC 100 -1 -1 100 0 -1 100 0 -1 100 0 -1 100 0 -1 100 0 -1 100 0 -1 100 0 -1 100 0 -1 100 0 -1 100 -1 -1
END
CASE
RES 0.3
PARAMS 14.0 14.0 12.0 0.0 0.0 2.7 0.0 3.0 0.6 2.0
NOBST 1
OBSTPOS 0.0 0.0 2.6
OBSTBBOX 0.3 0.3 0.3
NCLOUD 0
CLOUD
KBOOL 1 1 1 0 1 1 1 1 1
KINT 2 2 15 2
KFLOAT 0.2 1.0 0.5 0.0 2.0 0.1 0.5 0.5 1.0 5.0 1.0 0.5 5.0
PREDTIMES 0
PREDSAMP -1
DIM 24 24 6
ORIGIN -3.5999999999999996 -3.5999999999999996 0.9000000000000004
NPRECARVE 0
NPTS 64
PTS 0.0 0.0 2.6 0.4 0.0 2.6 0.0 -0.5 2.9 0.0 0.0 1.8000000000000003 -2.8799999999999994 -2.8799999999999994 1.2600000000000005 -2.8799999999999994 -2.8799999999999994 2.3400000000000007 -2.8799999999999994 0.0 1.2600000000000005 -2.8799999999999994 0.0 2.3400000000000007 -2.8799999999999994 2.880000000000001 1.2600000000000005 -2.8799999999999994 2.880000000000001 2.3400000000000007 0.0 -2.8799999999999994 1.2600000000000005 0.0 -2.8799999999999994 2.3400000000000007 0.0 0.0 1.2600000000000005 0.0 0.0 2.3400000000000007 0.0 2.880000000000001 1.2600000000000005 0.0 2.880000000000001 2.3400000000000007 2.880000000000001 -2.8799999999999994 1.2600000000000005 2.880000000000001 -2.8799999999999994 2.3400000000000007 2.880000000000001 0.0 1.2600000000000005 2.880000000000001 0.0 2.3400000000000007 2.880000000000001 2.880000000000001 1.2600000000000005 2.880000000000001 2.880000000000001 2.3400000000000007 -3.7687444734404734 0.6872744955414736 2.258662561162648 3.031328975494494 -2.94007455942335 1.2594268306016256 2.7292474599249332 -2.020616989000084 1.6611334757472338 -0.14918118076691034 3.4152570912766778 1.8995769574642523 0.29625386922677777 1.500570567591438 1.6740635042711873 3.065458139338435 3.309900664164116 2.22139709955736 -4.270470142638209 4.480081914229645 1.53195625833562 -3.7830809651812443 1.3556270477377494 1.8278163913698133 -0.9024954461390147 1.9466500223642478 2.303355087013278 -0.30588995126862795 3.537022127198203 2.5154994989282176 3.9736469761683586 3.9513588137060647 1.0664645861771842 1.616476483812789 1.580134410068355 2.672694574143836 0.3654537967923055 -2.7341557781077603 2.6118324845261327 2.768027389460037 3.7436988577279835 1.4664138564997309 4.11376367684556 -3.1295323488023015 1.9247976281548 2.2505032879696993 1.9873563992687324 1.2829841388419467 -3.7871381736493728 0.8572986033305594 2.1379790849010174 -2.952126419330224 4.235667093771539 1.4026663964847979 -2.238499224911971 -1.3472775447951788 1.5970225539282352 0.07687827582528639 0.2451299342903912 1.0425149233468813 -1.2986255222320042 1.669278307016992 1.9475149854486815 -2.8566868945466157 -3.7420945881649637 1.8403949511647841 -3.4655448395776554 0.23557503242936484 1.8727743356595805 -2.6917588750556236 -3.4490758414226863 1.540042232581645 0.5846222825625804 3.3092477019131956 2.3910361003778435 2.293629656523701 -1.8023339409481591 2.4907864401255373 -1.7956218318209358 -3.3755931059871225 2.059399419724439 3.5162470317452876 1.029504553956818 0.9375168061333371 2.6356251870967227 4.069455169905664 2.221370064969773 4.086515432191762 -2.3811234759278026 2.515025768791146 4.123700874623475 0.6709615768540993 2.0410680386111557 -0.8778429559182692 1.5570615364172382 1.1960205283555687 -2.839562205305141 -0.5418190096601321 1.299616072697881 4.1243665018958975 -4.413573369818715 0.8667552022551372 -2.197463897560974 4.275094535829309 2.438389733342687 -2.432938545043913 2.0866570446167754 1.0945907945600555 -2.8374710775380083 3.4721394357955266 2.033953111199225 0.20081881648230748 -3.0469543957927407 2.237268360221739 -0.4598963081226093 1.6390356546584477 2.6340072715590606 3.586596069964035 -4.263357480891548 2.473040241908446 13.45 13.45 12.55 -11.45 -11.45 -6.949999999999999
FCFP -0.1499999999999999 -0.1499999999999999 1.6500000000000004 1.0499999999999998 -0.1499999999999999 2.5500000000000003 -0.1499999999999999 -1.0499999999999998 2.5500000000000003 -0.1499999999999999 -0.1499999999999999 1.6500000000000004 -2.8499999999999996 -2.8499999999999996 1.3500000000000003 -2.8499999999999996 -2.8499999999999996 2.25 -2.8499999999999996 0.15000000000000036 1.3500000000000003 -2.8499999999999996 0.15000000000000036 2.25 -2.8499999999999996 2.8500000000000005 1.3500000000000003 -2.8499999999999996 2.8500000000000005 2.25 0.15000000000000036 -2.8499999999999996 1.3500000000000003 0.15000000000000036 -2.8499999999999996 2.25 0.15000000000000036 0.15000000000000036 1.3500000000000003 -0.1499999999999999 -0.1499999999999999 1.6500000000000004 0.15000000000000036 2.8500000000000005 1.3500000000000003 0.15000000000000036 2.8500000000000005 2.25 2.8500000000000005 -2.8499999999999996 1.3500000000000003 2.8500000000000005 -2.8499999999999996 2.25 2.8500000000000005 0.15000000000000036 1.3500000000000003 2.8500000000000005 0.15000000000000036 2.25 2.8500000000000005 2.8500000000000005 1.3500000000000003 2.8500000000000005 2.8500000000000005 2.25 -3.4499999999999997 0.75 2.25 3.1500000000000004 -2.8499999999999996 1.3500000000000003 2.8500000000000005 -1.9499999999999997 1.6500000000000004 -0.1499999999999999 2.8500000000000005 1.9500000000000004 0.15000000000000036 1.6500000000000004 1.6500000000000004 3.1500000000000004 2.8500000000000005 2.25 -3.4499999999999997 2.8500000000000005 1.6500000000000004 -3.4499999999999997 1.3500000000000005 1.9500000000000004 -1.0499999999999998 1.9500000000000002 2.25 -0.44999999999999973 2.8500000000000005 2.5500000000000003 3.45 2.8500000000000005 1.0500000000000003 1.6500000000000004 1.6500000000000004 2.5500000000000003 0.4500000000000002 -2.8499999999999996 2.5500000000000003 2.8500000000000005 2.8500000000000005 1.3500000000000003 3.45 -2.8499999999999996 1.9500000000000004 2.25 1.9500000000000002 1.3500000000000003 -3.4499999999999997 0.75 2.25 -2.8499999999999996 2.8500000000000005 1.3500000000000003 -2.25 -1.3499999999999996 1.6500000000000004 0.15000000000000036 0.15000000000000036 1.0500000000000003 -1.3499999999999996 1.6500000000000004 1.9500000000000004 -2.8499999999999996 -2.8499999999999996 1.9500000000000004 -3.4499999999999997 0.15000000000000036 1.9500000000000004 -2.55 -2.8499999999999996 1.6500000000000004 0.4500000000000002 2.8500000000000005 2.25 2.25 -1.9499999999999997 2.5500000000000003 -1.6499999999999997 -2.8499999999999996 1.9500000000000004 3.45 1.0499999999999998 1.0500000000000003 2.55 2.8500000000000005 2.25 3.45 -2.25 2.5500000000000003 3.45 0.75 1.9500000000000004 -0.7499999999999996 1.6500000000000004 1.0500000000000003 -2.8499999999999996 -0.44999999999999973 1.3500000000000003 3.45 -2.8499999999999996 1.0500000000000003 -2.25 2.8500000000000005 2.5500000000000003 -2.55 1.9500000000000002 1.0500000000000003 -2.8499999999999996 2.8500000000000005 1.9500000000000004 0.15000000000000036 -2.8499999999999996 2.25 -0.44999999999999973 1.6500000000000004 2.5500000000000003 3.45 -2.8499999999999996 2.5500000000000003 13.45 13.45 12.55 -11.45 -11.45 -6.949999999999999
HNFN 1 1 1 1 1 1 1 1 1 1 1 1 1 1 1 1 1 1 1 1 1 1 1 1 1 1 1 1 0 1 1 1 0 1 1 1 0 1 1 0 1 1 1 1 1 1 1 1 1 1 0 0 0 1 1 0 0 1 1 1 1 0 0 0
NSEG 42
SEGS -1.0 0.0 2.6 1.0 0.0 2.6 0.0 -1.0 2.6 0.0 1.0 2.6 -0.8 -0.8 2.3000000000000003 0.8 0.8 2.9 0.0 0.0 2.6 0.0 0.0 3.1 4.440892098500626e-16 4.440892098500626e-16 1.8000000000000003 1.0000000000000004 1.0000000000000004 2.8000000000000003 4.440892098500626e-16 4.440892098500626e-16 1.8000000000000003 1.0000000000000004 1.0000000000000004 1.8000000000000003 4.440892098500626e-16 4.440892098500626e-16 1.8000000000000003 1.0000000000000004 4.440892098500626e-16 2.8000000000000003 -3.4499999999999997 -3.4499999999999997 1.8000000000000003 3.45 -3.4499999999999997 1.8000000000000003 0.0 -4.449999999999999 1.8000000000000003 0.0 4.45 1.8000000000000003 0.0 0.0 1.8000000000000003 0.0 0.0 1.8000000000000003 0.7152792675958888 0.9783228666061228 1.6824248920449363 -1.1127248643768959 -2.8444909463411614 1.857099419093412 2.853238709933635 3.3351426381946596 2.135862989023696 2.6410713776788266 -3.7245826726083746 1.4250869763446656 -4.118685033767756 -0.3363974208742575 1.200509248913689 -2.5453629006627225 1.5986037577989651 1.1368865824220324 1.57248960510297 2.0667994483803818 1.3459455992233376 0.7402095231357939 1.332763002569577 2.406887302836049 -3.742000482764259 -4.105869847455441 2.4398160756340705 -3.1324432479645377 -3.2314385172012026 1.736245559777411 -0.3063069092270485 -2.500355521394785 1.588658823331361 -2.381678359718191 -0.01696896294038286 1.74560560509752 -1.7465413512831691 2.8435433754322186 2.1643214616368542 -0.14139749100579957 3.5931670888355742 2.2511190389760825 -3.186347714810543 -1.0919298142838958 2.5498451945050284 -3.2414597406137924 3.783118252265307 2.575935772086587 -3.5464714347499715 1.1362695318683094 2.505180212203658 2.802173679656988 -1.766890243197175 2.1712161557144816 0.5683337331597671 3.966431956831084 1.690458021393364 0.05616842759343621 3.0913403129192623 1.1805995139620826 0.6028524655511087 1.3277938248154695 2.1150238342152767 -2.8990836964137348 -2.6818464197134753 1.5884326247125267 1.499974939799516 3.4304750868707603 0.9101518831003319 3.214381213295345 1.020014246456023 1.2966031291773576 -0.1129374736637625 2.297397178366667 1.3382125515757255 2.0160804376987094 -2.0585420542353052 1.167055325878785 2.9112060676147844 1.7361977715258576 2.3507436880697106 -1.6018221867453697 -2.9075046906963964 2.534235755943707 2.077596528276666 -0.5391325690950199 1.4639313723937364 -3.640849263276083 0.06533883808647944 0.9648187813523061 -1.3628473925586486 -2.1418769766891566 2.5573694658646025 1.8691634820741094 -2.40471849401886 1.054218239323094 0.5324175050313253 2.6640697552463837 0.9688191389357863 1.1511405573063773 -3.6895757674290075 1.7571581438043506 -3.293459405633774 1.8664788629621083 1.3846454326867192 1.223221770427473 -2.164705073898828 0.9498970777144141 -1.1380359494239811 1.93894828930588 2.577442361816045 2.075122235475027 -1.076491905137464 2.658110945049233 -2.1114148196654674 0.5517288960194242 2.5893626731053017 -3.4797606960245915 3.8948381912078704 1.1754414520510543 3.499898068460206 1.21276514520908 1.1635327298449867 1.8931576959360599 2.2030307411702785 2.0591335403996944 1.4053001758882355 0.5874196312303916 2.4517216882211104 0.20987535870605667 -0.7891952654951289 2.3138120433983014 2.8738952963168667 0.7469816482876843 1.7886507901892736 -3.9270845089902444 4.024187555281349 2.3448505685563568 2.288974872413528 2.026164764164436 1.7714454059793936 1.0566325587441088 -2.2136250541980615 1.916602122282056 -4.08196756320745 -0.9800038730246854 1.8961841481482282 2.979853641082118 2.0663309821462277 1.075223349274775 0.595351711600435 -0.47351363141544756 1.4108571051694851 4.128620181503512 -3.899558631628925 1.1761345330422561 -2.791831374588466 -2.8313021967375054 2.003384509492812 4.089176779610845 -2.2341304429110598 1.5931359302283608 2.7333458980049277 -1.7715097143344463 1.1975118358933767 1.166106527223031 0.5101238064217002 1.570282434350328 2.031781241891292 0.974837265388651 2.6321242207841626 3.3423463897702708 2.6518291235737226 1.7100105345458143 -2.728778197368098 1.9598834853342528 1.8045533732099106 -3.2304058597765253 1.4731514958901415 1.484990790411191 -5.449999999999999 -5.449999999999999 -0.9499999999999997 0.0 0.0 1.8000000000000003 0.0 0.0 1.8000000000000003 6.45 3.95 3.5500000000000003
BLK100 1 1 1 1 1 1 1 1 1 1 0 1 0 0 1 0 1 1 1 1 1 1 0 1 0 0 1 0 1 1 0 1 1 0 0 1 0 0 0 0 1 1
BLK0 1 1 1 1 1 1 1 1 1 1 0 1 0 0 1 0 1 1 1 1 1 1 0 1 0 0 1 0 1 1 0 1 1 0 0 1 0 0 0 0 1 1
RADII 0 1 2
LOS 0 0 0 0 0 0 0 0 0 0 0 0 0 0 0 0 0 0 0 0 0 0 0 0 0 0 0 1 1 1 1 0 0 0 0 0 1 1 1 1 1 0 0 0 0 1 1 0 0 0 0 0 0 0 0 0 0 0 0 0 0 0 0 0 0 0 1 1 0 0 0 0 1 1 0 1 1 0 0 0 0 1 1 1 0 0 0 0 0 0 1 1 1 0 0 0 0 0 0 1 1 0 1 0 0 0 0 0 1 0 0 1 1 0 1 1 0 1 1 1 0 0 0 0 0 0
CWCOUNTS 0 684 2772
NCARVE 3
CARVE_CENTER 0.0 0.0 2.6
CARVE_D 0.6
CARVE_N 2
CARVE_NCELL 42
CARVE_CELLS 9 9 2 9 9 5 9 12 2 9 12 5 9 15 2 9 15 5 10 9 2 10 9 5 10 12 2 10 12 5 10 15 2 10 15 5 11 9 2 11 9 5 11 12 2 11 12 5 11 15 2 11 15 5 12 9 2 12 9 5 12 12 2 12 12 5 12 15 2 12 15 5 13 9 2 13 9 5 13 12 2 13 12 5 13 15 2 13 15 5 14 9 2 14 9 5 14 12 2 14 12 5 14 15 2 14 15 5 15 9 2 15 9 5 15 12 2 15 12 5 15 15 2 15 15 5
CARVE_OCC -1 100 -1 100 -1 -1 -1 100 -1 0 -1 -1 -1 100 -1 0 -1 -1 -1 100 -1 0 -1 -1 -1 100 -1 0 -1 -1 -1 100 -1 0 -1 -1 -1 -1 -1 -1 -1 -1
CARVE_CENTER 0.0 0.0 1.8000000000000003
CARVE_D 0.45
CARVE_N 2
CARVE_NCELL 42
CARVE_CELLS 9 9 0 9 9 3 9 12 0 9 12 3 9 15 0 9 15 3 10 9 0 10 9 3 10 12 0 10 12 3 10 15 0 10 15 3 11 9 0 11 9 3 11 12 0 11 12 3 11 15 0 11 15 3 12 9 0 12 9 3 12 12 0 12 12 3 12 15 0 12 15 3 13 9 0 13 9 3 13 12 0 13 12 3 13 15 0 13 15 3 14 9 0 14 9 3 14 12 0 14 12 3 14 15 0 14 15 3 15 9 0 15 9 3 15 12 0 15 12 3 15 15 0 15 15 3
CARVE_OCC -1 100 -1 100 -1 -1 -1 100 -1 0 -1 -1 -1 100 -1 0 -1 -1 -1 100 -1 0 -1 -1 -1 100 -1 0 -1 -1 -1 100 -1 0 -1 -1 -1 -1 -1 -1 -1 -1
CARVE_CENTER -1.44 -1.44 1.4400000000000004
CARVE_D 1.0
CARVE_N 4
CARVE_NCELL 33
CARVE_CELLS 2 2 1 2 7 1 2 12 1 3 2 1 3 7 1 3 12 1 4 2 1 4 7 1 4 12 1 5 2 1 5 7 1 5 12 1 6 2 1 6 7 1 6 12 1 7 2 1 7 7 1 7 12 1 8 2 1 8 7 1 8 12 1 9 2 1 9 7 1 9 12 1 10 2 1 10 7 1 10 12 1 11 2 1 11 7 1 11 12 1 12 2 1 12 7 1 12 12 1
CARVE_OCC -1 -1 -1 -1 0 -1 -1 0 -1 -1 0 -1 -1 0 -1 -1 0 -1 -1 0 -1 -1 0 -1 -1 0 -1 -1 0 -1 -1 -1 -1
END
CASE
RES 0.3
PARAMS 12.0 12.0 6.0 0.0 0.0 1.0 0.0 2.0 0.3 2.0
NOBST 0
OBSTPOS
OBSTBBOX
NCLOUD 0
CLOUD
KBOOL 1 1 1 0 1 1 1 1 1
KINT 2 2 15 2
KFLOAT 0.2 1.0 0.5 0.0 2.0 0.1 0.5 0.5 1.0 5.0 1.0 0.5 5.0
PREDTIMES 0
PREDSAMP -1
DIM 17 17 6
ORIGIN -2.55 -2.55 0.10000000000000009
NPRECARVE 0
NPTS 61
PTS 0.0 0.0 1.0 -2.04 -2.04 0.46000000000000013 -2.04 -2.04 1.5400000000000003 -2.04 0.0 0.46000000000000013 -2.04 0.0 1.5400000000000003 -2.04 2.04 0.46000000000000013 -2.04 2.04 1.5400000000000003 0.0 -2.04 0.46000000000000013 0.0 -2.04 1.5400000000000003 0.0 0.0 0.46000000000000013 0.0 0.0 1.5400000000000003 0.0 2.04 0.46000000000000013 0.0 2.04 1.5400000000000003 2.04 -2.04 0.46000000000000013 2.04 -2.04 1.5400000000000003 2.04 0.0 0.46000000000000013 2.04 0.0 1.5400000000000003 2.04 2.04 0.46000000000000013 2.04 2.04 1.5400000000000003 -0.4936285788018826 -0.9802457613756692 0.9521127662963872 2.413489134307357 -2.1737067167695834 0.24221360388138394 0.030293644137422415 -1.2646527161230365 1.8823746970798085 -1.4590088276834292 0.4307133313661127 1.2907218231059772 -0.5531607261080898 -0.6036732993209615 0.9172937785472876 -2.159098715659497 -1.7986831690415723 0.7706724591626445 0.29225061577887956 2.52787510026547 0.2915110846763065 2.83706076932387 -3.0382583898449216 1.304303538935509 -1.3054753632488196 -2.648237858357722 1.833162952734705 1.8767333265453963 -2.4599430336860566 1.2709898551850953 1.354186764251733 0.8411127037291783 0.3188201649615349 2.8278370949453726 -0.5052810732319588 1.635235452118816 -2.5214261440368375 -1.6569973916203877 0.15394979113417137 -2.834214393922287 -0.23232700910435788 0.7476108897102494 -0.6481949282033634 -2.8711298617550236 1.4636964174739089 -0.8923114081022399 1.1594561184155188 1.707111987791789 0.7220631612432569 -0.5525997680403276 0.39487994144656013 2.2574160980895583 -2.7938251536497045 0.4728065924329637 -0.686408631099994 -2.3301775993597373 1.7063634079076175 -1.8277287288145374 -1.679168146006245 1.6123020820187977 2.9442252591605755 0.3218077451327459 0.10136484223964098 -2.132572331763067 2.9124094954089554 0.35693608321613335 2.8180540313495075 0.20758432744848143 0.5892321142070729 -1.3791640837826717 3.003816102438035 1.5259988635629629 -1.9660981440001182 -1.5999914801072967 0.19211294617838467 -0.9008357896807531 0.30847887691866127 1.764963059887219 3.0871840050294304 -0.21642546116692118 0.23247279353401323 -2.091502203505763 -1.4092099704313459 0.9997688680863954 3.0172520972803816 -2.0653463508836194 1.5856557430170728 2.4702278577601473 -0.870364091630945 0.8655853151307527 0.8993223372549286 -2.6319798281168323 1.7632348272831524 -0.3622404890030708 -1.114707939333183 0.3047688831820562 -1.9046206327820754 -1.9707090018383582 1.4622833249318075 -1.0241049231364319 1.779619412979344 1.5151646251383433 -0.14434272275782112 -2.964218303375718 0.3611126981334703 -3.0944184292293753 -1.8649471446953498 1.7358251524144 -2.5975173490071795 -0.9361089514326693 0.8586871397102097 0.4301488154939306 -1.4018443423952438 0.9589031859120737 -0.28429886558435546 -2.1894633029557236 0.9123022752721243 -0.7104963845450842 0.9967506640695509 0.19076166532074065 12.4 12.4 11.75 -10.4 -10.4 -7.75
FCFP 0.0 0.0 1.1500000000000001 -2.0999999999999996 -2.0999999999999996 0.55 -2.0999999999999996 -2.0999999999999996 1.45 -2.0999999999999996 0.0 0.55 -2.0999999999999996 0.0 1.45 -2.0999999999999996 2.0999999999999996 0.55 -2.0999999999999996 2.0999999999999996 1.45 0.0 -2.0999999999999996 0.55 0.0 -2.0999999999999996 1.45 0.0 0.0 0.55 0.0 0.0 1.45 0.0 2.0999999999999996 0.55 0.0 2.0999999999999996 1.45 2.0999999999999996 -2.0999999999999996 0.55 2.0999999999999996 -2.0999999999999996 1.45 2.0999999999999996 0.0 0.55 2.0999999999999996 0.0 1.45 2.0999999999999996 2.0999999999999996 0.55 2.0999999999999996 2.0999999999999996 1.45 -0.5999999999999999 -0.8999999999999999 0.8500000000000001 2.4000000000000004 -2.0999999999999996 0.2500000000000001 0.0 -1.2 1.75 -1.4999999999999998 0.30000000000000027 1.1500000000000001 -0.5999999999999999 -0.5999999999999999 0.8500000000000001 -2.0999999999999996 -1.7999999999999998 0.8500000000000001 0.30000000000000027 2.0999999999999996 0.2500000000000001 2.4000000000000004 -2.0999999999999996 1.45 -1.2 -2.0999999999999996 1.75 1.7999999999999998 -2.0999999999999996 1.1500000000000001 1.5 0.8999999999999999 0.2500000000000001 2.4000000000000004 -0.5999999999999999 1.75 -2.4 -1.7999999999999998 0.2500000000000001 -2.4 -0.2999999999999998 0.8500000000000001 -0.5999999999999999 -2.0999999999999996 1.45 -0.8999999999999999 1.2000000000000002 1.75 0.6000000000000001 -0.5999999999999999 0.2500000000000001 2.4000000000000004 -2.0999999999999996 0.55 -0.5999999999999999 -2.0999999999999996 1.75 -1.7999999999999998 -1.7999999999999998 1.75 2.4000000000000004 0.30000000000000027 0.2500000000000001 -2.0999999999999996 2.0999999999999996 0.2500000000000001 2.4000000000000004 0.30000000000000027 0.55 -1.4999999999999998 2.0999999999999996 1.45 -2.0999999999999996 -1.4999999999999998 0.2500000000000001 -0.8999999999999999 0.30000000000000027 1.75 2.4000000000000004 -0.2999999999999998 0.2500000000000001 -2.0999999999999996 -1.4999999999999998 0.8500000000000001 2.4000000000000004 -2.0999999999999996 1.45 2.4000000000000004 -0.8999999999999999 0.8500000000000001 0.8999999999999999 -2.0999999999999996 1.75 -0.2999999999999998 -1.2 0.2500000000000001 -1.7999999999999998 -2.0999999999999996 1.45 -0.8999999999999999 1.7999999999999998 1.45 0.0 -2.0999999999999996 0.2500000000000001 -2.4 -1.7999999999999998 1.75 -2.4 -0.8999999999999999 0.8500000000000001 0.30000000000000027 -1.4999999999999998 0.8500000000000001 -0.2999999999999998 -2.0999999999999996 0.8500000000000001 -0.5999999999999999 0.8999999999999999 0.2500000000000001 12.4 12.4 11.75 -10.4 -10.4 -7.75
HNFN 1 1 1 1 1 1 1 1 1 1 1 1 1 1 1 1 1 1 1 1 1 1 1 1 1 1 0 1 1 1 1 1 1 0 1 1 1 1 1 0 0 1 0 1 1 0 1 0 1 1 1 1 1 0 0 1 1 1 1 0 0
NSEG 38
SEGS 4.440892098500626e-16 4.440892098500626e-16 1.0 1.0000000000000004 1.0000000000000004 2.0 4.440892098500626e-16 4.440892098500626e-16 1.0 1.0000000000000004 1.0000000000000004 1.0 4.440892098500626e-16 4.440892098500626e-16 1.0 1.0000000000000004 4.440892098500626e-16 2.0 -2.4 -2.4 1.0 2.4000000000000004 -2.4 1.0 0.0 -3.4 1.0 0.0 3.4000000000000004 1.0 0.0 0.0 1.0 0.0 0.0 1.0 0.6303242292604612 -1.3032233219046347 1.2707584220022436 2.508179004416301 0.5005395992503336 0.7179452198513574 0.15410756985084184 -0.8207030751855189 1.2336385592903043 -0.015356927154629219 -2.0466737318778634 1.8428908836666933 -1.8356655884985493 2.5565868430785295 1.4847426782761928 -1.3102766221091642 2.0970309850441313 1.3991633818463516 1.2288049527297171 0.09831056276804562 0.4241232365502726 2.084313191858072 1.053597013427484 1.477635464870454 -2.224784887466369 -1.3747989422031044 0.8632370813948489 0.7541056736987999 -0.8237725842216659 0.9340986272513353 0.7416349713256274 1.9392296394146364 1.6392138917901975 -2.8358329112993603 -2.8105945188784927 0.7452737832628404 0.6716448851083539 1.7953333491994532 0.2607691405111975 1.4782143445525522 0.536485098530473 1.0921598515545372 2.679398517313587 2.3220243158460936 0.880161363521182 1.239643784551034 2.426382753792678 0.6491861105036065 1.6479375049779423 -1.1358329181207212 1.644892363993001 -1.7974907393385382 -1.7828814970273783 1.5595082444318158 -0.3161032715756238 -2.084009649475787 0.4803696178759484 1.066338123617454 0.01894147245328437 0.8348131389361603 -1.7688900925399516 -2.4694215901475665 0.7713208095867242 1.4750330884838063 -1.7535404728001236 1.311606764541399 2.3634680722565933 0.7181395991144521 0.9205899992977827 0.04532390364223193 2.8086142242453147 1.1741356934353369 -1.862336742968967 -0.2762609033559178 0.8226388955612652 -0.6632093545333977 -0.2508188798747 1.4128275909006813 -0.6716418717862258 0.3671187075141926 1.6233725161132933 -0.3039707372600242 1.84751854767566 0.5778183148958588 0.5746821855936335 -0.28327903149239564 0.8638682932739155 -2.265810967884354 0.6056496803323661 1.0464601731957224 -1.619034021527086 -2.8272532391991474 1.0613815718425301 -2.6111000856603805 -1.5899528046977878 0.6666381485403485 2.0908949282959033 -1.067658648287534 0.8815765684928849 -1.6982740924605033 0.44995846223187685 1.5957910952392487 1.7020355739622572 2.601662028341774 1.7415923672631424 -0.3557318834414307 0.14340872847451047 1.5371468783727757 -0.07732024199942922 0.9382286340380692 0.13285749855280077 -2.415960431869284 1.5116066721990467 0.8777156861543627 -0.9848179876136578 -0.5326062988585114 1.466930134617661 0.6643979122684867 2.4080527596094865 1.7827379226710454 -0.32744699490477513 -0.8672291768045026 0.5603039929606938 0.15600917610107556 1.4844464935188637 1.5426017513408192 1.0137315589254312 0.10281814013875179 0.1703791521754434 0.06501036131155047 -1.763000523770851 0.3088577884543525 0.15251390209599958 -0.7847241456347678 1.3772145822518693 -1.3824011404517833 -1.1104561648827393 1.8399924748088239 1.73192074004861 2.533843508569371 0.12695160467261418 -0.9191916537954945 0.6699444176894023 0.7865042956562064 -0.7104283322747176 1.6616066345966405 1.2715866817965957 -2.622492570983087 0.9576004965959273 0.42564231633443744 1.112591590053361 -2.3481581362854564 1.15739969824279 0.6945472307397376 -2.714107896726466 1.5030841530791328 -2.2219934884684127 -0.3943222915517599 0.3436622666910388 1.237991127324236 -1.1812381136335741 1.2539678408027388 0.9337352446148066 2.370854226795331 1.2493707414239883 -0.7232846856787298 -2.4699623167332905 1.1788537244810224 -0.6374264518178849 -0.5065525226428318 0.3776752130370441 -0.4955431989629937 -0.44321463498474345 0.9385784635510822 -2.346972246821364 1.8911555876794846 1.6356609832887146 0.26271142897631483 -0.46705526733753233 1.1269164617965317 -4.4 -4.4 -1.75 0.0 0.0 1.0 0.0 0.0 1.0 5.4 2.9000000000000004 2.75
BLK100 0 0 0 1 1 0 0 0 1 0 0 1 0 1 0 0 1 1 0 0 0 1 0 1 0 1 0 0 0 1 0 1 0 1 0 0 0 0
BLK0 0 0 0 1 1 0 0 0 1 0 0 1 0 1 0 0 1 1 0 0 0 1 0 1 0 1 0 0 0 1 0 1 0 1 0 0 0 0
RADII 0 1 2
LOS 1 1 1 1 1 1 1 1 1 0 0 0 0 0 0 1 1 1 1 1 1 1 0 0 0 0 0 1 1 1 1 1 1 0 0 0 1 1 0 0 0 0 1 1 0 1 0 0 0 0 0 0 0 0 1 1 1 1 1 0 1 1 1 0 0 0 1 1 1 0 0 0 1 1 1 0 0 0 1 1 1 1 1 0 1 1 1 0 0 0 1 1 0 0 0 0 1 1 1 0 0 0 1 1 1 1 1 0 1 1 0 1 1 1
CWCOUNTS 0 204 1530
NCARVE 2
CARVE_CENTER 0.0 0.0 1.0
CARVE_D 0.45
CARVE_N 2
CARVE_NCELL 42
CARVE_CELLS 5 5 0 5 5 3 5 8 0 5 8 3 5 11 0 5 11 3 6 5 0 6 5 3 6 8 0 6 8 3 6 11 0 6 11 3 7 5 0 7 5 3 7 8 0 7 8 3 7 11 0 7 11 3 8 5 0 8 5 3 8 8 0 8 8 3 8 11 0 8 11 3 9 5 0 9 5 3 9 8 0 9 8 3 9 11 0 9 11 3 10 5 0 10 5 3 10 8 0 10 8 3 10 11 0 10 11 3 11 5 0 11 5 3 11 8 0 11 8 3 11 11 0 11 11 3
CARVE_OCC -1 -1 -1 -1 -1 -1 -1 -1 -1 0 -1 -1 -1 -1 -1 0 -1 -1 -1 -1 -1 0 -1 -1 -1 -1 -1 0 -1 -1 -1 -1 -1 0 -1 -1 -1 -1 -1 -1 -1 -1
CARVE_CENTER -1.02 -1.02 0.64
CARVE_D 1.0
CARVE_N 4
CARVE_NCELL 33
CARVE_CELLS 0 0 1 0 5 1 0 10 1 1 0 1 1 5 1 1 10 1 2 0 1 2 5 1 2 10 1 3 0 1 3 5 1 3 10 1 4 0 1 4 5 1 4 10 1 5 0 1 5 5 1 5 10 1 6 0 1 6 5 1 6 10 1 7 0 1 7 5 1 7 10 1 8 0 1 8 5 1 8 10 1 9 0 1 9 5 1 9 10 1 10 0 1 10 5 1 10 10 1
CARVE_OCC 100 -1 -1 100 0 -1 100 0 -1 100 0 -1 100 0 -1 100 0 -1 100 0 -1 100 0 -1 100 0 -1 100 0 -1 100 -1 -1
END
CASE
RES 0.22
PARAMS 28.0 28.0 12.0 0.0 0.0 1.4 0.0 3.0 0.22 2.5
NOBST 1
OBSTPOS -0.6 0.4 1.3
OBSTBBOX 0.25 0.25 0.3
NCLOUD 400
CLOUD -0.5010092621615869 1.2901956783903172 1.1895804272870458 0.8950062791343918 0.7130533604764142 1.447148491647093 -0.3128982116146142 -1.5791051216477896 1.7268812676817402 -0.22075271309193734 -0.3175620281454006 0.876832287905376 1.1429051799549679 -1.3582394128966722 0.40641479505280564 1.2096585470814947 0.4319935167111082 0.32942179207438665 0.1912956747527308 -1.141840768119204 1.3237802263249576 0.715034781780761 1.325877895538339 2.5726623914365976 -1.487566297524395 -1.0149349654775395 2.373579468692445 -0.8988352115020118 1.3494297098618733 0.30400200507471264 1.653950631203492 0.26466870003716747 1.1567445981101192 -0.9503456641870679 0.7675118388878646 0.5298734006741309 -0.11310676901712924 1.6974809492885654 2.537713645720709 -1.6906949249019707 0.2183071426081591 0.9443278372441268 -0.8309390614652269 -0.3677377795219856 0.7514421721259337 1.300659520095073 -0.42577710630158117 0.7296827878667225 1.652465911560516 0.015356381403579311 0.4858072670361338 -0.7043565663555382 -0.7634030311875191 2.3321098996773615 0.04647737397745022 -1.1858713424364145 2.525265924503906 0.9513301361445639 -0.010381002097799685 2.4208389777033856 -0.8566450840726566 0.08635153499519155 1.5808694611526104 -0.42533649221517256 1.4848610214225542 1.5281778057327307 1.7301746534010987 0.2020434744363515 1.6167994402496841 0.28830675209536794 0.4512595650103448 0.49493961576490164 -1.3863285753420471 -0.3527168800070737 0.7103587547481968 1.759489529701063 -0.11864418934272414 0.945752521231237 -0.8193957651388099 -0.4703032527078417 0.5036584557111325 -1.4713978380085702 1.3023313532731102 1.7798871393560183 -0.3687491794433819 1.6003355010513427 1.193222317627526 -0.3296643616245878 1.744579442560865 2.088980696072591 0.2522998403490442 -0.9433926144462675 2.4673449596968973 -0.07943733254858953 -0.7266305342975192 2.0390925424043407 -0.5977484847549841 1.5967647788865358 1.886921457062529 0.15540573046093376 0.3863483402208512 2.5472380000438095 0.3755461167787375 1.0513889453954819 1.0187843210456344 0.5954675728606256 0.1754845094453481 2.453356420675105 -1.2634995417102823 1.6953214097768086 1.5515678858388102 -0.00528722459587061 1.5287527407793118 1.0752632263941082 -0.5033915771203148 -0.03922616025028103 0.33928037992496274 0.42337574966884284 0.788706414357373 1.1577239216943145 1.0271147243851348 0.22898713112913804 2.056206289945636 0.03345140604017405 -0.9967353089139926 2.405234957375405 -0.5966464851123561 -1.2476236870677346 1.7466764000483852 0.6236024776268831 -1.4913841797323204 1.2321038488179448 0.07675683422591884 0.8780462419354123 0.619609772357705 0.07949658620192412 0.8514854393070583 2.08199619098153 -0.26772143427088047 1.4080685017323715 2.0385268811473756 0.7315782696132838 1.361205434957068 2.1077728466851173 1.0237183014811146 1.0894952374270332 2.34153351473571 0.649035901481412 1.1192513216974318 1.787476026315002 0.797732273447121 -1.779060553094518 2.5373720768344548 -1.205705840424711 -0.36488479371489446 0.4733594198317332 -0.056322723625766624 -1.6943353778185946 2.5925098722816045 1.2081421209441594 1.5266215974351376 2.3252287733990458 1.0380740291871973 -0.2384451183276146 2.004801246422843 0.5387746292793925 1.3465385885967713 1.5066561891366648 0.9985845343213462 -0.9128387392437001 0.5729198893441585 -0.6530739026667001 0.34713970505779135 1.2882181332031886 0.21490664402075788 -0.5668833810127041 0.9745852288823169 1.646424856836439 1.2290977415171118 2.2443630747770222 -1.1794478081677977 -0.9002649525420015 0.4606128079149173 1.6639300542060675 0.5398125554448512 2.386473569971652 0.6747324030996567 -1.227770769407687 0.6475446436438536 -1.1340043323260154 -1.5247327259903747 2.3720015958652776 -0.15976237625273604 -0.4694780698465262 1.8817157198375796 -0.28496567934336237 1.0330010752491596 2.0902481879628794 -0.9554375686744322 -1.5892548550432097 2.1303500758291154 1.5770103753641156 -0.20676211675678835 1.6113485488315362 0.6303929923489988 -0.4810038854939127 2.126304793712325 0.4260416456215166 1.7934049232010254 0.5792505787359392 0.9298365280315768 -1.7790378646388347 1.728821107797566 -1.4326808275650997 1.1790751350920654 0.49820247565164394 -0.876918874729733 1.090871990936251 0.8077611073455762 0.20750317815418629 0.6913194378106697 2.2360625139761647 0.892400869333996 -0.8596670783245316 0.9064136237728875 -0.9085310944582152 -0.627487796258136 1.5907949290850498 0.2564594880631128 1.4775972679678617 0.777463417827887 -0.2620486181239541 -1.4548910241459139 1.8930968251229643 1.378775796218689 -0.07820532130348012 2.284510097246024 -0.30262451757918996 -0.44114969354938793 1.561993891461882 -1.0905703469533221 -0.021526697664521643 1.8903427678980362 -1.6612842496038545 -1.6205455774007627 1.0644681173767845 0.18235036810776184 1.2585188507095177 1.6380058374476698 0.4763899629738757 -0.1048705904787175 0.926825382866854 -0.03468533051808387 0.3560495120164682 1.504560706931106 -0.6132095071701535 -1.2168862222102947 0.3891419531492748 -1.4375523715810932 0.7758984120872883 0.9116125471159575 -1.009502527177157 -0.22626569399369445 1.7963167488047942 1.7767472800226585 1.1642050938722928 1.0253760355973314 1.3598535833681822 1.3133907274992633 2.0888470782624866 0.6337114133891208 0.28129895093017043 1.1455911229964273 -0.7469176892891776 -0.23560529244424644 2.09743728783355 0.7448808949283807 0.47264828653220037 0.5227933643934743 -1.3850424406616528 -1.0192492656067884 0.5881759795105671 -0.29799390475413867 0.25652016443098913 2.4618456632116676 -0.6560604250825401 0.023844690247319278 1.5347198666200976 0.47126576799237996 1.255350437211235 2.5720661643108036 0.27755526586940893 1.3380533172951237 1.7941673602046428 1.5129957406959422 0.15541715136033996 2.0296571374806174 -0.026867720968781983 1.7466273774469407 1.766545772077503 -0.2639025499479215 -0.7315948786211552 1.7513605029496457 0.7042074159110447 0.6767920553817242 1.069212364504464 0.1582426663536225 -0.9794648258920897 2.0203307640908847 0.9825661446381277 -0.07409558815869 1.7445354521944256 1.2109719840377735 -0.05984339971405661 2.022865364278904 -1.066859410527619 -1.7631968187995517 1.9608771911228136 -1.7926337828608918 -0.31142177711413854 0.3096453456904073 -0.21993569643078859 -1.0471665576064815 2.542255265282958 0.6756424472501601 1.5676475680732935 1.544588289686857 0.6598490100127246 0.8001667495200186 0.3998269331511576 -0.6689091460616636 1.23418863309148 1.9518454099571445 0.3152813849421323 0.7518167951970158 1.3992472812822054 0.5299174706690979 -0.1440680019042746 2.005147251065917 -1.433850391138005 -0.9490206689446783 0.46217425105403254 -0.20672045976774278 -1.3115962763989348 0.45854053220528335 1.3889091426206084 0.5478550738495265 0.8725353613850257 -0.9792034439058898 -1.6103335486812642 2.1330984570101124 -0.8036187724186735 0.6205158033839788 2.3514891604126364 -0.5679916826262215 1.532999300621037 1.9334997914743632 -1.0493065668502852 -0.802143809903089 1.3867811190270636 0.6959626468669653 -0.2935383493208197 0.7141725385090616 0.3922042058613069 0.47461574629544123 2.1595767580186314 -0.8895811020088107 -1.140892471268528 2.121616786079435 -0.7956604839530508 -0.26531785352582826 1.726425192167682 -1.184095099302106 1.7360044611478427 0.30495925371059174 0.06613963846723903 1.664715790001573 1.9869741571451103 -0.2731937445245116 -1.2896676121340858 1.3248765753030252 1.0979315031462449 1.1984448031735286 0.9039546592476104 1.4808340104876272 -1.0717513586002596 1.5014108786683167 1.3282327557928533 0.8416451723775926 1.413270220442247 -1.1737756487178266 0.6568456583789561 1.4511268966707667 1.182798712876432 0.01873850215572781 2.1688116041677454 0.1812719282447124 -0.5565832798021666 1.6829496676415485 -0.6639427311820632 -0.05261045222240357 1.26345878830978 -0.37580088999610983 -0.1053505061410327 0.4924115454536808 0.7351397871456025 -0.3394419504654711 0.4722938143410081 1.4684141191766218 0.9149758225427795 2.440951392848265 -1.648037527477909 0.5090863657664648 2.502300701428505 1.689240467580275 -1.3624865862783153 1.3188110042542576 0.058676300412699334 1.415199559763883 1.7471739166763898 -0.8439673285694854 -0.21115706387620237 2.0337836335359887 -0.7755988444569244 -0.5067954347766874 2.5759570388769437 -1.153807185554658 -1.7694546661640425 1.7285616772683363 0.9423600645672428 -0.07483580880237461 0.4695384699265657 0.4100403073016927 1.4176248809356775 2.520873843569859 1.1583491185281296 0.878717768261817 2.472761314265924 1.214585497633654 -0.007692528985589364 1.4331525568946846 -1.743203822920384 -0.7988914765186477 1.659888454860676 -1.6351963079597456 1.2146406651138413 0.38019628252004095 1.1294120359020121 -0.5334450176789554 1.7924761390511372 1.4336075231578247 -1.3867088055227041 1.503019618153194 -1.7180638906074581 -0.8803782996267827 1.1364123083500797 -1.261355194614549 -1.194081740774354 0.82927426669963 -0.8011098211269493 -0.2589246899015232 1.3105408183739755 0.07976995821777244 -0.47038731913720744 1.7390352458207294 -0.9438076009729994 -1.2332877980979713 2.239302452815389 -1.7447441612021695 -0.3566513516178744 2.4927334660943274 -1.7786276546094946 1.3867656489080706 1.8258655517698543 -1.7795138873847878 1.390618497292447 0.8183573553149739 -0.2932296517660493 -1.081274934323639 0.996352359078789 0.6852528847374704 -1.5712426545113998 1.9229859770423017 -1.5228204729760515 -0.41496889402263193 1.4989687137675125 -0.042837334049379505 -0.08152039296082036 0.4186420088389196 0.7740120757559381 0.05471698114846557 1.5466031028008491 -1.2741415271105678 -0.8062246315446497 0.3775195636228993 1.0875711811581013 0.5925567475489497 0.6935802607166752 -1.087819825596672 -1.3058427541901705 2.356304544350065 1.061062226869568 -0.7328331620975894 0.78462346129723 1.725951335398401 1.409695228929187 0.5044349630476308 1.3285474417454874 0.15502673863747685 2.352694925834895 -0.8594917911878209 0.8328162995131929 1.5225312656027292 -0.7602323819547487 1.1594852032461807 1.2890751188605352 -0.7281501156961876 1.4984474712047045 0.8967876457564294 -0.9466438337314157 0.2641356944370006 2.317394694231824 0.029272122104790688 -0.5992237578489819 2.3432214181437194 0.9474384836779322 0.7976570283727866 0.4172956299997729 -0.7961493240170714 -1.5033670221369047 1.7182484973580772 1.2880898917141776 -1.3413823307572643 0.5264695543805619 1.6163021122854822 -0.664254280654613 0.7458236213834438 1.6658988877816532 -1.3480803946426172 1.1771896864640627 -0.8615053869426923 -1.1119012125818037 0.8386874897535745 -1.2545425379860795 -1.5178439460573074 2.0248768793669574 -0.5322961294862434 0.9992088701676944 2.2870940425473423 -0.7648603879809006 -1.3778904514809986 0.9845033830036467 0.8124936140029313 0.1521906407226019 0.4276000008804648 1.6635904006892612 0.12929481378525298 0.3352378808607881 -1.0330347508774744 0.38187585622413356 0.8389900202681155 -0.19928581224801634 0.7146417364028748 0.3597148502377586 1.7239774472089116 0.6787499632349376 0.3619784113426897 -1.5827426239680724 0.2726703434698565 1.24152465812564 1.19221924535794 -0.4889826051065733 2.109618583641175 0.8220077056073658 0.6637348407473607 0.7013770910639384 -0.35348361290423247 -1.7874808234134882 1.3067248066282962 0.16260804011980046 -1.421212742974057 1.4450627186426126 -1.793640346736279 1.3973348653796471 0.8910880204040275 -1.6284994629245464 -0.4665905628086693 2.4673482699156937 1.597639592995442 -1.5020338730438225 0.4449207800652764 -1.626952077886735 -0.26089713530296543 0.8713195871302217 1.4504046444998655 0.2204625613726232 2.532559893844749 1.4404448537624497 1.3591064647093678 1.4596162404456436 0.9788597648528696 0.982131904071424 1.8541459741227178 0.6685287230915893 -1.566690862907485 1.6056051803780909 1.2716303998964433 0.18083620162988234 0.4181804783905601 -1.505658746701231 1.6039075455611311 1.774407968165496 -0.3173904743559346 -0.24453614665062173 1.1530960720485472 0.35091931286822553 -1.6992613526233618 2.074973974389999 1.116354893343212 -1.5065655614479923 2.3104911706305704 -0.7089896367523933 -1.0931544889503684 0.961663177784962 -0.9550060721393192 -0.9232270153415795 1.0147317186409415 1.406702609877147 0.2144369836365294 1.7744005724806637 1.5714199413576886 -0.31425636823354575 0.5936324526293338 1.0757915363096007 1.4767422036236189 0.8975550633303329 -1.5315400582234744 -1.7746050341290547 0.7328104416674179 -0.25851127531369666 -0.010678839776808058 0.5468416123322246 1.1938073543922465 0.9247430732980988 2.0535332719420794 -0.232995584190538 1.4809882931711147 0.5486095339688637 0.04746938771361453 -0.2817672752397511 0.46878223425185583 1.4293843217688857 -0.9869373810293433 1.8521486141055301 0.3659967019372392 0.5024724908355636 1.020827627055888 1.4698289435643452 -1.6305028140306521 2.1304196749928725 -1.206915787311586 1.4538225250138346 2.5994752988159706 1.3072522686421226 -0.24312664579857102 0.9751755021176298 1.4441874018681629 -1.045235821932308 1.140722469943288 -1.605280884549511 0.09607077038940126 1.4124998195772276 0.2591388191075923 -0.9654801018265925 2.333014271393001 1.3011023236358585 1.4265809972792567 0.31777029482302915 -1.269876349518269 0.602668488357381 1.1960009075687366 -0.47404232667770896 1.4047991075809858 2.3560550065873898 1.5542835850740724 -1.614358852622242 2.0999705987196062 0.6807116330742955 -0.6457042533456747 1.5593410961913954 -1.0416001384356866 0.14107719336236713 0.9671345333093431 -0.36363871039473716 -0.5630953461385213 1.4728441422867447 0.679014993269287 -1.4085988036181027 0.7932752923777988 1.6184082382578266 -1.0009992737642048 1.896859991398425 0.7937294818145892 0.7388817832547117 2.3904385991706234 -1.3133475711649527 0.46215824484592605 2.5296698303778076 0.23591939941680917 0.07485834776928746 0.7726292180207591 1.3227932622871619 -1.0806108781451456 0.3035587348518655 -1.2364550227018012 -1.795989401379487 1.5799024815617617 -0.19523770886174852 0.24567039190716922 1.4715903972827038 1.4030613023679528 0.6266389987722436 0.4025279994273726 0.052292814204646154 -1.0185242086922486 1.1407837569753945 1.310522514642418 0.23629607506512307 0.9619645383711268 0.024706782295185414 0.40139932321346516 2.3461249444791203 1.1209940257582451 1.006963859124917 1.4132283150079197 -0.8878225374839476 0.43319173683885226 0.41348000041968325 0.35501188674153394 -1.47874490426778 0.5579936824759675 -0.21040019966395196 0.04647799303083899 1.7355074513120257 -1.4203350350349009 1.4827239083986183 2.4466058606417893 0.9876304563090457 1.6674937256171123 1.4154363961307885 -0.7775838636811356 1.3444962999203207 2.2563170015737337 -0.9548081882033774 -1.5724559360287347 2.4496932122190485 1.4478100749318255 1.7688859933078607 0.5537057067340521 0.11873377960598219 0.2896788374818351 0.8266607030437789 -0.22150050212674244 -0.9231532000900395 0.35827687192133717 0.07163930635934879 -1.4675940426572687 1.6108394098477103 1.0224414222333753 0.7543058805279197 0.8356889758753281 0.8927093974503044 -1.1688791469235187 0.843826902814794 -0.2791908471889739 -0.34336123075441405 2.558456230719316 0.3167095667449902 -0.9566497169721223 1.4577547017002501 0.05268007858446344 0.9610961376930927 1.0824273643118119 1.428679244923517 1.072790826446495 1.2109738582714027 -1.2402808779020527 0.043112684644804666 1.5086706881177192 0.19835502759618984 -1.455954599248937 1.3088726207771944 0.5239831042896455 0.7035954834946023 2.177230269415414 -1.104749229731289 -0.2277543281959924 2.4629074647857707 -0.0797152068801168 1.4857809909985267 0.7647278430668358 -0.03355656565990728 0.5493080432184694 2.007925015417255 -0.12513789677130127 1.3424491976964845 2.298117328432577 0.608952472410665 -1.1391155618871778 1.004692688706832 -0.260899256565547 1.2794179420725011 1.502529858080491 -1.7207854297054404 1.444336412721271 1.9316809089952318 1.1456146768040705 0.04759331872295802 1.1855341819776952 0.20450313250174745 -0.012636988840435626 0.8443501982657935 0.76748898185656 0.4383958737145559 1.6325383456716906 0.1659143073441467 1.3972534220902342 1.3975511371539897 -0.06592178721267516 -1.1610525325878864 1.9153545195277017 -0.6804278788675671 1.5268048724972612 1.599383926659733 -1.426966933059299 0.09516797731758642 0.5727108383514076 0.31891172373976784 -0.9994369439857264 0.9289167068303719 -1.2130720541121534 0.22652096294523827 1.166316220892784 0.5719846308234982 0.34415917376384164 0.4900979327714492 -0.06748694150223744 -1.7271054852658436 0.3939192228279945 0.4952826731221369 -0.5107135772685214 1.7306262878629632 0.6117609286648105 -0.3901745289738161 2.369330270474352 0.2984767006329505 -1.1130396443121757 1.6563298791618666 1.1405435581574526 -1.744434401681604 0.40608528048539894 -1.4009154896285352 -0.2578925765150841 0.8134383569231565 -1.7093409167660056 1.0973583875801862 1.6799742618686768 -0.2822262123788213 -1.0120679176739031 0.4296888031037167 -0.12346233543621143 0.5941567579963183 2.357721304815563 -0.28294256243734095 -1.1299109411166262 0.9951594660089853 -0.43073215350483207 1.3868841310317068 1.0327248179777049 -0.15750621703259737 -0.21409519052137393 1.7713827409945992 0.6325927565845053 0.0281258528365258 1.459070600760003 -1.6465051536888973 -0.2715234538796114 1.0692794619697767 -0.29051644998657955 0.17858878019193747 1.3060959396265803 -0.4684937190652414 0.9455657167065652 0.4233988724431803 0.6979763480229122 1.7634740216987586 1.7438601088454457 0.09654015078087719 1.220534590122673 0.5602668755694333 -1.3134327162007657 1.256786022141824 2.052994179581746 1.5401232521280466 0.026773880535905237 2.396347469136442 0.271341827749638 -1.4699069624294008 0.3571824182762668 -0.5440406179610358 0.49658725665395465 2.2161936406612357 1.0829013416093571 0.34580401559337104 1.0267079959231298 -1.2835161419697152 -0.21188481357079558 1.033779376937615 0.47905288442550487 0.16292627110844782 1.2192215460861082 0.347868988215432 0.08085557278424971 1.2018149670383822 1.7249547608836278 -0.8273246479117474 2.4951816882476066 -1.6759036369691263 1.5800582336209092 1.4726045108671857 0.7294416972414777 -1.112958517597343 2.4096527187272496 0.5594769358319491 -0.8962768928752406 0.9624651038785095 -0.25410107017480166 -0.017992539368316685 0.37411195111748025 0.1005376645511249 0.6103986791949045 1.2055783252251404 -1.4565402962329954 -1.0167316980317638 0.39356845838794924 1.0146953419125222 1.5824197084062506 0.3833958734471261 -0.5255089048371795 -0.035850747401852345 0.47204511273844474 1.5646889736538931 -1.5402912241900346 1.8285591513870953 -1.059987562266322 0.8887818184014697 2.585658823590966 -0.25168471962235506 1.6909491898257178 2.455413420860312 1.5852832835106352 -0.08330006034935455 1.0271295808855376 0.5823728339707006 -0.735469521831311 0.5362584260616692 0.9988711338334 -0.85200381721236 0.3536854833247751 0.8074720861074749 -1.0648411307758199 1.3495067055816325 0.8743607798659088 -1.546526414350484 0.8567129803737037 0.10587295435254229 -0.11777076221486293 0.6910770277978908 -1.0115675014398295 1.4509628036891644 0.7107124495005799 1.2388783088373192 -1.453981118865582 1.986998825643457 1.4311737615674158 1.5443452743823782 2.53878510240869 -0.9332583753091498 -1.7868799205641632 2.097379424801603 -0.19118847528699456 -1.228473601428736 1.68722405208698 -0.8767491215865536 -0.5968697165194312 1.2348744211617992 -1.7804216155139079 1.3802529015256029 0.5402160128435991 1.4643231930912906 -1.4087603681870249 2.4429547800839075 -0.009729699054608298 -0.11545571300406787 1.662054269811561 0.39044655679953855 1.2327829045427279 2.390296464666884 0.5073839592503127 -1.7391818888191755 1.5474795032158593 1.4317220257249883 1.5913791134845041 0.7027788778840055 0.9886483636679169 -1.5326368699535546 0.6439339909213639 1.107679798685228 0.13021296349469091 2.3394149624358374 -0.4806875575370746 -0.5016516067023837 2.3197961417772635 -0.23213647184576214 -1.135234925410601 0.4171640147141907 1.53057311023871 -0.3921622117025272 0.5820953949940253 1.471094286007767 0.10626364131301469 1.880742236477349 1.6446627322389877 -0.21364892664803659 1.1922224096653458 -1.2087616618567634 -0.7668073157522275 1.2117083006748173 -0.3202156770234188 0.8133072248008808 0.5589478701519426 0.08087111792692014 1.5960182166508423 2.178684480281692 0.03461877816906611 0.6286526589418331 0.8741502433924078 1.0060453373331864 0.2177720816450781 0.42015085036325894 0.9789718776447194 -1.2967631545330085 1.2204480691891673 1.4619563600624448 -0.5782756233013551 0.41400374094944625 1.2897666139178667 -1.4667809773476266 0.4350639318577992 -0.6496313303146961 0.3182834232321865 1.0601527310890115 0.814339981410954 0.09003357198485662 0.7450943404670258 -1.2838605961851561 -0.17776242954210209 2.282928958768234 1.3290377610100383 -0.716777816497105 1.4887256067039862 1.3475900388475621 1.0848138319542115 0.7819512907441363 0.008757331229942933 -0.8526617328646179 0.5484202723705983 -0.3043228402481024 -1.1700890573637905 0.4815637202736061 0.12088947752368595 1.7968744824773986 1.792283077684832 -1.652523081178974 -0.18663683548055032 1.608098465852758 1.3549322695900277 0.15696701872701313 1.3208547614505388 1.1938760109719306 0.6781059645780989 1.2360246848283423 1.3272451461707753 -1.2577128919326739 1.847281323960446 1.7887679018793647 -1.3895457650791354 0.5362163913290965 -1.2512360531603552 1.7026885232876234 2.58212376930492 1.744840446330185 1.386087813477597 0.5917791782333173 -0.6650122200426893 -0.5906962523556589 2.112269003343469 0.6761870088901041 -1.2861827130299055 2.5869054167094463 -1.1183366772662122 1.2693526166763556 0.31771866258049886 0.5226895456753426 0.4689378394293897 2.0158700945551202 1.462491812024987 -1.0029178910942915 2.320200050633819 1.591490622146141 0.509995650381007 2.2239049754790483 -1.3807065912413736 -1.3036257975611727 1.64929283338988 0.7676428295334385 0.871292904442645 2.1335833830779993 0.8627543758774523 -1.721589924392291 1.3883171920643977 1.5175065335976339 -1.49152846519009 0.4601261127244784 0.5107604323385384 -0.9283399008627526 1.9961537372742812 0.03602058902518235 1.305954965970338 0.3121028629120243 -1.4954354885057235 1.4961836326248388 0.934397443453113 1.0289051082353031 -1.3820738408796347 2.069900914133449 -1.3312314153356064 0.7728592617728574 2.01702496395154 -1.4440735157813456 0.9527427813168774 1.4819303276723805 -1.4392499005411736 1.5321903148354783 0.6560302912310458 -1.5243996920495948 -0.4038105014143447 2.117806152613731 -1.6132559956617498 0.40485940042067736 0.6733729443645872 0.02818785497992571 -1.018313418501207 0.3587340898939963 1.2618103823298747 0.01915948903768272 2.2373137074943688 1.2233366014913762 -1.4543209889502469 1.1930321256311323 0.3278515495278589 0.5166620203670116 1.458730678424091 1.4926726389941265 1.0253933117897411 1.0953724631242654 1.468916740338975 -0.21918677037688972 0.33970375159518607 -0.33064577272582807 0.025963143914935705 1.1236209818524197 -1.1742486791296796 -1.0274833977123667 0.8555930180008855 -1.4292091910064848 0.24219530112174392 0.6406787114414718 -1.3967720305909492 0.48219365015278526 0.7162854687176 1.2030800998248965 -0.12054952068309177 0.40088180486195224 0.7036675621392432 -1.7097677987347664 2.3376516277976696 0.8997099549850847 0.9198990726113261 1.0647508238827061
KBOOL 1 1 1 0 1 1 1 1 1
KINT 2 2 15 2
KFLOAT 0.2 1.0 0.5 0.0 2.0 0.1 0.5 0.5 1.0 5.0 1.0 0.5 5.0
PREDTIMES 0
PREDSAMP -1
DIM 33 33 12
ORIGIN -3.63 -3.63 0.07999999999999985
NPRECARVE 0
NPTS 64
PTS -0.6 0.4 1.3 -0.19999999999999996 0.4 1.3 -0.6 -0.09999999999999998 1.6 0.0 0.0 1.4 -2.904 -2.904 0.608 -2.904 -2.904 2.192 -2.904 0.0 0.608 -2.904 0.0 2.192 -2.904 2.904 0.608 -2.904 2.904 2.192 0.0 -2.904 0.608 0.0 -2.904 2.192 0.0 0.0 0.608 0.0 0.0 2.192 0.0 2.904 0.608 0.0 2.904 2.192 2.904 -2.904 0.608 2.904 -2.904 2.192 2.904 0.0 0.608 2.904 0.0 2.192 2.904 2.904 0.608 2.904 2.904 2.192 3.9620662231764654 -2.674303674282379 0.5646019751739186 1.2186217779874666 3.3379964697037106 0.2649972756883272 2.1704275798258643 2.3818085128190316 0.8679184372160541 0.7787444594964188 1.815323486936299 2.8951980938870747 0.6855548433773859 3.087860371624559 0.1701629516037646 -4.418484287629543 4.0520216175524055 0.29851270348695624 -3.913120800208099 0.7666036508717071 0.4793178415022204 -2.778697566991049 -1.4730417203081858 0.22628168913432872 4.202679965827437 -1.923230590069311 1.8667041931538986 -1.7900786422318746 0.7892541711320562 0.19832237078731663 0.9827517404593977 -0.10083963863599266 0.11420059650602585 0.1861116127008704 2.761039562681271 0.9106410482756997 -4.305550926756505 -4.1978298410730055 1.31362521455307 4.43266481890598 0.8539056322714278 0.0341463516174178 1.2781738992036602 3.246544319268558 1.7828559380754432 -1.3640125600742974 0.6662553161193565 1.616058665475466 -3.5269885147162197 0.6601091515761497 2.968102403300146 4.561139657511568 0.1870529373266221 0.05137547054759309 -4.238650860916904 3.0595322850807 1.203176814832399 -0.4549664499998012 -0.7582293574731467 2.3378693835115145 0.39581412582124464 1.6472263044185396 0.014808652701641417 -1.8454152272183981 -0.8766527812820653 2.567266369665206 -3.824656235223044 -2.8305860911056486 0.8081343453967046 -3.2428503370491493 4.474808056632728 1.6541400503684818 1.550435521986048 -0.6468360421292365 0.46852200375075487 0.6147012308160451 0.6045746261455549 1.4728596323175727 -3.9585167472834644 -0.5246048015936808 1.0219477359884075 4.441232076016927 -1.1723806681838824 1.3425454177094078 3.08575713101219 2.484991364580487 2.694020809589981 3.137840694321603 -4.105957860222773 0.5456115116679868 1.6564925916419555 4.025942098431182 2.952425715698894 2.3837282983378185 2.6321932845113385 1.1498592179724967 0.8824504072299288 3.9936325334819522 2.7471722857354743 0.7662058583989535 -0.900251909011903 0.4326630648332638 -4.005025559010425 -1.0729729601529008 1.5103274218041145 3.064172757917522 -1.7337087642490117 1.3125630623202316 0.3535476206144357 -1.3511817865841405 0.7875740337316972 -0.5378684755826746 1.7739854033010238 0.4515529712467182 2.472795073825678 4.5741076800272555 1.730884106885663 -3.957144709437462 -2.042324999862159 0.46842955830860694 13.52 13.52 12.61 -11.52 -11.52 -7.8100000000000005
FCFP -0.43999999999999995 0.8799999999999999 1.7299999999999998 -0.21999999999999975 0.8799999999999999 1.7299999999999998 -0.8799999999999999 0.4400000000000004 1.95 -0.21999999999999975 -0.6599999999999997 1.0699999999999998 -2.86 -2.86 0.6299999999999999 -2.86 -2.86 2.17 -2.86 0.0 0.6299999999999999 -2.86 0.0 2.17 -2.86 2.8600000000000003 0.6299999999999999 -2.86 2.8600000000000003 2.17 0.0 -2.86 0.6299999999999999 0.0 -2.86 2.17 0.4400000000000004 0.0 0.18999999999999984 0.2200000000000002 0.0 2.3899999999999997 0.0 2.8600000000000003 0.6299999999999999 0.0 2.8600000000000003 2.17 2.8600000000000003 -2.86 0.6299999999999999 2.8600000000000003 -2.86 2.17 2.8600000000000003 0.0 0.6299999999999999 2.8600000000000003 0.0 2.17 2.8600000000000003 2.8600000000000003 0.6299999999999999 2.8600000000000003 2.8600000000000003 2.17 3.5200000000000005 -2.6399999999999997 0.6299999999999999 1.3200000000000003 3.3 0.18999999999999984 2.2 2.42 0.8499999999999999 0.6600000000000001 1.7599999999999998 2.6099999999999994 0.6600000000000001 3.08 0.18999999999999984 -3.52 3.3 0.18999999999999984 -3.52 0.6600000000000001 0.40999999999999986 -2.86 -1.54 0.18999999999999984 3.5200000000000005 -1.98 1.95 -1.7599999999999998 0.6600000000000001 0.18999999999999984 0.4400000000000004 0.0 0.18999999999999984 0.2200000000000002 2.8600000000000003 0.8499999999999999 -3.52 -3.3 1.2899999999999998 3.5200000000000005 0.8799999999999999 0.18999999999999984 1.3200000000000003 3.3 1.7299999999999998 -1.54 0.4400000000000004 1.7299999999999998 -3.52 0.6600000000000001 2.6099999999999994 3.5200000000000005 0.2200000000000002 0.18999999999999984 -3.52 3.08 1.2899999999999998 -0.43999999999999995 -1.1 2.17 0.4400000000000004 1.54 0.18999999999999984 -1.98 -0.8799999999999999 2.6099999999999994 -3.52 -2.86 0.8499999999999999 -3.3 3.3 1.7299999999999998 1.9800000000000004 -0.6599999999999997 0.40999999999999986 0.2200000000000002 0.8799999999999999 1.7299999999999998 -3.52 -0.43999999999999995 1.0699999999999998 3.5200000000000005 -1.1 1.2899999999999998 3.08 2.42 2.6099999999999994 3.08 -3.3 0.6299999999999999 1.7599999999999998 3.3 2.6099999999999994 2.42 2.6400000000000006 1.0699999999999998 0.8799999999999999 3.3 2.6099999999999994 0.6600000000000001 -0.8799999999999999 0.18999999999999984 -3.52 -1.1 1.5099999999999998 3.08 -1.7599999999999998 1.2899999999999998 0.0 -1.54 0.8499999999999999 -0.6599999999999997 1.7599999999999998 0.40999999999999986 2.42 3.3 1.7299999999999998 -3.52 -1.98 0.40999999999999986 13.52 13.52 12.61 -11.52 -11.52 -7.8100000000000005
HNFN 1 1 1 1 1 1 1 1 1 1 1 1 1 1 1 1 1 1 1 1 1 1 0 1 1 1 1 0 0 1 0 1 1 1 0 0 1 1 0 0 0 1 1 1 1 0 1 1 0 0 1 0 0 1 0 1 0 1 1 1 0 0 0 0
NSEG 42
SEGS -1.6 0.4 1.3 0.4 0.4 1.3 -0.6 -0.6 1.3 -0.6 1.4 1.3 -1.4 -0.4 1.0 0.20000000000000007 1.2000000000000002 1.6 -0.6 0.4 1.3 -0.6 0.4 1.8 4.440892098500626e-16 4.440892098500626e-16 1.3999999999999995 1.0000000000000004 1.0000000000000004 2.3999999999999995 4.440892098500626e-16 4.440892098500626e-16 1.3999999999999995 1.0000000000000004 1.0000000000000004 1.3999999999999995 4.440892098500626e-16 4.440892098500626e-16 1.3999999999999995 1.0000000000000004 4.440892098500626e-16 2.3999999999999995 -3.52 -3.52 1.4 3.5200000000000005 -3.52 1.4 0.0 -4.52 1.4 0.0 4.5200000000000005 1.4 0.0 0.0 1.4 0.0 0.0 1.4 2.0871595467801343 1.6476755151772937 0.7749130111662484 3.3507600192680465 -1.9090711212628364 0.05005963335196997 1.2582344184020813 -3.850016817261489 2.3731844858723754 -3.8571966564524205 -2.1622302519241874 2.749560093256033 -2.5576280753033585 -1.861834858961922 1.1943038916737905 -0.5026573746210818 -3.6664887471496144 0.17489436034381248 2.451664727057851 1.6189377381816201 2.8399234214312283 -1.86845836315452 -1.0557150989880806 1.5164061997572147 -2.239306816733278 1.3030837972339664 1.8832606617888556 -1.342630953075127 1.6761250809586792 2.5600332407946174 0.650724750512691 -2.6615343903895345 1.1041268701655322 1.9604847404227548 -3.3706818344227485 1.4249933989286139 -3.356942705131067 1.0444418562966988 -0.035331222528194234 -2.8054417308135604 -3.5963712932994567 2.0210185917255874 1.8814810883540836 1.3334161185996902 1.875933913098017 1.2496047808936326 -2.9017802150335985 2.776894917402149 -2.0340187473675333 -0.8353482351503252 0.5236266774399145 -0.7277175400209988 3.5880908543734535 1.4079232241192594 -1.2721008045615712 -2.6606162417759807 2.0762739159847103 3.7255948257375313 -0.6940637324360859 1.2281321758824149 0.8810537225144848 -3.3066807372607636 1.0194205776981282 0.5754017014747412 -3.244113870102698 1.1946010082966105 -2.6578756971979614 -1.582483930894098 2.4102339351539777 3.6213603327785973 1.5604585806935654 -0.03873539532766268 -1.8207817082883846 3.995614573551514 2.223788341206192 -2.849820862330423 -1.4831190641099452 2.7500276017471124 1.1185591931231165 1.2438677342922744 2.2593188656925194 1.146824063946236 -1.2729966642577124 0.6999833611265771 0.25641739199029123 1.7690018162553405 0.5348573377168717 4.044176808069949 -0.014212893171401841 1.201549468857019 2.4526143665824693 2.4910332733187377 1.8161561305277232 -2.5067651761790994 -0.8343295115792495 2.6215893997969717 2.76502006641562 1.8471479256979868 0.14893628271589446 1.6566294453558288 -0.9459804557850462 1.9657256187447953 -2.354514715884556 2.4797572025079195 0.7168930087380658 -2.6119808034133607 -3.0365176526250566 2.8508858511286848 -1.7762645536630282 3.713486604875009 1.4018262668231638 1.518579900471393 1.241461383298644 2.465603419167106 -2.020306645949741 4.078939248527753 1.9160488254987778 2.4883747644248024 2.4608658884488626 1.0211950214328898 -1.6058734002942954 -1.027198070608771 1.0184768366495431 3.4735307696324997 -0.7953909241478891 2.734505800271697 -1.5533560846444887 -3.2706171434973936 2.0360388919411525 3.3614889853090024 -3.575304086526663 0.9733626193537823 -2.35713600391656 -1.2997291576427292 1.0498950141417105 -4.183196964744622 3.8236386942642633 0.6051877492231829 -0.5557519107483317 1.2604298583915328 0.6786895540087433 1.5182022194025238 -1.6747184912836912 2.7062482723828474 -2.992791405552266 -0.5167638886427208 1.974554603076215 -4.148802433670798 1.5740437577222912 2.105945274418637 1.9553202963350071 -1.3285378735949909 2.03478830013362 1.1105201864302576 -2.0578512188280564 2.0692969452944814 -2.680599215953144 -0.3749219414132461 1.8938932910114148 -3.55857069046078 2.190432519346199 0.24214121142846148 -2.3854896246307167 1.5524376389075276 1.9892753927654363 2.3201618506059387 -3.793244066524072 0.5755066031574549 2.573430918342654 1.2703975970766481 0.5465033054884783 0.35794139889944754 0.823315811887253 2.4620463849236742 0.17907054336353267 0.3217735780886777 1.2256819785384367 -0.7396280664191752 -0.6732049812080456 0.9329484250765399 -5.52 -5.52 -1.81 0.0 0.0 1.4 0.0 0.0 1.4 6.5200000000000005 4.0200000000000005 3.6099999999999994
BLK100 1 1 1 1 1 1 1 1 1 1 1 1 1 1 1 0 1 1 1 1 0 1 1 1 1 1 1 0 1 1 1 1 0 1 0 1 0 1 1 1 1 1
BLK0 1 1 1 1 1 1 1 1 1 1 1 1 1 1 1 0 1 1 1 1 0 1 1 1 1 1 1 0 1 1 1 1 0 1 0 1 0 1 1 1 1 1
RADII 0 1 2
LOS 0 0 0 0 0 0 0 0 0 0 0 0 0 0 0 0 0 0 0 0 0 0 0 0 0 0 0 1 1 1 0 0 0 0 0 0 0 0 0 0 0 0 0 0 0 1 0 0 0 0 0 0 0 0 0 0 0 0 0 0 1 0 0 0 0 0 0 0 0 0 0 0 0 0 0 0 0 0 0 0 0 1 1 0 0 0 0 0 0 0 0 0 0 0 0 0 1 1 0 0 0 0 1 1 1 0 0 0 1 1 1 0 0 0 0 0 0 0 0 0 0 0 0 0 0 0
CWCOUNTS 0 4375 8693
NCARVE 3
CARVE_CENTER -0.6 0.4 1.3
CARVE_D 0.6
CARVE_N 3
CARVE_NCELL 81
CARVE_CELLS 9 14 1 9 14 5 9 14 9 9 18 1 9 18 5 9 18 9 9 22 1 9 22 5 9 22 9 10 14 1 10 14 5 10 14 9 10 18 1 10 18 5 10 18 9 10 22 1 10 22 5 10 22 9 11 14 1 11 14 5 11 14 9 11 18 1 11 18 5 11 18 9 11 22 1 11 22 5 11 22 9 12 14 1 12 14 5 12 14 9 12 18 1 12 18 5 12 18 9 12 22 1 12 22 5 12 22 9 13 14 1 13 14 5 13 14 9 13 18 1 13 18 5 13 18 9 13 22 1 13 22 5 13 22 9 14 14 1 14 14 5 14 14 9 14 18 1 14 18 5 14 18 9 14 22 1 14 22 5 14 22 9 15 14 1 15 14 5 15 14 9 15 18 1 15 18 5 15 18 9 15 22 1 15 22 5 15 22 9 16 14 1 16 14 5 16 14 9 16 18 1 16 18 5 16 18 9 16 22 1 16 22 5 16 22 9 17 14 1 17 14 5 17 14 9 17 18 1 17 18 5 17 18 9 17 22 1 17 22 5 17 22 9
CARVE_OCC 100 100 100 100 100 -1 100 100 100 100 100 100 100 0 -1 100 -1 100 100 100 100 100 0 100 100 -1 100 100 100 100 100 0 100 100 100 100 100 100 100 100 0 100 100 100 100 -1 100 100 100 0 100 100 100 100 100 100 100 100 0 100 100 100 100 100 100 100 100 0 100 100 100 100 100 100 100 100 100 100 100 100 100
CARVE_CENTER 0.0 0.0 1.4
CARVE_D 0.45
CARVE_N 3
CARVE_NCELL 81
CARVE_CELLS 12 12 2 12 12 6 12 12 10 12 16 2 12 16 6 12 16 10 12 20 2 12 20 6 12 20 10 13 12 2 13 12 6 13 12 10 13 16 2 13 16 6 13 16 10 13 20 2 13 20 6 13 20 10 14 12 2 14 12 6 14 12 10 14 16 2 14 16 6 14 16 10 14 20 2 14 20 6 14 20 10 15 12 2 15 12 6 15 12 10 15 16 2 15 16 6 15 16 10 15 20 2 15 20 6 15 20 10 16 12 2 16 12 6 16 12 10 16 16 2 16 16 6 16 16 10 16 20 2 16 20 6 16 20 10 17 12 2 17 12 6 17 12 10 17 16 2 17 16 6 17 16 10 17 20 2 17 20 6 17 20 10 18 12 2 18 12 6 18 12 10 18 16 2 18 16 6 18 16 10 18 20 2 18 20 6 18 20 10 19 12 2 19 12 6 19 12 10 19 16 2 19 16 6 19 16 10 19 20 2 19 20 6 19 20 10 20 12 2 20 12 6 20 12 10 20 16 2 20 16 6 20 16 10 20 20 2 20 20 6 20 20 10
CARVE_OCC 100 100 100 -1 100 100 100 100 100 100 100 100 100 0 100 100 100 100 100 100 100 100 0 100 100 100 100 100 100 100 100 0 100 100 100 100 100 100 100 100 0 100 100 100 100 100 100 100 100 0 -1 100 100 100 100 100 100 100 0 100 100 100 100 100 100 100 100 0 100 100 100 100 100 100 100 100 100 100 100 100 100
CARVE_CENTER -1.452 -1.452 0.8719999999999999
CARVE_D 1.0
CARVE_N 5
CARVE_NCELL 78
CARVE_CELLS 3 3 3 3 3 9 3 9 3 3 9 9 3 15 3 3 15 9 4 3 3 4 3 9 4 9 3 4 9 9 4 15 3 4 15 9 5 3 3 5 3 9 5 9 3 5 9 9 5 15 3 5 15 9 6 3 3 6 3 9 6 9 3 6 9 9 6 15 3 6 15 9 7 3 3 7 3 9 7 9 3 7 9 9 7 15 3 7 15 9 8 3 3 8 3 9 8 9 3 8 9 9 8 15 3 8 15 9 9 3 3 9 3 9 9 9 3 9 9 9 9 15 3 9 15 9 10 3 3 10 3 9 10 9 3 10 9 9 10 15 3 10 15 9 11 3 3 11 3 9 11 9 3 11 9 9 11 15 3 11 15 9 12 3 3 12 3 9 12 9 3 12 9 9 12 15 3 12 15 9 13 3 3 13 3 9 13 9 3 13 9 9 13 15 3 13 15 9 14 3 3 14 3 9 14 9 3 14 9 9 14 15 3 14 15 9 15 3 3 15 3 9 15 9 3 15 9 9 15 15 3 15 15 9
CARVE_OCC -1 -1 -1 -1 -1 -1 -1 -1 0 -1 -1 -1 -1 -1 0 -1 -1 -1 -1 -1 0 -1 -1 -1 -1 -1 0 -1 -1 100 -1 -1 0 -1 100 100 -1 -1 0 100 100 100 -1 -1 0 100 100 100 -1 -1 0 100 100 100 -1 -1 0 100 100 100 -1 -1 0 100 100 100 -1 -1 0 100 100 100 -1 -1 -1 100 100 100
END
CASE
RES 0.22
PARAMS 28.0 28.0 12.0 0.0 0.0 1.4 0.0 3.0 0.22 2.5
NOBST 1
OBSTPOS -0.6 0.4 1.3
OBSTBBOX 0.25 0.25 0.3
NCLOUD 400
CLOUD -0.5010092621615869 1.2901956783903172 1.1895804272870458 0.8950062791343918 0.7130533604764142 1.447148491647093 -0.3128982116146142 -1.5791051216477896 1.7268812676817402 -0.22075271309193734 -0.3175620281454006 0.876832287905376 1.1429051799549679 -1.3582394128966722 0.40641479505280564 1.2096585470814947 0.4319935167111082 0.32942179207438665 0.1912956747527308 -1.141840768119204 1.3237802263249576 0.715034781780761 1.325877895538339 2.5726623914365976 -1.487566297524395 -1.0149349654775395 2.373579468692445 -0.8988352115020118 1.3494297098618733 0.30400200507471264 1.653950631203492 0.26466870003716747 1.1567445981101192 -0.9503456641870679 0.7675118388878646 0.5298734006741309 -0.11310676901712924 1.6974809492885654 2.537713645720709 -1.6906949249019707 0.2183071426081591 0.9443278372441268 -0.8309390614652269 -0.3677377795219856 0.7514421721259337 1.300659520095073 -0.42577710630158117 0.7296827878667225 1.652465911560516 0.015356381403579311 0.4858072670361338 -0.7043565663555382 -0.7634030311875191 2.3321098996773615 0.04647737397745022 -1.1858713424364145 2.525265924503906 0.9513301361445639 -0.010381002097799685 2.4208389777033856 -0.8566450840726566 0.08635153499519155 1.5808694611526104 -0.42533649221517256 1.4848610214225542 1.5281778057327307 1.7301746534010987 0.2020434744363515 1.6167994402496841 0.28830675209536794 0.4512595650103448 0.49493961576490164 -1.3863285753420471 -0.3527168800070737 0.7103587547481968 1.759489529701063 -0.11864418934272414 0.945752521231237 -0.8193957651388099 -0.4703032527078417 0.5036584557111325 -1.4713978380085702 1.3023313532731102 1.7798871393560183 -0.3687491794433819 1.6003355010513427 1.193222317627526 -0.3296643616245878 1.744579442560865 2.088980696072591 0.2522998403490442 -0.9433926144462675 2.4673449596968973 -0.07943733254858953 -0.7266305342975192 2.0390925424043407 -0.5977484847549841 1.5967647788865358 1.886921457062529 0.15540573046093376 0.3863483402208512 2.5472380000438095 0.3755461167787375 1.0513889453954819 1.0187843210456344 0.5954675728606256 0.1754845094453481 2.453356420675105 -1.2634995417102823 1.6953214097768086 1.5515678858388102 -0.00528722459587061 1.5287527407793118 1.0752632263941082 -0.5033915771203148 -0.03922616025028103 0.33928037992496274 0.42337574966884284 0.788706414357373 1.1577239216943145 1.0271147243851348 0.22898713112913804 2.056206289945636 0.03345140604017405 -0.9967353089139926 2.405234957375405 -0.5966464851123561 -1.2476236870677346 1.7466764000483852 0.6236024776268831 -1.4913841797323204 1.2321038488179448 0.07675683422591884 0.8780462419354123 0.619609772357705 0.07949658620192412 0.8514854393070583 2.08199619098153 -0.26772143427088047 1.4080685017323715 2.0385268811473756 0.7315782696132838 1.361205434957068 2.1077728466851173 1.0237183014811146 1.0894952374270332 2.34153351473571 0.649035901481412 1.1192513216974318 1.787476026315002 0.797732273447121 -1.779060553094518 2.5373720768344548 -1.205705840424711 -0.36488479371489446 0.4733594198317332 -0.056322723625766624 -1.6943353778185946 2.5925098722816045 1.2081421209441594 1.5266215974351376 2.3252287733990458 1.0380740291871973 -0.2384451183276146 2.004801246422843 0.5387746292793925 1.3465385885967713 1.5066561891366648 0.9985845343213462 -0.9128387392437001 0.5729198893441585 -0.6530739026667001 0.34713970505779135 1.2882181332031886 0.21490664402075788 -0.5668833810127041 0.9745852288823169 1.646424856836439 1.2290977415171118 2.2443630747770222 -1.1794478081677977 -0.9002649525420015 0.4606128079149173 1.6639300542060675 0.5398125554448512 2.386473569971652 0.6747324030996567 -1.227770769407687 0.6475446436438536 -1.1340043323260154 -1.5247327259903747 2.3720015958652776 -0.15976237625273604 -0.4694780698465262 1.8817157198375796 -0.28496567934336237 1.0330010752491596 2.0902481879628794 -0.9554375686744322 -1.5892548550432097 2.1303500758291154 1.5770103753641156 -0.20676211675678835 1.6113485488315362 0.6303929923489988 -0.4810038854939127 2.126304793712325 0.4260416456215166 1.7934049232010254 0.5792505787359392 0.9298365280315768 -1.7790378646388347 1.728821107797566 -1.4326808275650997 1.1790751350920654 0.49820247565164394 -0.876918874729733 1.090871990936251 0.8077611073455762 0.20750317815418629 0.6913194378106697 2.2360625139761647 0.892400869333996 -0.8596670783245316 0.9064136237728875 -0.9085310944582152 -0.627487796258136 1.5907949290850498 0.2564594880631128 1.4775972679678617 0.777463417827887 -0.2620486181239541 -1.4548910241459139 1.8930968251229643 1.378775796218689 -0.07820532130348012 2.284510097246024 -0.30262451757918996 -0.44114969354938793 1.561993891461882 -1.0905703469533221 -0.021526697664521643 1.8903427678980362 -1.6612842496038545 -1.6205455774007627 1.0644681173767845 0.18235036810776184 1.2585188507095177 1.6380058374476698 0.4763899629738757 -0.1048705904787175 0.926825382866854 -0.03468533051808387 0.3560495120164682 1.504560706931106 -0.6132095071701535 -1.2168862222102947 0.3891419531492748 -1.4375523715810932 0.7758984120872883 0.9116125471159575 -1.009502527177157 -0.22626569399369445 1.7963167488047942 1.7767472800226585 1.1642050938722928 1.0253760355973314 1.3598535833681822 1.3133907274992633 2.0888470782624866 0.6337114133891208 0.28129895093017043 1.1455911229964273 -0.7469176892891776 -0.23560529244424644 2.09743728783355 0.7448808949283807 0.47264828653220037 0.5227933643934743 -1.3850424406616528 -1.0192492656067884 0.5881759795105671 -0.29799390475413867 0.25652016443098913 2.4618456632116676 -0.6560604250825401 0.023844690247319278 1.5347198666200976 0.47126576799237996 1.255350437211235 2.5720661643108036 0.27755526586940893 1.3380533172951237 1.7941673602046428 1.5129957406959422 0.15541715136033996 2.0296571374806174 -0.026867720968781983 1.7466273774469407 1.766545772077503 -0.2639025499479215 -0.7315948786211552 1.7513605029496457 0.7042074159110447 0.6767920553817242 1.069212364504464 0.1582426663536225 -0.9794648258920897 2.0203307640908847 0.9825661446381277 -0.07409558815869 1.7445354521944256 1.2109719840377735 -0.05984339971405661 2.022865364278904 -1.066859410527619 -1.7631968187995517 1.9608771911228136 -1.7926337828608918 -0.31142177711413854 0.3096453456904073 -0.21993569643078859 -1.0471665576064815 2.542255265282958 0.6756424472501601 1.5676475680732935 1.544588289686857 0.6598490100127246 0.8001667495200186 0.3998269331511576 -0.6689091460616636 1.23418863309148 1.9518454099571445 0.3152813849421323 0.7518167951970158 1.3992472812822054 0.5299174706690979 -0.1440680019042746 2.005147251065917 -1.433850391138005 -0.9490206689446783 0.46217425105403254 -0.20672045976774278 -1.3115962763989348 0.45854053220528335 1.3889091426206084 0.5478550738495265 0.8725353613850257 -0.9792034439058898 -1.6103335486812642 2.1330984570101124 -0.8036187724186735 0.6205158033839788 2.3514891604126364 -0.5679916826262215 1.532999300621037 1.9334997914743632 -1.0493065668502852 -0.802143809903089 1.3867811190270636 0.6959626468669653 -0.2935383493208197 0.7141725385090616 0.3922042058613069 0.47461574629544123 2.1595767580186314 -0.8895811020088107 -1.140892471268528 2.121616786079435 -0.7956604839530508 -0.26531785352582826 1.726425192167682 -1.184095099302106 1.7360044611478427 0.30495925371059174 0.06613963846723903 1.664715790001573 1.9869741571451103 -0.2731937445245116 -1.2896676121340858 1.3248765753030252 1.0979315031462449 1.1984448031735286 0.9039546592476104 1.4808340104876272 -1.0717513586002596 1.5014108786683167 1.3282327557928533 0.8416451723775926 1.413270220442247 -1.1737756487178266 0.6568456583789561 1.4511268966707667 1.182798712876432 0.01873850215572781 2.1688116041677454 0.1812719282447124 -0.5565832798021666 1.6829496676415485 -0.6639427311820632 -0.05261045222240357 1.26345878830978 -0.37580088999610983 -0.1053505061410327 0.4924115454536808 0.7351397871456025 -0.3394419504654711 0.4722938143410081 1.4684141191766218 0.9149758225427795 2.440951392848265 -1.648037527477909 0.5090863657664648 2.502300701428505 1.689240467580275 -1.3624865862783153 1.3188110042542576 0.058676300412699334 1.415199559763883 1.7471739166763898 -0.8439673285694854 -0.21115706387620237 2.0337836335359887 -0.7755988444569244 -0.5067954347766874 2.5759570388769437 -1.153807185554658 -1.7694546661640425 1.7285616772683363 0.9423600645672428 -0.07483580880237461 0.4695384699265657 0.4100403073016927 1.4176248809356775 2.520873843569859 1.1583491185281296 0.878717768261817 2.472761314265924 1.214585497633654 -0.007692528985589364 1.4331525568946846 -1.743203822920384 -0.7988914765186477 1.659888454860676 -1.6351963079597456 1.2146406651138413 0.38019628252004095 1.1294120359020121 -0.5334450176789554 1.7924761390511372 1.4336075231578247 -1.3867088055227041 1.503019618153194 -1.7180638906074581 -0.8803782996267827 1.1364123083500797 -1.261355194614549 -1.194081740774354 0.82927426669963 -0.8011098211269493 -0.2589246899015232 1.3105408183739755 0.07976995821777244 -0.47038731913720744 1.7390352458207294 -0.9438076009729994 -1.2332877980979713 2.239302452815389 -1.7447441612021695 -0.3566513516178744 2.4927334660943274 -1.7786276546094946 1.3867656489080706 1.8258655517698543 -1.7795138873847878 1.390618497292447 0.8183573553149739 -0.2932296517660493 -1.081274934323639 0.996352359078789 0.6852528847374704 -1.5712426545113998 1.9229859770423017 -1.5228204729760515 -0.41496889402263193 1.4989687137675125 -0.042837334049379505 -0.08152039296082036 0.4186420088389196 0.7740120757559381 0.05471698114846557 1.5466031028008491 -1.2741415271105678 -0.8062246315446497 0.3775195636228993 1.0875711811581013 0.5925567475489497 0.6935802607166752 -1.087819825596672 -1.3058427541901705 2.356304544350065 1.061062226869568 -0.7328331620975894 0.78462346129723 1.725951335398401 1.409695228929187 0.5044349630476308 1.3285474417454874 0.15502673863747685 2.352694925834895 -0.8594917911878209 0.8328162995131929 1.5225312656027292 -0.7602323819547487 1.1594852032461807 1.2890751188605352 -0.7281501156961876 1.4984474712047045 0.8967876457564294 -0.9466438337314157 0.2641356944370006 2.317394694231824 0.029272122104790688 -0.5992237578489819 2.3432214181437194 0.9474384836779322 0.7976570283727866 0.4172956299997729 -0.7961493240170714 -1.5033670221369047 1.7182484973580772 1.2880898917141776 -1.3413823307572643 0.5264695543805619 1.6163021122854822 -0.664254280654613 0.7458236213834438 1.6658988877816532 -1.3480803946426172 1.1771896864640627 -0.8615053869426923 -1.1119012125818037 0.8386874897535745 -1.2545425379860795 -1.5178439460573074 2.0248768793669574 -0.5322961294862434 0.9992088701676944 2.2870940425473423 -0.7648603879809006 -1.3778904514809986 0.9845033830036467 0.8124936140029313 0.1521906407226019 0.4276000008804648 1.6635904006892612 0.12929481378525298 0.3352378808607881 -1.0330347508774744 0.38187585622413356 0.8389900202681155 -0.19928581224801634 0.7146417364028748 0.3597148502377586 1.7239774472089116 0.6787499632349376 0.3619784113426897 -1.5827426239680724 0.2726703434698565 1.24152465812564 1.19221924535794 -0.4889826051065733 2.109618583641175 0.8220077056073658 0.6637348407473607 0.7013770910639384 -0.35348361290423247 -1.7874808234134882 1.3067248066282962 0.16260804011980046 -1.421212742974057 1.4450627186426126 -1.793640346736279 1.3973348653796471 0.8910880204040275 -1.6284994629245464 -0.4665905628086693 2.4673482699156937 1.597639592995442 -1.5020338730438225 0.4449207800652764 -1.626952077886735 -0.26089713530296543 0.8713195871302217 1.4504046444998655 0.2204625613726232 2.532559893844749 1.4404448537624497 1.3591064647093678 1.4596162404456436 0.9788597648528696 0.982131904071424 1.8541459741227178 0.6685287230915893 -1.566690862907485 1.6056051803780909 1.2716303998964433 0.18083620162988234 0.4181804783905601 -1.505658746701231 1.6039075455611311 1.774407968165496 -0.3173904743559346 -0.24453614665062173 1.1530960720485472 0.35091931286822553 -1.6992613526233618 2.074973974389999 1.116354893343212 -1.5065655614479923 2.3104911706305704 -0.7089896367523933 -1.0931544889503684 0.961663177784962 -0.9550060721393192 -0.9232270153415795 1.0147317186409415 1.406702609877147 0.2144369836365294 1.7744005724806637 1.5714199413576886 -0.31425636823354575 0.5936324526293338 1.0757915363096007 1.4767422036236189 0.8975550633303329 -1.5315400582234744 -1.7746050341290547 0.7328104416674179 -0.25851127531369666 -0.010678839776808058 0.5468416123322246 1.1938073543922465 0.9247430732980988 2.0535332719420794 -0.232995584190538 1.4809882931711147 0.5486095339688637 0.04746938771361453 -0.2817672752397511 0.46878223425185583 1.4293843217688857 -0.9869373810293433 1.8521486141055301 0.3659967019372392 0.5024724908355636 1.020827627055888 1.4698289435643452 -1.6305028140306521 2.1304196749928725 -1.206915787311586 1.4538225250138346 2.5994752988159706 1.3072522686421226 -0.24312664579857102 0.9751755021176298 1.4441874018681629 -1.045235821932308 1.140722469943288 -1.605280884549511 0.09607077038940126 1.4124998195772276 0.2591388191075923 -0.9654801018265925 2.333014271393001 1.3011023236358585 1.4265809972792567 0.31777029482302915 -1.269876349518269 0.602668488357381 1.1960009075687366 -0.47404232667770896 1.4047991075809858 2.3560550065873898 1.5542835850740724 -1.614358852622242 2.0999705987196062 0.6807116330742955 -0.6457042533456747 1.5593410961913954 -1.0416001384356866 0.14107719336236713 0.9671345333093431 -0.36363871039473716 -0.5630953461385213 1.4728441422867447 0.679014993269287 -1.4085988036181027 0.7932752923777988 1.6184082382578266 -1.0009992737642048 1.896859991398425 0.7937294818145892 0.7388817832547117 2.3904385991706234 -1.3133475711649527 0.46215824484592605 2.5296698303778076 0.23591939941680917 0.07485834776928746 0.7726292180207591 1.3227932622871619 -1.0806108781451456 0.3035587348518655 -1.2364550227018012 -1.795989401379487 1.5799024815617617 -0.19523770886174852 0.24567039190716922 1.4715903972827038 1.4030613023679528 0.6266389987722436 0.4025279994273726 0.052292814204646154 -1.0185242086922486 1.1407837569753945 1.310522514642418 0.23629607506512307 0.9619645383711268 0.024706782295185414 0.40139932321346516 2.3461249444791203 1.1209940257582451 1.006963859124917 1.4132283150079197 -0.8878225374839476 0.43319173683885226 0.41348000041968325 0.35501188674153394 -1.47874490426778 0.5579936824759675 -0.21040019966395196 0.04647799303083899 1.7355074513120257 -1.4203350350349009 1.4827239083986183 2.4466058606417893 0.9876304563090457 1.6674937256171123 1.4154363961307885 -0.7775838636811356 1.3444962999203207 2.2563170015737337 -0.9548081882033774 -1.5724559360287347 2.4496932122190485 1.4478100749318255 1.7688859933078607 0.5537057067340521 0.11873377960598219 0.2896788374818351 0.8266607030437789 -0.22150050212674244 -0.9231532000900395 0.35827687192133717 0.07163930635934879 -1.4675940426572687 1.6108394098477103 1.0224414222333753 0.7543058805279197 0.8356889758753281 0.8927093974503044 -1.1688791469235187 0.843826902814794 -0.2791908471889739 -0.34336123075441405 2.558456230719316 0.3167095667449902 -0.9566497169721223 1.4577547017002501 0.05268007858446344 0.9610961376930927 1.0824273643118119 1.428679244923517 1.072790826446495 1.2109738582714027 -1.2402808779020527 0.043112684644804666 1.5086706881177192 0.19835502759618984 -1.455954599248937 1.3088726207771944 0.5239831042896455 0.7035954834946023 2.177230269415414 -1.104749229731289 -0.2277543281959924 2.4629074647857707 -0.0797152068801168 1.4857809909985267 0.7647278430668358 -0.03355656565990728 0.5493080432184694 2.007925015417255 -0.12513789677130127 1.3424491976964845 2.298117328432577 0.608952472410665 -1.1391155618871778 1.004692688706832 -0.260899256565547 1.2794179420725011 1.502529858080491 -1.7207854297054404 1.444336412721271 1.9316809089952318 1.1456146768040705 0.04759331872295802 1.1855341819776952 0.20450313250174745 -0.012636988840435626 0.8443501982657935 0.76748898185656 0.4383958737145559 1.6325383456716906 0.1659143073441467 1.3972534220902342 1.3975511371539897 -0.06592178721267516 -1.1610525325878864 1.9153545195277017 -0.6804278788675671 1.5268048724972612 1.599383926659733 -1.426966933059299 0.09516797731758642 0.5727108383514076 0.31891172373976784 -0.9994369439857264 0.9289167068303719 -1.2130720541121534 0.22652096294523827 1.166316220892784 0.5719846308234982 0.34415917376384164 0.4900979327714492 -0.06748694150223744 -1.7271054852658436 0.3939192228279945 0.4952826731221369 -0.5107135772685214 1.7306262878629632 0.6117609286648105 -0.3901745289738161 2.369330270474352 0.2984767006329505 -1.1130396443121757 1.6563298791618666 1.1405435581574526 -1.744434401681604 0.40608528048539894 -1.4009154896285352 -0.2578925765150841 0.8134383569231565 -1.7093409167660056 1.0973583875801862 1.6799742618686768 -0.2822262123788213 -1.0120679176739031 0.4296888031037167 -0.12346233543621143 0.5941567579963183 2.357721304815563 -0.28294256243734095 -1.1299109411166262 0.9951594660089853 -0.43073215350483207 1.3868841310317068 1.0327248179777049 -0.15750621703259737 -0.21409519052137393 1.7713827409945992 0.6325927565845053 0.0281258528365258 1.459070600760003 -1.6465051536888973 -0.2715234538796114 1.0692794619697767 -0.29051644998657955 0.17858878019193747 1.3060959396265803 -0.4684937190652414 0.9455657167065652 0.4233988724431803 0.6979763480229122 1.7634740216987586 1.7438601088454457 0.09654015078087719 1.220534590122673 0.5602668755694333 -1.3134327162007657 1.256786022141824 2.052994179581746 1.5401232521280466 0.026773880535905237 2.396347469136442 0.271341827749638 -1.4699069624294008 0.3571824182762668 -0.5440406179610358 0.49658725665395465 2.2161936406612357 1.0829013416093571 0.34580401559337104 1.0267079959231298 -1.2835161419697152 -0.21188481357079558 1.033779376937615 0.47905288442550487 0.16292627110844782 1.2192215460861082 0.347868988215432 0.08085557278424971 1.2018149670383822 1.7249547608836278 -0.8273246479117474 2.4951816882476066 -1.6759036369691263 1.5800582336209092 1.4726045108671857 0.7294416972414777 -1.112958517597343 2.4096527187272496 0.5594769358319491 -0.8962768928752406 0.9624651038785095 -0.25410107017480166 -0.017992539368316685 0.37411195111748025 0.1005376645511249 0.6103986791949045 1.2055783252251404 -1.4565402962329954 -1.0167316980317638 0.39356845838794924 1.0146953419125222 1.5824197084062506 0.3833958734471261 -0.5255089048371795 -0.035850747401852345 0.47204511273844474 1.5646889736538931 -1.5402912241900346 1.8285591513870953 -1.059987562266322 0.8887818184014697 2.585658823590966 -0.25168471962235506 1.6909491898257178 2.455413420860312 1.5852832835106352 -0.08330006034935455 1.0271295808855376 0.5823728339707006 -0.735469521831311 0.5362584260616692 0.9988711338334 -0.85200381721236 0.3536854833247751 0.8074720861074749 -1.0648411307758199 1.3495067055816325 0.8743607798659088 -1.546526414350484 0.8567129803737037 0.10587295435254229 -0.11777076221486293 0.6910770277978908 -1.0115675014398295 1.4509628036891644 0.7107124495005799 1.2388783088373192 -1.453981118865582 1.986998825643457 1.4311737615674158 1.5443452743823782 2.53878510240869 -0.9332583753091498 -1.7868799205641632 2.097379424801603 -0.19118847528699456 -1.228473601428736 1.68722405208698 -0.8767491215865536 -0.5968697165194312 1.2348744211617992 -1.7804216155139079 1.3802529015256029 0.5402160128435991 1.4643231930912906 -1.4087603681870249 2.4429547800839075 -0.009729699054608298 -0.11545571300406787 1.662054269811561 0.39044655679953855 1.2327829045427279 2.390296464666884 0.5073839592503127 -1.7391818888191755 1.5474795032158593 1.4317220257249883 1.5913791134845041 0.7027788778840055 0.9886483636679169 -1.5326368699535546 0.6439339909213639 1.107679798685228 0.13021296349469091 2.3394149624358374 -0.4806875575370746 -0.5016516067023837 2.3197961417772635 -0.23213647184576214 -1.135234925410601 0.4171640147141907 1.53057311023871 -0.3921622117025272 0.5820953949940253 1.471094286007767 0.10626364131301469 1.880742236477349 1.6446627322389877 -0.21364892664803659 1.1922224096653458 -1.2087616618567634 -0.7668073157522275 1.2117083006748173 -0.3202156770234188 0.8133072248008808 0.5589478701519426 0.08087111792692014 1.5960182166508423 2.178684480281692 0.03461877816906611 0.6286526589418331 0.8741502433924078 1.0060453373331864 0.2177720816450781 0.42015085036325894 0.9789718776447194 -1.2967631545330085 1.2204480691891673 1.4619563600624448 -0.5782756233013551 0.41400374094944625 1.2897666139178667 -1.4667809773476266 0.4350639318577992 -0.6496313303146961 0.3182834232321865 1.0601527310890115 0.814339981410954 0.09003357198485662 0.7450943404670258 -1.2838605961851561 -0.17776242954210209 2.282928958768234 1.3290377610100383 -0.716777816497105 1.4887256067039862 1.3475900388475621 1.0848138319542115 0.7819512907441363 0.008757331229942933 -0.8526617328646179 0.5484202723705983 -0.3043228402481024 -1.1700890573637905 0.4815637202736061 0.12088947752368595 1.7968744824773986 1.792283077684832 -1.652523081178974 -0.18663683548055032 1.608098465852758 1.3549322695900277 0.15696701872701313 1.3208547614505388 1.1938760109719306 0.6781059645780989 1.2360246848283423 1.3272451461707753 -1.2577128919326739 1.847281323960446 1.7887679018793647 -1.3895457650791354 0.5362163913290965 -1.2512360531603552 1.7026885232876234 2.58212376930492 1.744840446330185 1.386087813477597 0.5917791782333173 -0.6650122200426893 -0.5906962523556589 2.112269003343469 0.6761870088901041 -1.2861827130299055 2.5869054167094463 -1.1183366772662122 1.2693526166763556 0.31771866258049886 0.5226895456753426 0.4689378394293897 2.0158700945551202 1.462491812024987 -1.0029178910942915 2.320200050633819 1.591490622146141 0.509995650381007 2.2239049754790483 -1.3807065912413736 -1.3036257975611727 1.64929283338988 0.7676428295334385 0.871292904442645 2.1335833830779993 0.8627543758774523 -1.721589924392291 1.3883171920643977 1.5175065335976339 -1.49152846519009 0.4601261127244784 0.5107604323385384 -0.9283399008627526 1.9961537372742812 0.03602058902518235 1.305954965970338 0.3121028629120243 -1.4954354885057235 1.4961836326248388 0.934397443453113 1.0289051082353031 -1.3820738408796347 2.069900914133449 -1.3312314153356064 0.7728592617728574 2.01702496395154 -1.4440735157813456 0.9527427813168774 1.4819303276723805 -1.4392499005411736 1.5321903148354783 0.6560302912310458 -1.5243996920495948 -0.4038105014143447 2.117806152613731 -1.6132559956617498 0.40485940042067736 0.6733729443645872 0.02818785497992571 -1.018313418501207 0.3587340898939963 1.2618103823298747 0.01915948903768272 2.2373137074943688 1.2233366014913762 -1.4543209889502469 1.1930321256311323 0.3278515495278589 0.5166620203670116 1.458730678424091 1.4926726389941265 1.0253933117897411 1.0953724631242654 1.468916740338975 -0.21918677037688972 0.33970375159518607 -0.33064577272582807 0.025963143914935705 1.1236209818524197 -1.1742486791296796 -1.0274833977123667 0.8555930180008855 -1.4292091910064848 0.24219530112174392 0.6406787114414718 -1.3967720305909492 0.48219365015278526 0.7162854687176 1.2030800998248965 -0.12054952068309177 0.40088180486195224 0.7036675621392432 -1.7097677987347664 2.3376516277976696 0.8997099549850847 0.9198990726113261 1.0647508238827061
KBOOL 1 1 1 0 1 1 1 1 1
KINT 2 2 15 2
KFLOAT 0.2 1.0 0.5 0.0 2.0 0.1 0.5 0.5 1.0 5.0 1.0 0.5 5.0
PREDTIMES 0
PREDSAMP -1
DIM 33 33 12
ORIGIN -3.63 -3.63 0.07999999999999985
NPRECARVE 2
PRECARVE 0.0 0.0 1.4 1.5
PRECARVE 0.8 -0.5 1.4 0.9
NPTS 64
PTS -0.6 0.4 1.3 -0.19999999999999996 0.4 1.3 -0.6 -0.09999999999999998 1.6 0.0 0.0 1.4 -2.904 -2.904 0.608 -2.904 -2.904 2.192 -2.904 0.0 0.608 -2.904 0.0 2.192 -2.904 2.904 0.608 -2.904 2.904 2.192 0.0 -2.904 0.608 0.0 -2.904 2.192 0.0 0.0 0.608 0.0 0.0 2.192 0.0 2.904 0.608 0.0 2.904 2.192 2.904 -2.904 0.608 2.904 -2.904 2.192 2.904 0.0 0.608 2.904 0.0 2.192 2.904 2.904 0.608 2.904 2.904 2.192 -2.6975813235787975 -3.8803888612459896 0.5341988096031699 -0.48207625840709145 -4.494639982619793 0.9626877456391442 -4.2832141625357005 -2.6615337817354354 2.5592941700463165 1.2168245158776645 -3.4914370680082576 2.072865336060931 -2.2221425752261674 4.245031362251076 1.633236266837681 -0.5963587438823144 1.968561538630008 0.6716747398595335 -4.230899520488773 -3.5545613088796615 -0.06953888444926787 2.6224130463876842 1.4534865138020794 1.340607040132498 0.741868668872486 3.5215153496839204 1.7268507366468233 4.477398013865701 -2.176074846261586 2.951795784694241 0.27603692244303657 -2.9270284119682097 0.8398727688867529 -3.3329580599497497 -0.4241809530365064 2.4895408444955796 2.2289889707160646 4.281678527536151 -0.011595604455469782 0.2953674278784386 -1.6171065163853824 2.5180379131009536 -1.763609476869806 -3.4409999194145184 1.3032885249587491 -1.581033526806224 -1.799855092876978 2.693262822931594 -1.7994065752609472 -4.114322486625509 2.0097637395282026 2.457099466438055 3.6755077332826382 1.935370056943973 -0.731681295293388 2.274628165237846 1.3209116509431795 -0.21209622849398624 0.06380582937091184 1.1724483356341109 -0.15849223322539885 -1.1695975502810065 0.835527675235668 0.2750296601890354 -0.1855901377568996 0.2699502336809482 -1.1709687451423756 -0.20457184181489918 0.00986852131948493 3.045333824316485 -1.62567647794709 0.46061192282464447 3.7459192202292404 -1.465678883663164 1.8513664493157873 0.22720443822949798 -2.9735297696814085 -0.15011553458444454 1.7757137015635727 -2.1762109383401134 2.8066335351897957 2.5715711924485194 -3.48304654582808 2.6412385541964825 -1.1534891671697807 3.999612678076805 0.3467065969917409 -3.4119315614439922 2.2085297519618527 0.3244492066287551 -3.6000225244715764 4.562417437113966 1.6483100395925936 2.4453839920810263 -2.4197233413936576 2.9705373487410056 -4.34797232303764 1.5127257199801094 2.8842422695265264 -2.505108009908569 2.5037061783550993 0.1852855412444308 -4.09633900144026 0.8155017052014331 1.3526287748570511 1.345540065769001 1.1613954884509332 1.6248696269204332 4.063369769997408 -2.801441099088197 1.1739488448956052 -2.856494679414789 3.054706524353614 2.1704127558820585 3.018951146570122 1.1573007227981047 0.8822907202649939 2.7355965382475733 -2.1873576253056823 1.8781993874100333 13.52 13.52 12.61 -11.52 -11.52 -7.8100000000000005
FCFP -0.6599999999999997 0.4400000000000004 1.2899999999999998 -0.21999999999999975 0.4400000000000004 1.2899999999999998 -0.6599999999999997 0.0 1.5099999999999998 0.0 0.0 1.5099999999999998 -2.86 -2.86 0.6299999999999999 -2.86 -2.86 2.17 -2.86 0.0 0.6299999999999999 -2.86 0.0 2.17 -2.86 2.8600000000000003 0.6299999999999999 -2.86 2.8600000000000003 2.17 0.0 -2.86 0.6299999999999999 0.0 -2.86 2.17 0.0 0.0 0.6299999999999999 0.0 0.0 2.17 0.0 2.8600000000000003 0.6299999999999999 0.0 2.8600000000000003 2.17 2.8600000000000003 -2.86 0.6299999999999999 2.8600000000000003 -2.86 2.17 2.8600000000000003 0.0 0.6299999999999999 2.8600000000000003 0.0 2.17 2.8600000000000003 2.8600000000000003 0.6299999999999999 2.8600000000000003 2.8600000000000003 2.17 -2.6399999999999997 -3.3 0.6299999999999999 -0.43999999999999995 -3.3 1.0699999999999998 -3.52 -2.6399999999999997 2.6099999999999994 1.3200000000000003 -3.3 2.17 -2.2 3.3 1.7299999999999998 -0.6599999999999997 1.9800000000000004 0.6299999999999999 -3.52 -3.3 0.18999999999999984 2.6400000000000006 1.54 1.2899999999999998 0.6600000000000001 3.3 1.7299999999999998 3.5200000000000005 -2.2 2.6099999999999994 0.2200000000000002 -2.86 0.8499999999999999 -3.3 -0.43999999999999995 2.3899999999999997 2.2 3.3 0.18999999999999984 0.2200000000000002 -1.54 2.6099999999999994 -1.7599999999999998 -3.3 1.2899999999999998 -1.54 -1.7599999999999998 2.6099999999999994 -1.7599999999999998 -3.3 1.95 2.42 3.3 1.95 -0.6599999999999997 2.2 1.2899999999999998 -0.21999999999999975 0.0 1.0699999999999998 -0.21999999999999975 -1.1 0.8499999999999999 0.2200000000000002 -0.21999999999999975 0.18999999999999984 -1.1 -0.21999999999999975 0.18999999999999984 3.08 -1.54 0.40999999999999986 3.5200000000000005 -1.54 1.95 0.2200000000000002 -3.08 0.18999999999999984 1.7599999999999998 -2.2 2.6099999999999994 2.6400000000000006 -3.3 2.6099999999999994 -1.1 3.3 0.40999999999999986 -3.52 2.2 0.40999999999999986 -3.52 3.3 1.7299999999999998 2.42 -2.42 2.6099999999999994 -3.52 1.54 2.6099999999999994 -2.42 2.42 0.18999999999999984 -3.52 0.8799999999999999 1.2899999999999998 1.3200000000000003 1.1000000000000005 1.7299999999999998 3.5200000000000005 -2.86 1.0699999999999998 -2.86 3.08 2.17 3.08 1.1000000000000005 0.8499999999999999 2.6400000000000006 -2.2 1.95 13.52 13.52 12.61 -11.52 -11.52 -7.8100000000000005
HNFN 0 0 0 0 1 1 1 1 1 1 1 1 0 0 1 1 1 1 1 1 1 1 0 0 0 1 0 1 0 1 1 0 1 1 0 1 1 1 0 1 1 0 0 0 0 1 1 0 1 1 0 1 0 0 0 1 0 0 0 1 1 1 0 0
NSEG 42
SEGS -1.6 0.4 1.3 0.4 0.4 1.3 -0.6 -0.6 1.3 -0.6 1.4 1.3 -1.4 -0.4 1.0 0.20000000000000007 1.2000000000000002 1.6 -0.6 0.4 1.3 -0.6 0.4 1.8 4.440892098500626e-16 4.440892098500626e-16 1.3999999999999995 1.0000000000000004 1.0000000000000004 2.3999999999999995 4.440892098500626e-16 4.440892098500626e-16 1.3999999999999995 1.0000000000000004 1.0000000000000004 1.3999999999999995 4.440892098500626e-16 4.440892098500626e-16 1.3999999999999995 1.0000000000000004 4.440892098500626e-16 2.3999999999999995 -3.52 -3.52 1.4 3.5200000000000005 -3.52 1.4 0.0 -4.52 1.4 0.0 4.5200000000000005 1.4 0.0 0.0 1.4 0.0 0.0 1.4 1.4723621170872812 -1.253869026342652 2.784451755703139 -3.4266892161854807 -2.143167596679957 1.7540030453561681 -1.0415427482304347 -2.73510987178495 1.2003453522550105 1.264031626284328 -3.5730151796424403 2.118540817830931 0.039563274844992335 -4.144480257531436 0.9071252826608235 -3.479369499767494 2.1633668675381723 1.4122891654992578 -1.323149166236866 -3.7067851901267197 1.6501404122357402 2.700884324738541 -2.56960682835237 1.7615471288946183 -1.4529336735303482 0.08111504393179159 1.26433052698532 2.2055997007830546 -3.599750336095871 2.666542297124992 1.5474898233044558 -1.6403999005790235 1.2975668325977554 0.03721914281917771 3.153425221378756 1.6048031421146658 3.049087173314088 -0.1832691885450375 2.4409542445826444 0.10665154463142379 -2.0061421738207077 1.599780640355549 -1.319866061812855 2.6056569076977882 1.4438463538662685 -0.8741330591210676 1.0153720104483468 2.095495874470258 -3.579731018681588 -1.1403425547206956 0.7899294102976474 1.544695391329268 -0.9295954052550428 0.5028077903604702 -0.9074399965605688 1.4988306685701933 1.9622491005048488 -1.6262856874305527 -0.15669260013842168 1.9413991919347189 -2.213498453374629 4.22151262816919 0.891549400155041 3.9592919991849684 0.9087080141285635 0.6153352244346635 -4.036779436223441 -4.147060790461025 2.0481362986003155 -0.8249314983023601 -2.8308451017211143 1.2719814528326663 3.2020381152982407 2.5454320628053106 2.6515548357758605 -0.9735338587679565 2.32950177621681 2.6402400728760482 -2.8436560418291674 -2.882122359603611 2.218783937066404 -2.313705378010149 -1.8406059716285883 1.4917444446247492 -2.9062299439083663 1.251286973575367 2.7339884620549157 -3.1886663793767522 2.435009493804096 2.0114555136861423 -2.825906851726443 3.9056945092563438 1.7124131227570025 -1.3656579298353613 -0.3607543361109071 1.169908248712208 2.2993511814001715 -2.469656655077452 2.3844043773026673 3.594503789974697 4.013253473967836 1.7556357030174046 0.860921742655552 -1.9725050240447644 1.2774570436198185 0.4042577675248631 0.5216404038052933 2.1466230182070936 3.8637140363607982 -2.7395497100165525 2.781633271938617 -4.188670639160052 -1.4641407760805816 0.37755086221872947 1.2823352762711226 2.3530479056546167 2.5670960992122676 2.7329284458266296 -1.1964019241968442 2.3639421654671473 0.15460492002702075 1.337056546866855 2.446650045740781 -4.13434455857138 -1.6558069661950632 0.765722412476292 0.7046814034931503 0.3621204498170667 0.6064178049577584 0.10557377205226803 -1.4115352459479267 1.9576678256871842 3.3071830964948767 1.2415088258510303 0.858894374626656 1.3773165284334072 2.2579863210246454 0.3806401844352618 1.5046791086896705 -0.9405330202196782 1.9914242187194202 -2.1034023655447065 -0.8676779608505778 1.4496294336681195 1.5970237283272515 0.9211064149840387 1.120198102519466 -3.8091689001254805 0.08835061063559735 2.3141494908006925 -0.5992693460523113 -2.1605841147744886 1.3712503097329667 0.13126468434408967 -2.3318864891100457 1.7120713342467209 -4.046646772596436 -0.8483853361174973 1.7613992879269214 -2.2825359058618426 2.3298077601422045 1.219642369243629 0.392819548279955 -1.7636601653587707 1.3652431388654285 -1.6741275145845484 3.2572417648609027 0.597975869717035 1.8201716194489088 0.8792768571764005 2.508812589837627 -2.6689815553123233 2.00324715602537 0.3743249740498714 3.3489968315384933 -3.330018388494867 1.8492796193874375 -3.2918567868865924 -0.33460827385611225 0.07906953146893628 -5.52 -5.52 -1.81 0.0 0.0 1.4 0.0 0.0 1.4 6.5200000000000005 4.0200000000000005 3.6099999999999994
BLK100 0 0 0 0 0 0 0 1 1 0 1 1 1 1 1 1 1 1 1 0 1 1 0 0 0 1 1 1 1 1 1 0 1 1 0 0 0 1 1 1 1 1
BLK0 1 1 1 1 1 1 1 1 1 1 1 1 1 1 1 1 1 1 1 1 1 1 0 0 0 1 1 1 1 1 1 1 1 1 1 0 0 1 1 1 1 1
RADII 0 1 2
LOS 1 0 0 1 1 0 1 1 0 1 1 1 1 1 1 1 1 1 1 1 1 0 0 0 0 0 0 1 1 1 0 0 0 0 0 0 0 0 0 0 0 0 0 0 0 0 0 0 0 0 0 0 0 0 0 0 0 1 0 0 0 0 0 0 0 0 1 1 0 1 1 1 1 1 1 0 0 0 0 0 0 0 0 0 0 0 0 0 0 0 0 0 0 1 1 0 0 0 0 0 0 0 1 0 0 1 0 0 1 1 1 0 0 0 0 0 0 0 0 0 0 0 0 0 0 0
CWCOUNTS 2942 1611 8515
NCARVE 3
CARVE_CENTER -0.6 0.4 1.3
CARVE_D 0.6
CARVE_N 3
CARVE_NCELL 81
CARVE_CELLS 9 14 1 9 14 5 9 14 9 9 18 1 9 18 5 9 18 9 9 22 1 9 22 5 9 22 9 10 14 1 10 14 5 10 14 9 10 18 1 10 18 5 10 18 9 10 22 1 10 22 5 10 22 9 11 14 1 11 14 5 11 14 9 11 18 1 11 18 5 11 18 9 11 22 1 11 22 5 11 22 9 12 14 1 12 14 5 12 14 9 12 18 1 12 18 5 12 18 9 12 22 1 12 22 5 12 22 9 13 14 1 13 14 5 13 14 9 13 18 1 13 18 5 13 18 9 13 22 1 13 22 5 13 22 9 14 14 1 14 14 5 14 14 9 14 18 1 14 18 5 14 18 9 14 22 1 14 22 5 14 22 9 15 14 1 15 14 5 15 14 9 15 18 1 15 18 5 15 18 9 15 22 1 15 22 5 15 22 9 16 14 1 16 14 5 16 14 9 16 18 1 16 18 5 16 18 9 16 22 1 16 22 5 16 22 9 17 14 1 17 14 5 17 14 9 17 18 1 17 18 5 17 18 9 17 22 1 17 22 5 17 22 9
CARVE_OCC 100 100 100 100 100 -1 100 100 100 100 100 100 100 0 -1 100 -1 100 100 100 100 100 0 100 100 -1 100 100 100 100 100 0 100 100 100 100 100 100 100 100 0 100 100 100 100 -1 100 100 100 0 100 100 100 100 100 100 100 100 0 100 100 100 100 100 100 100 100 0 100 100 100 100 100 100 100 100 100 100 100 100 100
CARVE_CENTER 0.0 0.0 1.4
CARVE_D 0.45
CARVE_N 3
CARVE_NCELL 81
CARVE_CELLS 12 12 2 12 12 6 12 12 10 12 16 2 12 16 6 12 16 10 12 20 2 12 20 6 12 20 10 13 12 2 13 12 6 13 12 10 13 16 2 13 16 6 13 16 10 13 20 2 13 20 6 13 20 10 14 12 2 14 12 6 14 12 10 14 16 2 14 16 6 14 16 10 14 20 2 14 20 6 14 20 10 15 12 2 15 12 6 15 12 10 15 16 2 15 16 6 15 16 10 15 20 2 15 20 6 15 20 10 16 12 2 16 12 6 16 12 10 16 16 2 16 16 6 16 16 10 16 20 2 16 20 6 16 20 10 17 12 2 17 12 6 17 12 10 17 16 2 17 16 6 17 16 10 17 20 2 17 20 6 17 20 10 18 12 2 18 12 6 18 12 10 18 16 2 18 16 6 18 16 10 18 20 2 18 20 6 18 20 10 19 12 2 19 12 6 19 12 10 19 16 2 19 16 6 19 16 10 19 20 2 19 20 6 19 20 10 20 12 2 20 12 6 20 12 10 20 16 2 20 16 6 20 16 10 20 20 2 20 20 6 20 20 10
CARVE_OCC 100 100 100 -1 100 100 100 100 100 100 100 100 100 0 100 100 100 100 100 100 100 100 0 100 100 100 100 100 100 100 100 0 100 100 100 100 100 100 100 100 0 100 100 100 100 100 100 100 100 0 -1 100 100 100 100 100 100 100 0 100 100 100 100 100 100 100 100 0 100 100 100 100 100 100 100 100 100 100 100 100 100
CARVE_CENTER -1.452 -1.452 0.8719999999999999
CARVE_D 1.0
CARVE_N 5
CARVE_NCELL 78
CARVE_CELLS 3 3 3 3 3 9 3 9 3 3 9 9 3 15 3 3 15 9 4 3 3 4 3 9 4 9 3 4 9 9 4 15 3 4 15 9 5 3 3 5 3 9 5 9 3 5 9 9 5 15 3 5 15 9 6 3 3 6 3 9 6 9 3 6 9 9 6 15 3 6 15 9 7 3 3 7 3 9 7 9 3 7 9 9 7 15 3 7 15 9 8 3 3 8 3 9 8 9 3 8 9 9 8 15 3 8 15 9 9 3 3 9 3 9 9 9 3 9 9 9 9 15 3 9 15 9 10 3 3 10 3 9 10 9 3 10 9 9 10 15 3 10 15 9 11 3 3 11 3 9 11 9 3 11 9 9 11 15 3 11 15 9 12 3 3 12 3 9 12 9 3 12 9 9 12 15 3 12 15 9 13 3 3 13 3 9 13 9 3 13 9 9 13 15 3 13 15 9 14 3 3 14 3 9 14 9 3 14 9 9 14 15 3 14 15 9 15 3 3 15 3 9 15 9 3 15 9 9 15 15 3 15 15 9
CARVE_OCC -1 -1 -1 -1 -1 -1 -1 -1 0 -1 -1 -1 -1 -1 0 -1 -1 -1 -1 -1 0 -1 -1 -1 -1 -1 0 -1 -1 100 -1 -1 0 -1 100 100 -1 -1 0 100 100 100 -1 -1 0 100 100 100 -1 -1 0 100 100 100 -1 -1 0 100 100 100 -1 -1 0 100 100 100 -1 -1 0 100 100 100 -1 -1 -1 100 100 100
END
CASE
RES 0.19776139875274537
PARAMS 21.0 24.0 14.0 -0.21998401635839016 -0.9399713077323106 1.3484242483313411 0.0 3.0 0.2833209518004416 1.072074350102616
NOBST 1
OBSTPOS 0.2943839141234812 0.2541433484851623 1.9168963567639794
OBSTBBOX 0.2386148646199749 0.1278137227894857 0.24348328246550258
NCLOUD 13
CLOUD 1.148562737250927 0.23911257606527858 1.9116933494816772 -1.6037653378924461 -0.5844293243704421 2.464916372209316 1.716443407923974 1.8889240985773017 1.529379013965965 -1.6552547700543796 1.8730231455128425 0.5555005597677216 -0.28669725469403406 0.40233795879654544 1.067011548985222 0.005246105205179319 1.686446026880628 1.792616169628853 0.7547030170944931 -0.0005849833021467354 0.4886470527647039 -1.8277371781979745 -0.3472903307168167 2.167616056302395 1.6520765565623021 1.4968739487232678 2.436441372558674 1.0717376013559021 0.06930796349202417 0.8627775009179767 1.7883498659966128 -1.2436131174085983 2.305631169898134 -1.129240990247613 -0.6166123372070489 2.0250998182743154 1.5527958796741568 -1.6789750111704467 0.29186732161740647
KBOOL 1 1 1 0 1 1 1 1 1
KINT 3 1 15 2
KFLOAT 0.2 1.0 0.5 0.0 2.0 0.1 0.5 0.8642508137022469 1.0 5.0 1.0 0.5 5.0
PREDTIMES 0
PREDSAMP -1
DIM 29 32 13
ORIGIN -3.0875242982731983 -4.104153687776236 0.16185585581486883
NPRECARVE 0
NPTS 64
PTS 0.2943839141234812 0.2541433484851623 1.9168963567639794 0.6943839141234812 0.2541433484851623 1.9168963567639794 0.2943839141234812 -0.2458566515148377 2.2168963567639794 -0.21998401635839038 -0.9399713077323102 1.4473049477077138 -2.5140162418902365 -3.4713172117674507 0.6760354925720068 -2.5140162418902365 -3.4713172117674507 2.2185744028434207 -2.5140162418902365 -0.9399713077323102 0.6760354925720068 -2.5140162418902365 -0.9399713077323102 2.2185744028434207 -2.5140162418902365 1.5913745963028303 0.6760354925720068 -2.5140162418902365 1.5913745963028303 2.2185744028434207 -0.21998401635839038 -3.4713172117674507 0.6760354925720068 -0.21998401635839038 -3.4713172117674507 2.2185744028434207 -0.21998401635839038 -0.9399713077323102 0.6760354925720068 -0.21998401635839038 -0.9399713077323102 2.2185744028434207 -0.21998401635839038 1.5913745963028303 0.6760354925720068 -0.21998401635839038 1.5913745963028303 2.2185744028434207 2.074048209173456 -3.4713172117674507 0.6760354925720068 2.074048209173456 -3.4713172117674507 2.2185744028434207 2.074048209173456 -0.9399713077323102 0.6760354925720068 2.074048209173456 -0.9399713077323102 2.2185744028434207 2.074048209173456 1.5913745963028303 0.6760354925720068 2.074048209173456 1.5913745963028303 2.2185744028434207 -0.2853449860433721 0.739717831431471 0.07296347887785268 -1.7663482215423716 -3.455145268766848 2.3782637363186536 -2.6949822965227197 -3.5480579693451495 2.65091415882286 1.6486878940213976 -0.5343939553312174 2.444572234419253 -1.3347015206240003 0.5957819365130019 1.2584460502116412 -1.3407353707040492 2.328446290746575 1.6957029307106322 -1.5450302233486184 -3.6848149766922327 2.7432944411297573 -0.1420867604417677 2.8326100656753175 0.7019137232071615 0.3704886777463634 -1.2773939155060146 2.744545488137234 0.34372847860312516 0.06784132799689768 0.6733718296339557 -0.3240172850370868 -2.4433820231519396 2.305902502270445 -1.6137584621617738 -1.7333339464857205 1.3813396325002918 1.5058176183451626 -2.2666955330996843 1.7228585204763178 -2.0442176176538025 1.0220403962013647 1.5451042030729243 3.0174371634846184 -3.7784788842010752 2.187424032369415 -1.7129230536629718 -0.09543550203508078 0.7967099588765696 2.529047519676254 0.027286730808600446 2.7092960697469657 1.2210224790562392 2.9000156562872075 2.658208422556117 0.8165035895128345 2.7883684145240526 1.9302541436585763 0.6924530954639811 -4.850423398192053 2.4151334318260482 -0.4880051741233298 2.318257539499852 0.33231445606902565 2.147508592573313 0.8134119452140265 0.5604851195759637 0.5821377622536232 -1.3085118253250738 0.8575970385857927 3.235668383395946 -1.8604166094196208 -0.0914336726583806 -1.7938408387256326 0.7489183119347382 1.5665086602284963 2.2298507412792756 1.6124213089050912 0.4697637060081629 -2.7045816767865696 -3.0208835090392467 2.415097778341359 0.8341339320345704 -3.0042429004755906 1.9153730646817595 -3.254654524850622 -1.1312858910709491 2.3526414395023854 2.9920619192277598 -4.116502251133361 0.6701139276609194 -3.102578111262779 2.4573426984061086 0.7259541962660838 1.8027225923670067 -4.625708172517072 2.5390804379094125 -2.497686801152007 1.0816163572495752 2.6942572445001525 2.0031993193149176 1.7109292739035027 2.979884054225354 -0.1844872303583429 -4.001523289104557 0.9542393675719257 -1.3647655932140212 -1.2815359830966364 0.795907332207417 -1.167991760237479 2.258041237658574 1.0924511080101453 -2.5887279363761073 -2.530095494192443 1.1651107400375667 -3.776286902161767 0.5968425450685393 2.472993405211139 1.9467095695049417 -1.2587907317278781 2.5001520749542046 12.548675566180044 12.125330372935242 12.633873340224186 -10.988643598896825 -12.005272988399863 -7.739263444808758
FCFP 0.37330017989984565 0.7410005816660252 1.8428277452132045 0.9665843761580817 0.5432391829132799 1.8428277452132045 0.37330017989984565 -0.2478064120977015 2.2383505427186954 -0.21998401635839038 -0.8410906083559375 1.4473049477077138 -2.593120801391335 -3.4119887921416274 0.6562593526967322 -2.593120801391335 -3.4119887921416274 2.2383505427186954 -2.593120801391335 -0.8410906083559375 0.6562593526967322 -2.593120801391335 -0.8410906083559375 2.2383505427186954 -2.593120801391335 1.5320461766770066 0.6562593526967322 -2.593120801391335 1.5320461766770066 2.2383505427186954 -0.21998401635839038 -3.4119887921416274 0.6562593526967322 -0.21998401635839038 -3.4119887921416274 2.2383505427186954 -0.21998401635839038 -0.8410906083559375 0.6562593526967322 -0.21998401635839038 -0.8410906083559375 2.2383505427186954 -0.21998401635839038 1.5320461766770066 0.6562593526967322 -0.21998401635839038 1.5320461766770066 2.2383505427186954 2.1531527686745537 -3.4119887921416274 0.6562593526967322 2.1531527686745537 -3.4119887921416274 2.2383505427186954 2.1531527686745537 -0.8410906083559375 0.6562593526967322 2.1531527686745537 -0.8410906083559375 2.2383505427186954 2.1531527686745537 1.5320461766770066 0.6562593526967322 2.1531527686745537 1.5320461766770066 2.2383505427186954 -0.21998401635839038 0.7410005816660252 0.2607365551912415 -1.8020752063803533 -3.4119887921416274 2.4361119414714407 -2.7908822001440803 -3.6097501908943728 2.633873340224186 1.5598685724163177 -0.44556781085044683 2.4361119414714407 -1.4065524088748627 0.5432391829132799 1.2495435489549684 -1.4065524088748627 1.729807575429752 1.6450663464604591 -1.604313807627608 -3.6097501908943728 2.633873340224186 -0.21998401635839038 1.729807575429752 0.6562593526967322 0.37330017989984565 -1.2366134058614282 2.633873340224186 0.37330017989984565 0.1477163854077892 0.6562593526967322 -0.4177454151111357 -2.4231817983779003 2.2383505427186954 -1.604313807627608 -1.8298976021196642 1.4473049477077138 1.5598685724163177 -2.225420399625155 1.6450663464604591 -1.9998366051330987 0.9387619804187706 1.4473049477077138 2.5486755661800444 -3.6097501908943728 2.2383505427186954 -1.8020752063803533 -0.050045013344956146 0.8540207514494776 2.5486755661800444 -0.050045013344956146 2.633873340224186 1.164345774910827 1.729807575429752 2.633873340224186 0.7688229774053363 1.729807575429752 1.8428277452132045 0.7688229774053363 -3.6097501908943728 2.4361119414714407 -0.4177454151111357 1.729807575429752 0.2607365551912415 2.1531527686745537 0.7410005816660252 0.6562593526967322 0.571061578652591 -1.2366134058614282 0.8540207514494776 2.5486755661800444 -1.8298976021196642 0.2607365551912415 -1.8020752063803533 0.7410005816660252 1.6450663464604591 2.1531527686745537 1.5320461766770066 0.4584979539439869 -2.7908822001440803 -3.0164659946361363 2.4361119414714407 0.7688229774053363 -3.0164659946361363 1.8428277452132045 -2.9886435988968256 -1.0388520071086829 2.4361119414714407 2.5486755661800444 -3.6097501908943728 0.6562593526967322 -2.9886435988968256 1.729807575429752 0.6562593526967322 1.757629971169063 -3.6097501908943728 2.633873340224186 -2.593120801391335 1.136523379171516 2.633873340224186 1.9553913699218084 1.729807575429752 2.633873340224186 -0.21998401635839038 -3.6097501908943728 1.0517821502022229 -1.4065524088748627 -1.2366134058614282 0.8540207514494776 -1.2087910101221173 1.729807575429752 1.0517821502022229 -2.593120801391335 -2.6209431971306456 1.2495435489549684 -2.9886435988968256 0.5432391829132799 2.4361119414714407 1.9553913699218084 -1.2366134058614282 2.633873340224186 12.548675566180044 12.125330372935242 12.633873340224186 -10.988643598896825 -12.005272988399863 -7.739263444808758
HNFN 1 1 1 1 1 1 1 1 1 1 1 1 1 1 1 1 1 1 1 1 1 1 1 1 1 1 1 1 1 0 1 1 1 1 1 1 0 1 1 0 0 0 1 1 1 0 1 1 1 1 1 0 0 0 1 0 1 1 1 1 0 1 0 0
NSEG 42
SEGS -0.7056160858765188 0.2541433484851623 1.9168963567639794 1.2943839141234812 0.2541433484851623 1.9168963567639794 0.2943839141234812 -0.7458566515148377 1.9168963567639794 0.2943839141234812 1.2541433484851623 1.9168963567639794 -0.5056160858765189 -0.5458566515148378 1.6168963567639794 1.0943839141234812 1.0541433484851623 2.2168963567639794 0.2943839141234812 0.2541433484851623 1.9168963567639794 0.2943839141234812 0.2541433484851623 2.4168963567639796 -0.21998401635839082 -0.9399713077323102 1.4473049477077138 0.7800159836416092 0.06002869226768981 2.447304947707714 -0.21998401635839082 -0.9399713077323102 1.4473049477077138 0.7800159836416092 0.06002869226768981 1.4473049477077138 -0.21998401635839082 -0.9399713077323102 1.4473049477077138 0.7800159836416092 -0.9399713077323102 2.447304947707714 -2.9886435988968256 -4.005272988399863 1.4473049477077138 2.5486755661800444 -4.005272988399863 1.4473049477077138 -0.21998401635839038 -5.005272988399863 1.4473049477077138 -0.21998401635839038 3.1253303729352426 1.4473049477077138 -0.21998401635839038 -0.9399713077323102 1.4473049477077138 -0.21998401635839038 -0.9399713077323102 1.4473049477077138 -3.2215307331225227 1.154857273074593 1.7150822252744844 -0.6459581572046953 2.3652156167819065 0.48468203335886173 1.5609809202569438 -1.24257885812942 0.34191109750074355 1.4192235406079914 2.1245838988466677 0.8588350588201822 -1.7716879109212667 1.5503406415817373 0.07187876229643356 0.0883725033639764 -0.4433166495305012 0.5715280382478731 2.1615614579069473 2.2216210024758967 1.511239156995471 -2.8537738704952114 1.9626251380081516 0.48936301992541287 -0.8010520787971425 0.23414748329815804 2.0825357605391295 -0.2647896567460233 -0.4984902534924207 1.0928371894602797 -1.6680108280060109 -4.378683558471769 0.5779060712512041 0.7457113700892148 -1.3826674906063254 2.2089019312838643 -3.2522624723209455 -1.2562904489363418 0.571500551186541 2.2908850953660544 0.4260474353296386 0.1316876036190388 2.4410056261536117 -0.6968824531904425 2.1949938074112714 2.214588887185657 0.8288656257680831 1.4274816610671786 1.871885204639605 -1.1483712296766027 1.5634254311665599 1.1433205410559144 -1.492773731869776 1.7973339049409045 -2.905315974236271 2.6787311967857974 2.0673320833175133 -0.782475185687999 -4.016451065438296 1.4721024215574268 -0.9313803707766302 -2.847313084507218 2.1271783868578136 0.44898937903457314 2.105112005321123 0.2803925279073195 -2.7928497702497763 -1.401934472785293 1.7918922101249506 0.7355606338951968 0.003238043164457416 1.7368767158180642 1.2814870908332057 0.9764298565172078 0.48482087096444415 -3.447104415676363 -1.8191916298128703 0.7795956321803471 0.4683263236107127 -2.9666013114120346 2.7901580390960743 2.0424870834239646 0.7211296431155132 2.12236201792314 -3.1778145918757645 -1.482116622317554 2.8036559018439466 -2.756037168286442 -2.0523562276788576 0.9548196271354291 -2.875204077381965 0.5544665939514575 0.8856675577748937 1.6755742620722844 -4.593535554623776 1.5003060731412952 -2.241565618546331 -3.6041978078800887 1.3736342478177406 -0.18869256896153086 -3.027033666817323 2.335570035819848 -3.090306197553599 0.7455186923288668 2.1348682437733806 -0.23375664460787648 1.5542527090995728 1.0198967808503097 0.2901208056058313 -3.040764119191079 1.3143419598946877 1.7166097409187961 0.2796873979594485 2.2691415135182558 -3.3133682747907276 -3.431164644475981 0.5111019218826494 1.344002204008245 1.8815315503949117 1.3261481419021617 0.3053848796266956 0.4340052542726349 0.2131153621940781 -3.413884743494218 -1.0537397412465483 1.7359975692586407 0.5028586900918794 -2.006992423548616 1.028904584796725 0.9585283140524639 -1.4127333390979464 1.5814236945901095 2.309162733763175 -1.3897153173852885 2.460027715105256 2.773893762024325 -3.611732800072614 1.1315116153824922 0.47142877916412784 -3.1504940590424235 1.008073836579581 -1.2765951996887743 1.6486872474880796 2.3708875503338414 -1.209050637427782 2.55371247039717 2.808504173907026 -0.7387051978677768 -1.4084382317298738 0.2703219244525158 -2.725340162098827 0.5535543564555274 1.2282369685880625 3.0533064201831093 1.1270678673736363 1.258087292661691 1.2073731833944854 -3.9094940401957103 0.4413197244145367 0.43970615698540794 -3.4201713949517476 2.3989066059704425 -0.09679003951350795 -0.04770734041720104 0.45228473414842346 -2.9999867017047124 2.7207536858090657 0.23822007123461125 -2.7500748398482076 2.7094678092679327 0.44770681465476303 -1.7318417372051806 1.4509629183642643 1.321729637557766 -2.3026576320778425 1.9595780623477834 0.477361829741061 -2.5025888990833516 -1.6317722118349804 0.10398573886112422 -4.988643598896825 -6.005272988399863 -1.7392634448087585 -0.21998401635839038 -0.9399713077323102 1.4473049477077138 -0.21998401635839038 -0.9399713077323102 1.4473049477077138 5.548675566180044 2.6253303729352426 3.633873340224186
BLK100 1 1 1 1 1 1 0 1 1 0 1 1 0 1 0 1 1 0 0 1 1 1 0 0 0 1 0 0 0 1 0 0 0 0 1 0 1 1 1 1 0 1
BLK0 1 1 1 1 1 1 0 1 1 0 1 1 0 1 0 1 1 0 0 1 1 1 0 0 0 1 0 0 0 1 0 0 0 0 1 0 1 1 1 1 0 1
RADII 0 1 2
LOS 0 0 0 0 0 0 0 0 0 0 0 0 0 0 0 0 0 0 1 1 1 0 0 0 0 0 0 1 1 1 0 0 0 0 0 0 1 1 0 0 0 0 1 1 0 0 0 0 0 0 0 1 1 1 1 1 0 0 0 0 0 0 0 0 0 0 1 0 0 1 0 0 1 1 1 0 0 0 1 0 0 1 1 0 1 0 0 0 0 0 1 1 0 1 1 1 1 1 0 1 0 0 0 0 0 1 0 0 0 0 0 0 0 0 0 0 0 0 0 0 1 1 1 0 0 0
CWCOUNTS 0 1892 10172
NCARVE 3
CARVE_CENTER 0.2943839141234812 0.2541433484851623 1.9168963567639794
CARVE_D 0.6
CARVE_N 4
CARVE_NCELL 66
CARVE_CELLS 12 17 3 12 17 8 12 22 3 12 22 8 12 27 3 12 27 8 13 17 3 13 17 8 13 22 3 13 22 8 13 27 3 13 27 8 14 17 3 14 17 8 14 22 3 14 22 8 14 27 3 14 27 8 15 17 3 15 17 8 15 22 3 15 22 8 15 27 3 15 27 8 16 17 3 16 17 8 16 22 3 16 22 8 16 27 3 16 27 8 17 17 3 17 17 8 17 22 3 17 22 8 17 27 3 17 27 8 18 17 3 18 17 8 18 22 3 18 22 8 18 27 3 18 27 8 19 17 3 19 17 8 19 22 3 19 22 8 19 27 3 19 27 8 20 17 3 20 17 8 20 22 3 20 22 8 20 27 3 20 27 8 21 17 3 21 17 8 21 22 3 21 22 8 21 27 3 21 27 8 22 17 3 22 17 8 22 22 3 22 22 8 22 27 3 22 27 8
CARVE_OCC -1 -1 -1 -1 -1 -1 -1 -1 100 0 -1 -1 -1 -1 100 0 -1 -1 -1 -1 100 0 -1 -1 -1 -1 -1 0 -1 -1 -1 -1 -1 0 -1 -1 -1 -1 -1 0 -1 -1 -1 -1 -1 0 -1 -1 -1 -1 100 0 -1 -1 -1 -1 100 0 -1 -1 -1 -1 100 100 -1 -1
CARVE_CENTER -0.21998401635839038 -0.9399713077323102 1.4473049477077138
CARVE_D 0.45
CARVE_N 3
CARVE_NCELL 81
CARVE_CELLS 10 12 2 10 12 6 10 12 10 10 16 2 10 16 6 10 16 10 10 20 2 10 20 6 10 20 10 11 12 2 11 12 6 11 12 10 11 16 2 11 16 6 11 16 10 11 20 2 11 20 6 11 20 10 12 12 2 12 12 6 12 12 10 12 16 2 12 16 6 12 16 10 12 20 2 12 20 6 12 20 10 13 12 2 13 12 6 13 12 10 13 16 2 13 16 6 13 16 10 13 20 2 13 20 6 13 20 10 14 12 2 14 12 6 14 12 10 14 16 2 14 16 6 14 16 10 14 20 2 14 20 6 14 20 10 15 12 2 15 12 6 15 12 10 15 16 2 15 16 6 15 16 10 15 20 2 15 20 6 15 20 10 16 12 2 16 12 6 16 12 10 16 16 2 16 16 6 16 16 10 16 20 2 16 20 6 16 20 10 17 12 2 17 12 6 17 12 10 17 16 2 17 16 6 17 16 10 17 20 2 17 20 6 17 20 10 18 12 2 18 12 6 18 12 10 18 16 2 18 16 6 18 16 10 18 20 2 18 20 6 18 20 10
CARVE_OCC -1 -1 -1 -1 -1 100 -1 -1 -1 -1 -1 -1 -1 0 -1 -1 -1 -1 -1 -1 -1 -1 0 -1 -1 -1 -1 -1 -1 -1 -1 0 -1 -1 -1 -1 -1 -1 -1 -1 0 -1 -1 -1 -1 -1 -1 -1 -1 0 -1 -1 100 100 -1 -1 -1 -1 0 -1 -1 100 100 -1 -1 -1 -1 0 -1 -1 100 100 -1 -1 -1 -1 -1 -1 100 100 100
CARVE_CENTER -1.3670001291243137 -2.2056442597498807 0.9331253109505758
CARVE_D 1.0
CARVE_N 6
CARVE_NCELL 90
CARVE_CELLS 1 2 3 1 2 10 1 9 3 1 9 10 1 16 3 1 16 10 2 2 3 2 2 10 2 9 3 2 9 10 2 16 3 2 16 10 3 2 3 3 2 10 3 9 3 3 9 10 3 16 3 3 16 10 4 2 3 4 2 10 4 9 3 4 9 10 4 16 3 4 16 10 5 2 3 5 2 10 5 9 3 5 9 10 5 16 3 5 16 10 6 2 3 6 2 10 6 9 3 6 9 10 6 16 3 6 16 10 7 2 3 7 2 10 7 9 3 7 9 10 7 16 3 7 16 10 8 2 3 8 2 10 8 9 3 8 9 10 8 16 3 8 16 10 9 2 3 9 2 10 9 9 3 9 9 10 9 16 3 9 16 10 10 2 3 10 2 10 10 9 3 10 9 10 10 16 3 10 16 10 11 2 3 11 2 10 11 9 3 11 9 10 11 16 3 11 16 10 12 2 3 12 2 10 12 9 3 12 9 10 12 16 3 12 16 10 13 2 3 13 2 10 13 9 3 13 9 10 13 16 3 13 16 10 14 2 3 14 2 10 14 9 3 14 9 10 14 16 3 14 16 10 15 2 3 15 2 10 15 9 3 15 9 10 15 16 3 15 16 10
CARVE_OCC -1 -1 -1 -1 -1 -1 -1 -1 0 -1 -1 -1 -1 -1 0 -1 -1 -1 -1 -1 0 -1 -1 -1 -1 -1 0 -1 -1 -1 -1 -1 0 -1 -1 100 -1 -1 0 -1 -1 100 -1 -1 0 -1 -1 100 -1 -1 0 -1 -1 100 -1 -1 0 -1 -1 100 -1 -1 0 -1 -1 -1 -1 -1 0 -1 -1 -1 -1 -1 0 -1 -1 -1 -1 -1 0 -1 -1 -1 -1 -1 -1 -1 -1 -1
END
CASE
RES 0.294216775719802
PARAMS 20.0 27.0 9.0 0.984498005774852 0.711714619518991 1.7118334297400777 0.0 3.0 0.3920101209402481 1.2008790138575391
NOBST 1
OBSTPOS -0.15670609522144985 -1.0720764024018048 1.1155161371817561
OBSTBBOX 0.37471470796301476 0.4635911440790361 0.3938370659278583
NCLOUD 3
CLOUD 1.6265710092246204 -0.9397078776881078 2.0563394695692945 1.7279910538014103 -0.8110707328414106 1.0061260042263738 -0.4121157897884564 0.12385511099429802 0.2149139426900724
KBOOL 1 1 1 1 1 1 1 1 1
KINT 2 2 15 2
KFLOAT 0.2 1.0 0.5 0.0 2.0 0.1 0.5 0.7372639880222922 1.0 5.0 1.0 0.5 5.0
PREDTIMES 0
PREDSAMP -1
DIM 27 34 8
ORIGIN -2.987428466442475 -4.289970567717642 0.5349663268608698
NPRECARVE 0
NPTS 64
PTS -0.15670609522144985 -1.0720764024018048 1.1155161371817561 0.24329390477855017 -1.0720764024018048 1.1155161371817561 -0.15670609522144985 -1.5720764024018048 1.4155161371817562 0.984498005774852 0.7117146195189914 1.7118334297400777 -2.1930431719990096 -3.289633530270315 1.0057131680125528 -2.1930431719990096 -3.289633530270315 2.4179536914676025 -2.1930431719990096 0.7117146195189914 1.0057131680125528 -2.1930431719990096 0.7117146195189914 2.4179536914676025 -2.1930431719990096 4.7130627693083 1.0057131680125528 -2.1930431719990096 4.7130627693083 2.4179536914676025 0.984498005774852 -3.289633530270315 1.0057131680125528 0.984498005774852 -3.289633530270315 2.4179536914676025 0.984498005774852 0.7117146195189914 1.0057131680125528 0.984498005774852 0.7117146195189914 2.4179536914676025 0.984498005774852 4.7130627693083 1.0057131680125528 0.984498005774852 4.7130627693083 2.4179536914676025 4.162039183548714 -3.289633530270315 1.0057131680125528 4.162039183548714 -3.289633530270315 2.4179536914676025 4.162039183548714 0.7117146195189914 1.0057131680125528 4.162039183548714 0.7117146195189914 2.4179536914676025 4.162039183548714 4.7130627693083 1.0057131680125528 4.162039183548714 4.7130627693083 2.4179536914676025 -0.8205967878578648 -0.48742808441579255 2.449958568328894 -0.13944242572684917 6.179443478724736 2.6499154547307326 -3.452957681805131 2.7848254240291066 2.9943200887252694 2.1041305645998585 4.554507908723907 3.0298351144880873 4.057772680262541 0.03496930029794587 2.4929497746408127 4.951339172189435 -0.13392231884327988 0.7600998464146035 -2.7663225598247876 1.0493942053899783 2.1166538883137656 -0.4242519285699422 6.140601382362671 1.1303091243212382 -2.239387317385451 -2.9423765399423214 2.709065197075616 2.416062456418046 -3.234179367559013 2.528695572824257 -3.010501867731353 -3.599613232226629 2.3068344054551857 5.9307334321290135 3.9253975477858196 0.5781754911411191 4.6764777645352265 -1.3866272847428438 2.3781030564280483 0.8683460577733055 -4.62874086558764 0.6067924486003432 5.189459892039613 -2.4761830170001877 1.5335619648015408 -2.8949026420908206 -0.9634825798890319 1.1402428629982775 -2.7107236920787807 2.0740594133305725 2.1938172094161827 -1.10254945398845 -4.861500318394799 2.6515503750972558 -1.4125317685105843 5.9695285826711535 0.5986301278146114 5.889733532321735 -3.8427421500098538 1.9053983111875161 0.9799168996563932 -4.456347733595904 1.5142107283565396 1.333569439823751 -0.7380333211782264 1.0709962377221145 -3.4758361292608937 6.632557262796122 2.2601024296243972 0.7979607980259766 3.06268086873449 1.8214909933405363 1.5505229000251632 3.8502297100277074 3.0409800770410764 2.764854747177393 -1.886341296867693 2.751615884610413 -1.1319048011616926 5.533306279763905 1.4552639896613533 -1.782729903612835 -5.403283265170804 1.019633815837423 1.0094801404571623 4.462808510554857 0.6424352304242287 3.011804561282895 -1.0776626439286745 2.688688096275791 2.5035109869074144 0.19209427476386498 1.5229979196557952 5.917971924649692 5.34758107820194 1.864155339667823 0.13973644971587307 4.878997018476279 2.6303289280750426 1.6721614587001574 0.23167678523770174 1.0438926824436643 1.3996094182669316 -1.1616043994746854 0.762237668371037 3.5074865837779146 0.6082321228135115 0.3755495786352981 0.9872441356845525 -2.303941425095427 1.621336040652101 -0.7349291217312999 -3.7007660131292304 1.60688964207371 0.10462892299951898 3.0796792545882816 0.5347505093443067 4.610592281475958 -1.9472844259606905 0.5436141945771018 14.809316090132278 15.566291418895725 12.741592144759384 -10.840320078582574 -12.14286217985774 -7.317925285279229
FCFP -0.1923690971043559 -2.3775615255389293 0.9762914904405727 1.2787147814946542 -1.2006944226597214 0.9762914904405727 -0.1923690971043559 -2.3775615255389293 1.2705082661603746 0.984498005774852 0.8588230073788923 1.8589418175999786 -2.25188652714297 -3.260211852698335 0.9762914904405727 -2.25188652714297 -3.260211852698335 2.4473753690395825 -2.25188652714297 0.8588230073788923 0.9762914904405727 -2.25188652714297 0.8588230073788923 2.4473753690395825 -2.25188652714297 4.683641091736318 0.9762914904405727 -2.25188652714297 4.683641091736318 2.4473753690395825 0.984498005774852 -3.260211852698335 0.9762914904405727 0.984498005774852 -3.260211852698335 2.4473753690395825 0.984498005774852 0.8588230073788923 0.9762914904405727 0.984498005774852 0.8588230073788923 2.4473753690395825 0.984498005774852 4.683641091736318 0.9762914904405727 0.984498005774852 4.683641091736318 2.4473753690395825 4.220882538692674 -3.260211852698335 0.9762914904405727 4.220882538692674 -3.260211852698335 2.4473753690395825 4.220882538692674 0.8588230073788923 0.9762914904405727 4.220882538692674 0.8588230073788923 2.4473753690395825 4.220882538692674 4.683641091736318 0.9762914904405727 4.220882538692674 4.683641091736318 2.4473753690395825 -0.7808026485439599 -0.6122608712201174 2.4473753690395825 -0.1923690971043559 4.97785786745612 2.7415921447593847 -2.840320078582574 2.9183404374175064 2.7415921447593847 2.1613651086540595 4.683641091736318 2.7415921447593847 3.926665762972872 -0.023827319780513 2.4473753690395825 4.809316090132278 -0.023827319780513 0.6820747147207707 -2.840320078582574 1.153039783098695 2.1531585933197808 -0.4865858728241581 4.97785786745612 1.2705082661603746 -2.25188652714297 -2.9659950769785333 2.7415921447593847 2.455581884373862 -3.260211852698335 2.4473753690395825 -2.840320078582574 -3.5544286284181372 2.4473753690395825 4.809316090132278 3.8009907645769125 0.6820747147207707 4.809316090132278 -1.4949111983795231 2.4473753690395825 0.984498005774852 -3.5544286284181372 0.6820747147207707 4.809316090132278 -2.3775615255389293 1.5647250418801768 -2.840320078582574 -0.9064776469399192 1.2705082661603746 -2.840320078582574 2.0356901102581 2.1531585933197808 -1.075019424263762 -3.5544286284181372 2.7415921447593847 -1.3692361999835638 4.97785786745612 0.6820747147207707 4.809316090132278 -3.5544286284181372 1.8589418175999786 0.984498005774852 -3.5544286284181372 1.5647250418801768 1.2787147814946542 -0.6122608712201174 0.9762914904405727 -2.840320078582574 4.97785786745612 2.1531585933197808 0.6902812300550498 2.9183404374175064 1.8589418175999786 1.572931557214456 3.8009907645769125 2.7415921447593847 2.749798660093664 -1.7891279740993253 2.7415921447593847 -1.075019424263762 4.97785786745612 1.5647250418801768 -1.663452975703366 -3.5544286284181372 0.9762914904405727 0.984498005774852 4.389424316016516 0.6820747147207707 3.0440154358134657 -1.2006944226597214 2.7415921447593847 2.455581884373862 0.27038945593928876 1.5647250418801768 4.809316090132278 4.97785786745612 1.8589418175999786 0.10184767861544586 4.97785786745612 2.7415921447593847 1.572931557214456 0.27038945593928876 0.9762914904405727 1.2787147814946542 -1.2006944226597214 0.6820747147207707 3.63244898725307 0.5646062316590905 0.6820747147207707 0.984498005774852 -2.3775615255389293 1.5647250418801768 -0.7808026485439599 -3.5544286284181372 1.5647250418801768 0.10184767861544586 3.212557213137308 0.6820747147207707 4.515099314412476 -2.083344749819127 0.6820747147207707 14.809316090132278 15.566291418895725 12.741592144759384 -10.840320078582574 -12.14286217985774 -7.317925285279229
HNFN 1 1 1 1 1 1 1 1 1 1 1 1 1 1 1 1 1 1 1 1 1 1 1 0 0 1 1 1 1 0 1 1 1 0 1 0 1 1 1 0 1 0 1 1 0 1 1 1 1 0 1 1 1 0 1 1 1 1 1 1 1 1 0 0
NSEG 42
SEGS -1.1567060952214498 -1.0720764024018048 1.1155161371817561 0.8432939047785502 -1.0720764024018048 1.1155161371817561 -0.15670609522144985 -2.072076402401805 1.1155161371817561 -0.15670609522144985 -0.0720764024018048 1.1155161371817561 -0.9567060952214499 -1.8720764024018048 0.8155161371817561 0.6432939047785502 -0.27207640240180475 1.4155161371817562 -0.15670609522144985 -1.0720764024018048 1.1155161371817561 -0.15670609522144985 -1.0720764024018048 1.6155161371817561 0.9844980057748516 0.7117146195189923 1.7118334297400777 1.9844980057748516 1.7117146195189923 2.7118334297400777 0.9844980057748516 0.7117146195189923 1.7118334297400777 1.9844980057748516 1.7117146195189923 1.7118334297400777 0.9844980057748516 0.7117146195189923 1.7118334297400777 1.9844980057748516 0.7117146195189923 2.7118334297400777 -2.840320078582574 -4.142862179857741 1.7118334297400777 4.809316090132278 -4.142862179857741 1.7118334297400777 0.984498005774852 -5.142862179857741 1.7118334297400777 0.984498005774852 6.566291418895725 1.7118334297400777 0.984498005774852 0.7117146195189914 1.7118334297400777 0.984498005774852 0.7117146195189914 1.7118334297400777 5.002898782668803 2.892274872415781 1.9119260454369194 4.334700290558699 5.256709585346676 0.5540080667818079 -2.4508659954827703 1.6147317219874715 0.8898640043226811 5.369787763699202 -4.834769569096097 1.596636804231256 0.4166222890808 6.352185911221313 1.9958027521055226 -1.9173372703285112 0.12084624294760005 2.592758486840091 4.058669036976349 -1.0649798449102437 2.3605885052046083 1.1812687292085005 1.8700752999052366 2.6614665486544995 4.8462851196526415 6.23107076705323 2.135978722962423 3.7599368083097846 -2.4168010733529073 1.7186511888721028 3.0788840341487558 -1.2888920745122565 2.5336108703488316 0.03115805172445052 1.6639600194917081 2.8580706238014137 2.905572575702649 -3.4317366571995995 0.9575308499197143 5.12126635691544 1.6974430989563247 1.7656839849850945 -0.04156039761913721 6.208627618663908 0.9002705004792164 0.3509004942140481 -3.792488475008206 1.4729205781551171 -2.6226602638362877 4.567514265491952 1.199585707540745 -1.9561063520071689 -4.9849887717018895 0.8965518662753146 3.9405153453364874 -4.38163761286046 2.7739211421966803 4.30187603688697 -0.3928110271254397 1.2593219595470173 -0.23666271183451215 -1.7875987214192524 0.8376970438927348 -2.388918841153078 5.3757129055666555 1.3529328615413916 -1.0692407215166335 1.155386268852764 0.9433485419894722 -3.5533976459928756 -4.400909918610805 0.5369256161458231 -3.4648658173274303 -4.530624637219178 2.164405434515061 1.6813240148105169 5.650097965027091 1.323664349774679 0.17214683098183947 5.92762311393333 1.3803425914731107 -1.7631629077712656 -4.933916694103878 1.5806672844791243 0.0941642204148816 1.8472994441580903 0.5807443724471637 3.35331855728726 5.81757603357265 0.9802649692710066 1.6249565217285427 2.631611502923719 0.9968733940778293 3.3489800620926515 6.537014330074775 1.9485266502141636 -2.261981581658947 -3.797067080122922 2.125865891591298 3.5713976284904105 -1.5570123749782376 1.6444596056666025 3.9885026209602503 -3.9901117697569557 1.6699673891235425 0.3742860133546997 4.371767518387393 1.685937167035764 0.9983425318253651 -1.4705335310775713 0.9466710298899604 1.3412715228325518 -3.683905776504643 0.8513345335602107 0.768915173851981 -3.5103952051624225 1.1211763868891462 2.037675961880107 -2.318906370647358 2.0151722295601604 2.10543727989482 -0.6648344391748724 2.2866141760067507 4.1925058638142705 1.8375486644215924 1.863624932469932 5.3675689540482505 6.530617147043686 1.6060944035424614 2.4712794074027866 1.7387089862204919 0.792788100704192 3.2207324884680175 3.725690590863974 0.5032281933736967 -1.3159401552103307 2.135075769017985 1.016570989623395 3.031469825934104 5.0626376970187925 0.6424964408284201 4.94436664876913 3.0078310193413973 2.7838005841064772 -3.516204166606863 -1.749008411316547 1.340586376878227 -2.3959354572781266 -3.984061683041889 1.2516859410627852 2.934916763215425 -4.08607261640031 2.426797447767238 -1.291906641716191 1.3727404482844978 0.8210626465689647 -0.03911976431290931 -1.9846563771686756 1.2545142260432147 -0.3987623591982481 -1.4074711207048765 0.83838727203175 4.055763788606434 -0.1253517593699609 1.0342439672329948 -3.0512014461036547 5.107620800448971 2.6032026574476252 2.072502169897484 1.662007410804855 1.1103561162061908 0.8110145418104344 1.3285987052282735 2.554638689162459 -2.916760030939571 3.0302618474401593 2.1169824129666974 2.7321350869416503 -4.71898957684132 0.5378179957417155 -4.8403200785825735 -6.142862179857741 -1.3179252852792294 0.984498005774852 0.7117146195189914 1.7118334297400777 0.984498005774852 0.7117146195189914 1.7118334297400777 7.809316090132278 6.066291418895725 3.7415921447593847
BLK100 1 1 1 1 0 0 0 1 1 0 1 1 1 0 1 0 0 1 1 1 1 0 1 1 1 1 1 1 1 0 0 1 0 0 1 1 1 0 0 1 1 0
BLK0 1 1 1 1 0 0 0 1 1 0 1 1 1 0 1 0 0 1 1 1 1 0 1 1 1 1 1 1 1 0 0 1 0 0 1 1 1 0 0 1 1 0
RADII 0 1 2
LOS 0 0 0 0 0 0 0 0 0 0 0 0 1 1 1 1 1 1 1 1 1 0 0 0 0 0 0 1 1 1 0 0 0 0 0 0 0 0 0 1 1 1 0 0 0 1 1 0 1 0 0 0 0 0 0 0 0 0 0 0 0 0 0 1 0 0 0 0 0 0 0 0 0 0 0 0 0 0 0 0 0 0 0 0 0 0 0 1 0 0 1 0 0 0 0 0 1 1 1 1 0 0 0 0 0 0 0 0 0 0 0 1 0 0 1 1 1 0 0 0 0 0 0 1 1 1
CWCOUNTS 0 1350 5994
NCARVE 3
CARVE_CENTER -0.15670609522144985 -1.0720764024018048 1.1155161371817561
CARVE_D 0.6
CARVE_N 3
CARVE_NCELL 54
CARVE_CELLS 5 6 1 5 6 5 5 10 1 5 10 5 5 14 1 5 14 5 6 6 1 6 6 5 6 10 1 6 10 5 6 14 1 6 14 5 7 6 1 7 6 5 7 10 1 7 10 5 7 14 1 7 14 5 8 6 1 8 6 5 8 10 1 8 10 5 8 14 1 8 14 5 9 6 1 9 6 5 9 10 1 9 10 5 9 14 1 9 14 5 10 6 1 10 6 5 10 10 1 10 10 5 10 14 1 10 14 5 11 6 1 11 6 5 11 10 1 11 10 5 11 14 1 11 14 5 12 6 1 12 6 5 12 10 1 12 10 5 12 14 1 12 14 5 13 6 1 13 6 5 13 10 1 13 10 5 13 14 1 13 14 5
CARVE_OCC -1 -1 100 100 100 100 -1 -1 0 100 100 100 -1 -1 0 100 100 100 -1 -1 0 100 100 100 -1 -1 0 100 100 100 -1 -1 0 100 100 100 -1 -1 0 100 100 100 -1 -1 0 100 100 100 -1 -1 100 100 100 100
CARVE_CENTER 0.984498005774852 0.7117146195189914 1.7118334297400777
CARVE_D 0.45
CARVE_N 2
CARVE_NCELL 63
CARVE_CELLS 10 14 1 10 14 4 10 14 7 10 17 1 10 17 4 10 17 7 10 20 1 10 20 4 10 20 7 11 14 1 11 14 4 11 14 7 11 17 1 11 17 4 11 17 7 11 20 1 11 20 4 11 20 7 12 14 1 12 14 4 12 14 7 12 17 1 12 17 4 12 17 7 12 20 1 12 20 4 12 20 7 13 14 1 13 14 4 13 14 7 13 17 1 13 17 4 13 17 7 13 20 1 13 20 4 13 20 7 14 14 1 14 14 4 14 14 7 14 17 1 14 17 4 14 17 7 14 20 1 14 20 4 14 20 7 15 14 1 15 14 4 15 14 7 15 17 1 15 17 4 15 17 7 15 20 1 15 20 4 15 20 7 16 14 1 16 14 4 16 14 7 16 17 1 16 17 4 16 17 7 16 20 1 16 20 4 16 20 7
CARVE_OCC 100 100 -1 -1 -1 -1 -1 -1 -1 100 100 -1 -1 0 -1 -1 -1 -1 100 100 -1 -1 0 -1 -1 -1 -1 100 100 -1 -1 0 -1 -1 -1 -1 -1 -1 -1 -1 0 -1 -1 -1 -1 -1 -1 -1 -1 0 -1 -1 -1 -1 -1 -1 -1 -1 -1 -1 -1 -1 -1
CARVE_CENTER -0.604272583112079 -1.2889594553756623 1.2410865885883946
CARVE_D 1.0
CARVE_N 4
CARVE_NCELL 66
CARVE_CELLS 3 5 2 3 5 7 3 10 2 3 10 7 3 15 2 3 15 7 4 5 2 4 5 7 4 10 2 4 10 7 4 15 2 4 15 7 5 5 2 5 5 7 5 10 2 5 10 7 5 15 2 5 15 7 6 5 2 6 5 7 6 10 2 6 10 7 6 15 2 6 15 7 7 5 2 7 5 7 7 10 2 7 10 7 7 15 2 7 15 7 8 5 2 8 5 7 8 10 2 8 10 7 8 15 2 8 15 7 9 5 2 9 5 7 9 10 2 9 10 7 9 15 2 9 15 7 10 5 2 10 5 7 10 10 2 10 10 7 10 15 2 10 15 7 11 5 2 11 5 7 11 10 2 11 10 7 11 15 2 11 15 7 12 5 2 12 5 7 12 10 2 12 10 7 12 15 2 12 15 7 13 5 2 13 5 7 13 10 2 13 10 7 13 15 2 13 15 7
CARVE_OCC -1 -1 -1 -1 -1 -1 -1 -1 0 -1 -1 -1 -1 -1 0 -1 -1 -1 -1 -1 0 -1 -1 -1 -1 -1 0 -1 -1 -1 -1 -1 0 -1 -1 -1 -1 -1 0 -1 -1 -1 -1 -1 0 -1 -1 -1 -1 -1 0 -1 -1 -1 -1 -1 0 -1 -1 -1 -1 -1 100 -1 -1 -1
END
CASE
RES 0.2519574245884506
PARAMS 28.0 31.0 14.0 0.10619645729360361 -0.05609387487103046 1.180281350377003 0.0 3.0 0.11291396943951383 3.8962084675892177
NOBST 1
OBSTPOS -0.7447402137330149 -0.8570409867537061 1.30436862434566
OBSTBBOX 0.2598561569893303 0.16872946207380038 0.32991887874313314
NCLOUD 28
CLOUD 1.3391764439428027 0.16744284205274207 1.9768395166392525 1.259397734349581 1.9679800046106566 1.1684098249554111 0.03043460302149148 -1.2167321984613948 1.531916241959193 -0.22225058015080768 1.9496643214384197 0.9848304772320345 1.511101084955229 -1.3506976145652505 1.3803431129038588 -0.8279076569815036 1.3789442614225322 1.2127039183634158 0.3361548651579467 1.1323473375736812 1.636809431240638 -0.8072841246427949 -0.3243065791226125 2.122539999003389 1.4469565961017148 -1.4922028802151575 0.878844367293139 -0.8039896930462698 1.296988205209197 2.348738824061279 -0.48404797947374867 1.1607841482569392 0.6853397777014826 -0.6301814747799597 -0.34342711330373854 1.2629137284883225 1.1885878171765376 0.6624324576570366 0.4540563837193089 0.007299242265913275 1.8703939351979564 2.072079958859049 -1.0435966212221306 -0.2587610101490698 1.1417533703353142 1.9334815583853042 -0.5537683640909847 1.8356268343933666 1.6696167180683683 0.3138807542263442 0.10411019786774894 1.60267095432051 -1.2298059892369309 2.60657167826872 -0.4415095513583154 -1.902506851907091 1.3493733029493706 0.38289402969594866 -1.4877836917331164 0.3343556894838342 -0.1205565433453355 0.12509093533242366 1.4616270542982472 1.638757192685186 0.6800603665027034 0.6958664349754138 1.812646544254327 0.6893503661012419 2.248049300796679 -1.7284969225072566 1.176515209916638 1.9051448965035076 -1.202989813604344 -0.7145419227729972 1.0010135882105122 0.1860760993628614 -1.0061559888731284 2.495986866517855 -0.4817080548710839 -1.4435117019643156 1.668015770368908 -1.4385596300055568 -1.0369170201159976 0.6787472444039813
KBOOL 1 1 1 0 1 1 1 1 1
KINT 2 1 15 2
KFLOAT 0.2 1.0 0.5 0.0 2.0 0.1 0.5 0.7797815774354347 1.0 5.0 1.0 0.5 5.0
PREDTIMES 0
PREDSAMP -1
DIM 31 34 11
ORIGIN -3.799143623827381 -4.339370092874691 0.17245165202320067
NPRECARVE 0
NPTS 64
PTS -0.7447402137330149 -0.8570409867537061 1.30436862434566 -0.3447402137330149 -0.8570409867537061 1.30436862434566 -0.7447402137330149 -1.357040986753706 1.60436862434566 0.10619645729360361 -0.05609387487103046 1.558217487259679 -3.018075607603184 -3.4827148492739584 0.7267579861177921 -3.018075607603184 -3.4827148492739584 2.3896769884015665 -3.018075607603184 -0.05609387487103046 0.7267579861177921 -3.018075607603184 -0.05609387487103046 2.3896769884015665 -3.018075607603184 3.3705270995318983 0.7267579861177921 -3.018075607603184 3.3705270995318983 2.3896769884015665 0.10619645729360361 -3.4827148492739584 0.7267579861177921 0.10619645729360361 -3.4827148492739584 2.3896769884015665 0.10619645729360361 -0.05609387487103046 0.7267579861177921 0.10619645729360361 -0.05609387487103046 2.3896769884015665 0.10619645729360361 3.3705270995318983 0.7267579861177921 0.10619645729360361 3.3705270995318983 2.3896769884015665 3.2304685221903915 -3.4827148492739584 0.7267579861177921 3.2304685221903915 -3.4827148492739584 2.3896769884015665 3.2304685221903915 -0.05609387487103046 0.7267579861177921 3.2304685221903915 -0.05609387487103046 2.3896769884015665 3.2304685221903915 3.3705270995318983 0.7267579861177921 3.2304685221903915 3.3705270995318983 2.3896769884015665 3.725934478731844 3.398346286111285 2.256917479695468 2.953357508903414 4.520515462047018 1.4488425486658054 1.9952631958779135 -4.1667221320555425 2.3432862423688094 4.505096614151786 0.6875347097311506 2.89997393334283 1.061472591796453 -1.9667962897324918 0.5976069246262571 3.4196649873193197 2.639180695523396 1.59792836281356 -1.0727392895428336 0.30113198854038803 1.9714876475334053 -4.251651846929504 -3.272169813296678 2.286113775666414 2.5800965492283208 1.0501507624586566 0.5294565452685251 -3.929688346820315 -1.6560560351919933 1.5921319963710432 4.604521389440412 -2.3770873855818953 0.782422093798395 -1.3947224456820009 -0.26835023966540517 0.5480166871691472 2.235313336858157 -1.6820066742774271 0.5458711837877889 -1.5506631134105997 1.7822006043420142 3.1696486341579204 4.362738851242763 1.0427620080160613 1.5921585895969528 4.133448306468787 2.3956477465320924 2.4921107292565843 -2.642735588415137 0.0867713167848585 0.7273342727774137 -1.3331115417506623 2.985687579946114 0.4102665923069763 2.53337985717605 -2.8822042389224407 0.01953465211608063 -1.3302459444123964 -1.790377375626441 0.6464578585216437 -0.4602954255959091 -2.657889335609343 1.7457049399553477 2.6526076840191797 0.9150500406737212 1.5251009426053137 -4.247311332293272 4.779741691616079 2.126008658236893 -3.2778684667360993 0.04836203343516132 0.34039838205169204 -1.5278529944888275 -5.225855124805513 0.7328738937248573 -0.5014496066106293 1.4433794437414402 1.248492098931889 -0.0630041419295182 -2.0947380475572386 0.5291284981433658 3.633970537919221 -0.4046325345420434 2.031355319129766 0.11431997810661665 -2.8305867873481287 0.7659831964516828 -2.311663846564463 -1.9731858338610055 0.47472547229667755 -1.6461925921463192 -3.609576408808687 0.7618465399529364 4.40896609136768 -3.0285061373790274 3.0481537623269057 -0.3564736995064526 -1.0166343761168894 1.4678628437499237 -1.0195836034759211 -4.303162522730312 0.23492682812615537 4.466412438426732 4.311018264768523 0.9886253535538645 0.444949434993287 4.002317065167687 1.3558052525627946 4.765656021171547 -3.216638603283993 2.9918210592217687 -2.7187051333687817 -1.0376350826984506 0.925718201987683 2.649474078471818 -1.726537792843314 2.3595572869584887 2.0591543650021267 -2.690163349276797 2.964150902357117 13.885557826120362 14.101203630838405 12.818004610201932 -11.673164911533156 -12.213391380580465 -7.701569635682574
FCFP -0.6496758164717482 -1.1899022855190582 1.3062600626712284 -0.145760967294847 -0.9379448609306076 1.3062600626712284 -0.6496758164717482 -1.4418597101075088 1.558217487259679 0.10619645729360361 0.06988483742319485 1.558217487259679 -2.9172926377678037 -3.4575191068151137 0.8023452134943272 -2.9172926377678037 -3.4575191068151137 2.3140897610250306 -2.9172926377678037 0.06988483742319485 0.8023452134943272 -2.9172926377678037 0.06988483742319485 2.3140897610250306 -2.9172926377678037 3.3453313570730527 0.8023452134943272 -2.9172926377678037 3.3453313570730527 2.3140897610250306 0.10619645729360361 -3.4575191068151137 0.8023452134943272 0.10619645729360361 -3.4575191068151137 2.3140897610250306 0.10619645729360361 0.06988483742319485 0.8023452134943272 0.10619645729360361 0.06988483742319485 2.3140897610250306 0.10619645729360361 3.3453313570730527 0.8023452134943272 0.10619645729360361 3.3453313570730527 2.3140897610250306 3.129685552355011 -3.4575191068151137 0.8023452134943272 3.129685552355011 -3.4575191068151137 2.3140897610250306 3.129685552355011 0.06988483742319485 0.8023452134943272 3.129685552355011 0.06988483742319485 2.3140897610250306 3.129685552355011 3.3453313570730527 0.8023452134943272 3.129685552355011 3.3453313570730527 2.3140897610250306 3.633600401531912 3.3453313570730527 2.3140897610250306 2.8777281277665603 3.849246206249954 1.558217487259679 1.8698984294127579 -3.961433955992015 2.3140897610250306 3.8855578261203627 0.5737996866000961 2.818004610201932 1.114026155647406 -1.94577455928441 0.5503877889058766 3.3816429769434615 2.589459083307701 1.558217487259679 -1.1535906656486494 0.32184226201164545 2.06213233643658 -3.6731649115331555 -3.205561682226663 2.3140897610250306 2.6257707031781097 1.0777145357769973 0.5503877889058766 -3.6731649115331555 -1.6938171346959594 1.558217487259679 3.8855578261203627 -2.4496894084613112 0.8023452134943272 -1.4055480902371 -0.18207258716525576 0.5503877889058766 2.1218558540012085 -1.6938171346959594 0.5503877889058766 -1.6575055148255506 1.833586809542349 2.818004610201932 3.8855578261203627 1.0777145357769973 1.558217487259679 3.8855578261203627 2.3375016587192503 2.566047185613481 -2.665335213179353 0.06988483742319485 0.8023452134943272 -1.4055480902371 3.093373932484602 0.298430364317426 2.6257707031781097 -2.9536042576382124 0.298430364317426 -1.4055480902371 -1.6938171346959594 0.5503877889058766 -0.3977183918832976 -2.701646833049762 1.8101749118481296 2.6257707031781097 0.8257571111885467 1.558217487259679 -3.6731649115331555 3.849246206249954 2.06213233643658 -3.1692500623562543 0.06988483742319485 0.298430364317426 -1.4055480902371 -3.961433955992015 0.8023452134943272 -0.3977183918832976 1.3296719603654479 1.3062600626712284 -0.145760967294847 -2.1977319838728606 0.5503877889058766 3.633600401531912 -0.43403001175370637 2.06213233643658 0.10619645729360361 -2.9536042576382124 0.8023452134943272 -2.4133777885909025 -1.94577455928441 0.5503877889058766 -1.6575055148255506 -3.7094765314035643 0.8023452134943272 3.8855578261203627 -2.9536042576382124 2.818004610201932 -0.3977183918832976 -1.1899022855190582 1.558217487259679 -0.9016332410601988 -3.961433955992015 0.298430364317426 3.8855578261203627 3.849246206249954 1.0543026380827778 0.3581538818820542 3.849246206249954 1.3062600626712284 3.8855578261203627 -3.205561682226663 2.818004610201932 -2.665335213179353 -0.9379448609306076 0.8023452134943272 2.6257707031781097 -1.6938171346959594 2.3140897610250306 2.1218558540012085 -2.701646833049762 2.818004610201932 13.885557826120362 14.101203630838405 12.818004610201932 -11.673164911533156 -12.213391380580465 -7.701569635682574
HNFN 1 1 1 1 1 1 1 1 1 1 1 1 1 1 1 1 1 1 1 1 1 1 1 0 1 0 1 1 1 0 1 1 0 1 1 1 0 1 1 1 1 1 1 1 0 1 0 1 1 1 1 1 1 0 1 1 0 1 0 1 1 1 0 0
NSEG 42
SEGS -1.744740213733015 -0.8570409867537061 1.30436862434566 0.2552597862669851 -0.8570409867537061 1.30436862434566 -0.7447402137330149 -1.857040986753706 1.30436862434566 -0.7447402137330149 0.1429590132462939 1.30436862434566 -1.5447402137330148 -1.6570409867537061 1.00436862434566 0.055259786266985134 -0.05704098675370606 1.60436862434566 -0.7447402137330149 -0.8570409867537061 1.30436862434566 -0.7447402137330149 -0.8570409867537061 1.80436862434566 0.10619645729360361 -0.05609387487103046 1.558217487259679 1.1061964572936036 0.9439061251289695 2.558217487259679 0.10619645729360361 -0.05609387487103046 1.558217487259679 1.1061964572936036 0.9439061251289695 1.558217487259679 0.10619645729360361 -0.05609387487103046 1.558217487259679 1.1061964572936036 -0.05609387487103046 2.558217487259679 -3.6731649115331555 -4.2133913805804655 1.558217487259679 3.8855578261203627 -4.2133913805804655 1.558217487259679 0.10619645729360361 -5.2133913805804655 1.558217487259679 0.10619645729360361 5.101203630838405 1.558217487259679 0.10619645729360361 -0.05609387487103046 1.558217487259679 0.10619645729360361 -0.05609387487103046 1.558217487259679 -3.828184989751558 -0.978355415111241 0.27587487676071637 3.082274011668452 -0.5047756468517686 1.0309343848069872 -1.4951130579229477 -1.695890635889072 0.4526858722420203 0.49454546148256995 0.21204899800349963 1.5825656193479476 3.9348005017639167 -0.5929815391356366 0.7165319774460805 -4.341052764599355 4.124969659731357 1.389945974768639 0.40820536472161795 -2.6519227695078396 1.787756426662633 -2.5601458680875258 1.8869961221206095 1.3562039152790737 -3.4490670455415713 -2.7464219103494454 2.893585836576526 2.246026821910206 3.5767998061919473 1.6754559281210195 3.75429716967225 -0.6316616253177765 2.1259187592841937 -2.331511338562111 -2.3018053902920994 0.46078362847490784 0.9614111612505898 -3.384984574003818 0.45185609091992085 4.298693108335894 3.6959802418317684 1.7032142188234825 -3.604726193843012 3.5886212859754743 2.3300887586779675 -3.1448557554692913 4.078493019548106 1.752791144910037 -4.184997872654178 -0.7501199600001507 2.021331221388624 1.464046017204037 -2.779363187429228 2.2315654462656567 -0.3122039402485077 -2.7921608262612 1.6319751622073257 -2.9029641959945924 4.361034109797964 2.1125153541157813 1.947332231697172 3.0739143718679074 0.3574574568127298 -3.261101036160515 -2.3020350749883005 2.526439575473259 3.673329909917469 3.056688145921078 1.5284737582253964 -1.9508491171366176 3.8069658645240994 1.79192272449623 2.4120256609835824 -1.4116276914979573 1.792130953177135 -2.1896949311658376 0.23857514478100494 0.9848130400960167 -1.2812488888175855 -0.8644221002169332 0.5845461440789346 -4.289331384315566 -2.031084319735985 1.904100517096066 -3.1106414016656667 2.140560029593763 0.3277952462726732 2.6710990975522417 -2.726966217551145 0.11796127201855813 -1.2152366401967987 4.703837632959419 0.8600567582801708 -4.361175415170995 -3.911841559725798 1.5828693644053144 1.6471178598494118 -0.6999142492571946 1.7295664765421408 -0.8961586401401518 3.008105799348135 1.523205487561307 -3.168755287093232 -0.9617104521024644 2.401531960445708 -0.01444426982023339 3.489396935642608 2.702498523043623 -0.06379426070710403 -1.992822024504294 2.469935764181381 3.3937798807574797 2.399522042356211 2.353710709299169 -3.1873173306287423 -3.6154476986690334 1.297986189700326 0.353894652066308 -3.6111839829280465 1.9699089006870063 0.6742866616746301 2.5162688192390013 2.593315437916279 -1.9934424142437637 -1.0673820452041256 2.994451198127707 2.3710420882622145 -4.740957739241043 2.7169348418172907 -0.9564457007015674 2.3283896689728723 2.8481536313232327 4.259143854303066 -1.3583729775020457 3.000236378548241 1.3205287116258253 -3.729058231340931 1.1304550191489657 4.303032693441218 -3.988998601685489 1.6646678545877869 -0.04242956713972257 -2.7553675452598703 1.5125400444391632 1.1088730787358827 -1.242114982258761 0.29953549517552824 4.605846220884465 -1.8801192593232412 2.678496859313812 -2.917476378818243 -2.64716762230641 0.8523223746317737 2.3336080337368 0.46377817332676674 1.3313726446969372 -3.896731551952316 -0.5191450909572679 1.2957010222790393 -2.832345544483797 -1.798400252005167 0.8697149422536874 -0.7557694781974673 4.415823711117615 2.3148540302655665 -1.5794235633453209 -0.8402978007805255 0.16064193878555383 -1.6991021708197502 -3.2814201512335535 0.46655868967506886 -3.3261741698498204 -3.7412969917013075 2.900414548700586 -1.3778775989508478 3.315908536959414 1.5598263820448532 2.3911017467016187 -3.960912821957164 0.9847441426898791 -5.6731649115331555 -6.2133913805804655 -1.701569635682574 0.10619645729360361 -0.05609387487103046 1.558217487259679 0.10619645729360361 -0.05609387487103046 1.558217487259679 6.885557826120363 4.601203630838405 3.818004610201932
BLK100 1 1 1 1 0 0 0 1 1 0 0 1 1 1 0 0 0 1 0 1 0 0 1 1 0 1 1 0 1 0 0 1 0 0 0 0 0 1 0 0 1 0
BLK0 1 1 1 1 0 0 0 1 1 0 0 1 1 1 0 0 0 1 0 1 0 0 1 1 0 1 1 0 1 0 0 1 0 0 0 0 0 1 0 0 1 0
RADII 0 1 2
LOS 0 0 0 0 0 0 0 0 0 0 0 0 1 0 0 1 0 0 1 0 0 0 0 0 0 0 0 1 1 1 1 0 0 0 0 0 0 0 0 0 0 0 1 1 0 1 1 0 1 1 0 0 0 0 1 1 1 0 0 0 1 1 0 1 0 0 0 0 0 0 0 0 1 1 0 0 0 0 0 0 0 1 1 0 0 0 0 1 1 0 1 1 0 0 0 0 1 1 0 1 0 0 1 0 0 1 0 0 1 1 1 0 0 0 1 1 0 1 0 0 0 0 0 1 0 0
CWCOUNTS 0 727 10867
NCARVE 3
CARVE_CENTER -0.7447402137330149 -0.8570409867537061 1.30436862434566
CARVE_D 0.6
CARVE_N 3
CARVE_NCELL 81
CARVE_CELLS 8 9 0 8 9 4 8 9 8 8 13 0 8 13 4 8 13 8 8 17 0 8 17 4 8 17 8 9 9 0 9 9 4 9 9 8 9 13 0 9 13 4 9 13 8 9 17 0 9 17 4 9 17 8 10 9 0 10 9 4 10 9 8 10 13 0 10 13 4 10 13 8 10 17 0 10 17 4 10 17 8 11 9 0 11 9 4 11 9 8 11 13 0 11 13 4 11 13 8 11 17 0 11 17 4 11 17 8 12 9 0 12 9 4 12 9 8 12 13 0 12 13 4 12 13 8 12 17 0 12 17 4 12 17 8 13 9 0 13 9 4 13 9 8 13 13 0 13 13 4 13 13 8 13 17 0 13 17 4 13 17 8 14 9 0 14 9 4 14 9 8 14 13 0 14 13 4 14 13 8 14 17 0 14 17 4 14 17 8 15 9 0 15 9 4 15 9 8 15 13 0 15 13 4 15 13 8 15 17 0 15 17 4 15 17 8 16 9 0 16 9 4 16 9 8 16 13 0 16 13 4 16 13 8 16 17 0 16 17 4 16 17 8
CARVE_OCC -1 -1 -1 -1 -1 -1 -1 -1 -1 -1 -1 -1 -1 0 -1 -1 -1 -1 -1 -1 -1 -1 0 -1 -1 -1 -1 -1 -1 -1 -1 0 -1 -1 -1 -1 -1 -1 -1 -1 0 -1 -1 -1 -1 -1 100 -1 -1 0 -1 -1 -1 -1 -1 -1 -1 -1 0 -1 -1 -1 -1 -1 -1 -1 -1 0 -1 -1 -1 -1 -1 -1 -1 -1 -1 -1 -1 -1 -1
CARVE_CENTER 0.10619645729360361 -0.05609387487103046 1.558217487259679
CARVE_D 0.45
CARVE_N 2
CARVE_NCELL 63
CARVE_CELLS 12 14 2 12 14 5 12 14 8 12 17 2 12 17 5 12 17 8 12 20 2 12 20 5 12 20 8 13 14 2 13 14 5 13 14 8 13 17 2 13 17 5 13 17 8 13 20 2 13 20 5 13 20 8 14 14 2 14 14 5 14 14 8 14 17 2 14 17 5 14 17 8 14 20 2 14 20 5 14 20 8 15 14 2 15 14 5 15 14 8 15 17 2 15 17 5 15 17 8 15 20 2 15 20 5 15 20 8 16 14 2 16 14 5 16 14 8 16 17 2 16 17 5 16 17 8 16 20 2 16 20 5 16 20 8 17 14 2 17 14 5 17 14 8 17 17 2 17 17 5 17 17 8 17 20 2 17 20 5 17 20 8 18 14 2 18 14 5 18 14 8 18 17 2 18 17 5 18 17 8 18 20 2 18 20 5 18 20 8
CARVE_OCC -1 100 -1 -1 -1 -1 -1 -1 -1 -1 100 -1 -1 0 -1 -1 -1 -1 -1 -1 -1 -1 0 -1 -1 -1 -1 -1 -1 -1 -1 0 -1 -1 -1 -1 -1 -1 -1 -1 0 -1 -1 -1 -1 -1 -1 -1 -1 0 -1 -1 -1 -1 -1 -1 -1 -1 -1 -1 -1 -1 -1
CARVE_CENTER -1.4559395751547903 -1.7694043620724949 1.0039111531650877
CARVE_D 1.0
CARVE_N 4
CARVE_NCELL 66
CARVE_CELLS 4 5 3 4 5 8 4 10 3 4 10 8 4 15 3 4 15 8 5 5 3 5 5 8 5 10 3 5 10 8 5 15 3 5 15 8 6 5 3 6 5 8 6 10 3 6 10 8 6 15 3 6 15 8 7 5 3 7 5 8 7 10 3 7 10 8 7 15 3 7 15 8 8 5 3 8 5 8 8 10 3 8 10 8 8 15 3 8 15 8 9 5 3 9 5 8 9 10 3 9 10 8 9 15 3 9 15 8 10 5 3 10 5 8 10 10 3 10 10 8 10 15 3 10 15 8 11 5 3 11 5 8 11 10 3 11 10 8 11 15 3 11 15 8 12 5 3 12 5 8 12 10 3 12 10 8 12 15 3 12 15 8 13 5 3 13 5 8 13 10 3 13 10 8 13 15 3 13 15 8 14 5 3 14 5 8 14 10 3 14 10 8 14 15 3 14 15 8
CARVE_OCC -1 -1 -1 -1 -1 -1 -1 -1 0 -1 -1 -1 -1 -1 0 -1 -1 -1 -1 -1 0 -1 -1 -1 -1 -1 0 -1 -1 -1 -1 -1 0 -1 -1 -1 -1 -1 0 -1 -1 -1 -1 -1 0 -1 -1 -1 -1 -1 0 -1 -1 -1 -1 -1 0 -1 -1 -1 -1 -1 -1 -1 -1 -1
END
CASE
RES 0.30088733457969474
PARAMS 16.0 23.0 13.0 -0.8562317453975343 -0.971918328144862 1.7322537201888881 0.0 3.0 0.31854345795929145 2.3129066268622744
NOBST 3
OBSTPOS -0.40914945790539947 0.6543615875185762 1.2928865712770974 -0.6113664848527575 0.9435426405321439 0.9829412897679871 0.5005886685704142 0.37284965781643775 1.1361788936443875
OBSTBBOX 0.3986747103668281 0.22960796064298428 0.33167786714963243 0.13967683460337446 0.317037092210472 0.1380713804940808 0.3542404163073781 0.4722614080641887 0.1494238385857897
NCLOUD 73
CLOUD -1.649194505534938 1.2113794478480995 2.6214066411022725 -0.127627987094745 -0.4119890504098569 1.230889191437825 -1.8462856190571997 1.6055930500443547 2.6307194315023366 -1.8707225829617427 -0.8050438020075292 0.10465575088681416 -1.1287730507446128 -1.3019198176721458 0.11811522481852817 -1.0550111534051863 1.55171791096577 2.3950416156620817 1.4507354380027868 -0.49285823847938603 1.8155106025714614 -1.7691558397129268 0.5279914828771934 2.4836321428258894 -1.4611803813857334 -1.7191116308747136 2.1487737849166377 -1.1575952352361498 1.839541803135218 2.6535387663714625 0.8870528370007502 -0.8066740850311258 2.777114676876178 0.7558445467266757 0.2647327287322807 1.6347854573195926 -0.7514253413347634 -0.263699035221971 0.283350331851975 -1.1113955983322996 -0.35707682241544036 2.568020258618542 0.7068636971497946 1.6627744397538855 0.8883108071632709 -1.942454657975286 -0.4450920989932228 0.5915891628404569 0.033677548082073905 1.2018863286083339 0.3010866081930388 1.068164295625158 1.5438965066035366 1.4493516151290493 1.6785104481678244 -1.3778160580460508 2.4970482710637967 -1.4318092109170824 -0.034120545801202606 2.140247810780087 -0.7504294134653859 -1.4065308714992062 0.21960628715407798 -0.610939098043028 1.521369936966125 1.295468611002958 1.5220431180495968 0.7308939944612307 0.16152379541310885 0.6578811604733743 1.6807416370253199 0.4899452038190817 -0.3791416743305853 1.4809739307374472 0.7923182847699373 -0.07466525907321886 1.2518693193205923 0.4026827532397509 1.2768113835189179 1.8663815494783287 1.9487742418364535 -1.2188217340139316 -1.9529544293854966 1.1511663624231991 0.987168401526954 -0.6365936795878229 1.167761708726816 -0.3328921339578801 0.6544153675623603 0.6175938799351998 0.64325931990424 1.0603301519290556 1.507303863348132 -1.5575462778795361 -1.088896481917876 1.624656934820448 0.5084806970011302 -1.1212211509966155 1.7333978300325994 -0.9623524866086037 -1.8968566029564649 0.9103755408514126 -0.6795086381683997 -0.4616947599532901 0.4753460428485542 -0.0763723393521456 0.7039806920362102 2.0105047602783612 -0.6251162175787632 -1.5339567298597614 1.3205716731653454 -1.9656966346878164 0.2515431007244464 1.906742212522698 -0.04336894518713441 0.14189401873004126 1.4213959054559326 -0.5018072852997464 -1.2674202444633127 0.16967608190036312 -1.1870635954462592 -0.9469374513945565 2.51402022409027 1.853606349577269 -1.0767305827307743 0.4369970355541315 -1.0033331531979042 -1.9953729541275833 1.2092868696005938 1.6340444099614806 -1.2472266980091344 2.1044002845322765 -0.38604508878745536 1.7209671621471654 2.2868756495955207 0.09234495209128912 1.4522385916154281 1.9244642481694338 1.7953458198131194 -0.29808194580821823 0.39731328198158433 -1.6501787358291935 -0.846333004984368 0.9677774611244565 1.3341502151137696 0.24637389588198166 0.8232730426484087 0.9550281612636615 0.1777030020382102 1.3909144842328263 -0.4524738788170257 0.5337357872622523 2.1809301241679107 -0.37062981659646654 -0.31160565535945484 1.0966839361003302 -0.3388434656660837 -1.900963929932987 1.979064049768265 1.219783240905647 1.346307180007793 0.5010178539159132 0.2107343574417948 -0.28550990531096554 0.30055963329343194 -1.8855389189231513 -1.0199469548834208 1.433594972803981 0.741892648692219 1.6820661426631611 1.7821185134860174 -1.919201166816816 -1.7134548643574554 1.0271259258965657 -0.9903580245038412 0.7626071451338889 0.2526894114376587 0.9529869335275465 -1.2580426033076457 0.7642613653880227 0.819415281796807 -0.06468900765653673 1.586592545576167 -1.4051846834458845 -1.8549563765667263 1.5414765253895 1.7232778038601078 0.17881597487596856 0.34737138621261865 1.8590326650593543 1.641285084574211 1.5362228713705521 0.8586968088236828 0.3027879787100538 1.9574829876007422 -1.167998269863058 0.4892374666353212 1.3670492165606598 1.7459484431289671 0.9517429603098035 0.16328671986559318 -1.0797148521785318 1.2775251229985893 1.9665584754408254 0.10423749221685474 0.3212709244898395 1.3575169413752974 -0.817660794626272 1.6648217425619327 0.6589996293793289 -0.2245720617088689 -0.22577217871694932 0.21200890285607138 0.03872164034139747 0.4590965714290709 0.6107277342111299 -1.0466228564660338 0.27856691963878033 2.06225485715565
KBOOL 1 1 1 0 1 1 1 1 1
KINT 3 3 15 2
KFLOAT 0.2 1.0 0.5 0.0 2.0 0.1 0.5 0.5554378375016962 1.0 5.0 1.0 0.5 5.0
PREDTIMES 0
PREDSAMP -1
DIM 22 29 9
ORIGIN -4.165992425774176 -5.3347846795504354 0.2278170472904144
NPRECARVE 0
NPTS 70
PTS -0.40914945790539947 0.6543615875185762 1.2928865712770974 -0.00914945790539945 0.6543615875185762 1.2928865712770974 -0.40914945790539947 0.1543615875185762 1.5928865712770974 -0.6113664848527575 0.9435426405321439 0.9829412897679871 -0.21136648485275744 0.9435426405321439 0.9829412897679871 -0.6113664848527575 0.4435426405321439 1.282941289767987 0.5005886685704142 0.37284965781643775 1.1361788936443875 0.9005886685704142 0.37284965781643775 1.1361788936443875 0.5005886685704142 -0.12715034218356225 1.4361788936443876 -0.8562317453975341 -0.971918328144862 1.5818100528990409 -3.504040289698848 -4.462211409269321 0.769414249533865 -3.504040289698848 -4.462211409269321 2.3942058562642163 -3.504040289698848 -0.971918328144862 0.769414249533865 -3.504040289698848 -0.971918328144862 2.3942058562642163 -3.504040289698848 2.5183747529795975 0.769414249533865 -3.504040289698848 2.5183747529795975 2.3942058562642163 -0.8562317453975341 -4.462211409269321 0.769414249533865 -0.8562317453975341 -4.462211409269321 2.3942058562642163 -0.8562317453975341 -0.971918328144862 0.769414249533865 -0.8562317453975341 -0.971918328144862 2.3942058562642163 -0.8562317453975341 2.5183747529795975 0.769414249533865 -0.8562317453975341 2.5183747529795975 2.3942058562642163 1.7915767989037796 -4.462211409269321 0.769414249533865 1.7915767989037796 -4.462211409269321 2.3942058562642163 1.7915767989037796 -0.971918328144862 0.769414249533865 1.7915767989037796 -0.971918328144862 2.3942058562642163 1.7915767989037796 2.5183747529795975 0.769414249533865 1.7915767989037796 2.5183747529795975 2.3942058562642163 -2.785901798822386 -0.1332914875991209 1.0117354142140405 -2.437761269431055 -1.6303028008667217 1.3736540383372717 -0.5067754198620893 -0.6333890596223481 1.9739151141463354 -4.086154068326428 -2.1150048596140385 0.8452915162217665 -1.689495759420545 -4.545851437244346 2.231818737870298 -3.328403758425401 -6.313896628184239 0.5989126036813688 0.523586415555938 -1.653089520317021 1.5249043310916464 0.249201418490272 -2.9642382773557614 3.126174775383227 -3.4985827561842266 -6.278700697644242 1.128574317514731 -0.04200952210052833 1.1169696800624562 2.7871596494387654 -0.9396479087913079 -5.346998313279339 1.4231195560278826 -0.6917369240619111 -1.927791194226351 3.1190518581895974 -3.666295318851418 3.655995395643047 2.7450126926262612 0.4581204827195924 1.4050782543347724 2.19661815870781 -3.3577374455999167 -4.830489681639389 0.9102447321113926 -1.9393795628138202 -0.24986425769347065 2.583633629702438 -1.4897891688445517 -4.274431090953023 1.327798379749853 -2.3752693227789745 -3.500406997544757 0.4324601371444093 2.51544383584981 1.3944832790738921 0.43599498615265964 -0.658589016940772 3.993199913729925 2.7640351572777218 0.3108930647669048 2.227819423389785 0.44593856097681084 -0.4927796716092345 -0.7632963948227172 1.0325390664155876 -1.9896896949931384 -3.4007310234047847 2.8661579556430152 -1.6821760801740693 -0.12502580837079513 2.463442399959269 1.5736983395981525 -0.0013747076958230409 0.6767489234107791 -3.966582420693903 -3.258209650068013 0.3469442020364687 -3.9453038810820904 3.046819127797929 2.781621615619106 -0.9523597005018116 3.7136776848964255 3.017283865472247 -1.9326046562193366 -3.0612215295739937 0.026312150708669046 -4.015813036796552 3.6567337485609874 1.7998811480985442 0.4971599444874899 3.226406329028671 0.2655264313275506 -3.3186965065050575 -5.124668253161655 2.6172028937989826 -1.4454900240859292 -5.224667192995267 1.9529626892168177 2.5850961609163203 1.0190395904195872 2.8117931861802097 -1.0545374117548758 2.453827114730622 0.3883450887276048 -0.07356131779051722 -2.6581332046319504 2.0328730819006795 -1.6781236195439182 -0.8004003731202669 1.4877273398353044 -2.1146355450088516 2.2450796163217 2.6381193532110654 -1.9416040714077893 -1.9309478023151665 2.5185059714076994 0.9505018992241299 3.179822541495077 2.0331551912142767 12.303085267689262 13.240504355970863 12.78535939121782 -12.015548758484329 -13.184341012260589 -7.621739285419738
FCFP -0.7057880781076866 -0.06925632440577711 1.5818100528990409 0.49776126021109235 1.1342930139130019 0.9800353837396513 -0.40490074352799166 -0.06925632440577711 1.8826973874787354 -1.307562747267076 1.1342930139130019 0.9800353837396513 0.19687392563139738 1.435180348492696 0.9800353837396513 -0.7057880781076866 -0.06925632440577711 1.5818100528990409 0.49776126021109235 -0.3701436589854721 0.9800353837396513 1.4004232639501764 0.8334056793333069 1.280922718319346 0.49776126021109235 -0.3701436589854721 0.9800353837396513 -0.7057880781076866 -0.971918328144862 1.5818100528990409 -3.413774089324939 -4.582566343101199 0.6791480491599565 -3.413774089324939 -4.582566343101199 2.4844720566381246 -3.413774089324939 -0.971918328144862 0.6791480491599565 -3.413774089324939 -0.971918328144862 2.4844720566381246 -3.413774089324939 2.638729686811475 0.6791480491599565 -3.413774089324939 2.638729686811475 2.4844720566381246 -0.7057880781076866 -4.582566343101199 0.6791480491599565 -0.7057880781076866 -4.582566343101199 2.4844720566381246 -0.7057880781076866 -0.971918328144862 0.6791480491599565 -0.7057880781076866 -0.971918328144862 2.4844720566381246 -0.7057880781076866 2.638729686811475 0.6791480491599565 -0.7057880781076866 2.638729686811475 2.4844720566381246 1.7013105985298713 -4.582566343101199 0.6791480491599565 1.7013105985298713 -4.582566343101199 2.4844720566381246 1.7013105985298713 -0.971918328144862 0.9800353837396513 1.7013105985298713 -0.671030993565167 2.4844720566381246 1.7013105985298713 2.638729686811475 0.6791480491599565 1.7013105985298713 2.638729686811475 2.4844720566381246 -2.8119994201655496 -0.06925632440577711 0.9800353837396513 -2.511112085585855 -1.573692997304251 1.280922718319346 -0.40490074352799166 -0.671030993565167 1.8826973874787354 -4.015548758484329 -2.1754676664636405 0.9800353837396513 -1.6084500818467706 -4.582566343101199 2.1835847220584306 -3.413774089324939 -4.582566343101199 0.6791480491599565 0.49776126021109235 -1.573692997304251 1.5818100528990409 0.19687392563139738 -3.078129670202725 2.7853593912178196 -3.413774089324939 -4.582566343101199 0.9800353837396513 -0.10401340894829669 1.1342930139130019 2.7853593912178196 -1.0066754126873811 -4.582566343101199 1.280922718319346 -0.7057880781076866 -1.874580331883946 2.7853593912178196 -3.714661423904634 2.638729686811475 2.7853593912178196 0.49776126021109235 1.435180348492696 2.4844720566381246 -3.413774089324939 -4.582566343101199 0.9800353837396513 -1.9093374164264656 -0.3701436589854721 2.4844720566381246 -1.6084500818467706 -4.281679008521504 1.280922718319346 -2.511112085585855 -3.3790170047824195 0.3782607145802618 2.3030852676892613 1.435180348492696 0.3782607145802618 -0.7057880781076866 2.638729686811475 2.7853593912178196 0.19687392563139738 2.337842352231781 0.3782607145802618 -0.40490074352799166 -0.971918328144862 0.9800353837396513 -1.9093374164264656 -3.3790170047824195 2.7853593912178196 -1.9093374164264656 -0.06925632440577711 2.4844720566381246 1.7013105985298713 -0.3701436589854721 0.9800353837396513 -4.015548758484329 -3.3790170047824195 0.3782607145802618 -4.015548758484329 2.638729686811475 2.7853593912178196 -1.0066754126873811 2.638729686811475 2.7853593912178196 -1.9093374164264656 -3.078129670202725 0.3782607145802618 -4.015548758484329 2.638729686811475 1.8826973874787354 0.49776126021109235 2.638729686811475 0.3782607145802618 -3.413774089324939 -4.582566343101199 2.4844720566381246 -1.307562747267076 -4.582566343101199 1.8826973874787354 2.3030852676892613 1.1342930139130019 2.7853593912178196 -1.0066754126873811 2.337842352231781 0.3782607145802618 -0.10401340894829669 -2.77724233562303 1.8826973874787354 -1.6084500818467706 -0.3701436589854721 1.5818100528990409 -2.21022475100616 2.337842352231781 2.7853593912178196 -1.9093374164264656 -2.1754676664636405 2.4844720566381246 1.0995359293704823 2.638729686811475 2.1835847220584306 12.303085267689262 13.240504355970863 12.78535939121782 -12.015548758484329 -13.184341012260589 -7.621739285419738
HNFN 1 1 1 1 1 1 1 1 1 1 1 1 1 1 1 1 1 1 1 1 1 1 1 1 1 1 1 1 1 1 1 1 1 0 1 1 0 1 1 1 1 1 1 1 1 1 1 0 1 1 1 1 1 1 1 0 1 1 1 1 1 1 1 1 1 1 1 1 0 0
NSEG 50
SEGS -1.4091494579053996 0.6543615875185762 1.2928865712770974 0.5908505420946005 0.6543615875185762 1.2928865712770974 -0.40914945790539947 -0.3456384124814238 1.2928865712770974 -0.40914945790539947 1.6543615875185762 1.2928865712770974 -1.2091494579053994 -0.14563841248142384 0.9928865712770973 0.3908505420946006 1.4543615875185762 1.5928865712770974 -0.40914945790539947 0.6543615875185762 1.2928865712770974 -0.40914945790539947 0.6543615875185762 1.7928865712770974 -1.6113664848527574 0.9435426405321439 0.9829412897679871 0.38863351514724254 0.9435426405321439 0.9829412897679871 -0.6113664848527575 -0.05645735946785613 0.9829412897679871 -0.6113664848527575 1.9435426405321439 0.9829412897679871 -1.4113664848527576 0.14354264053214383 0.6829412897679872 0.18863351514724258 1.743542640532144 1.282941289767987 -0.6113664848527575 0.9435426405321439 0.9829412897679871 -0.6113664848527575 0.9435426405321439 1.4829412897679872 -0.4994113314295858 0.37284965781643775 1.1361788936443875 1.5005886685704142 0.37284965781643775 1.1361788936443875 0.5005886685704142 -0.6271503421835622 1.1361788936443875 0.5005886685704142 1.3728496578164378 1.1361788936443875 -0.29941133142958587 -0.4271503421835623 0.8361788936443875 1.3005886685704142 1.1728496578164378 1.4361788936443876 0.5005886685704142 0.37284965781643775 1.1361788936443875 0.5005886685704142 0.37284965781643775 1.6361788936443875 -0.8562317453975337 -0.971918328144862 1.5818100528990406 0.14376825460246634 0.02808167185513799 2.5818100528990406 -0.8562317453975337 -0.971918328144862 1.5818100528990406 0.14376825460246634 0.02808167185513799 1.5818100528990406 -0.8562317453975337 -0.971918328144862 1.5818100528990406 0.14376825460246634 -0.971918328144862 2.5818100528990406 -4.015548758484329 -5.184341012260588 1.5818100528990409 2.3030852676892613 -5.184341012260588 1.5818100528990409 -0.8562317453975341 -6.184341012260588 1.5818100528990409 -0.8562317453975341 4.240504355970864 1.5818100528990409 -0.8562317453975341 -0.971918328144862 1.5818100528990409 -0.8562317453975341 -0.971918328144862 1.5818100528990409 2.1665457411233904 -5.459366770637453 2.4687167134894 -2.3757097765879616 -5.048284033447887 0.6732956094362641 -0.7151742337041291 -2.182417458000332 0.8627616910456395 2.3688007269831326 0.5028304138985078 2.15367778539934 2.761120198419462 -4.435301561297299 1.1765757568374666 -4.127723079458229 3.495229054566999 1.8920771730297727 -1.7448195794513963 -1.6762564540841258 1.6448112462879414 2.8625624780314007 3.3222130057519825 0.6181098990450842 -1.0501433373132185 0.27402920393533936 1.3830672737948113 1.6953439162912547 3.782014067565737 2.5191405164376413 -1.4099307565171895 -1.5766335103135005 2.4700804772074427 1.3228547247194102 3.8315067996054166 2.0139699280645034 2.3723904621940317 -2.8950631666966546 1.3051035388366767 -1.2444568132529552 0.9489177536249747 1.0726788686253217 2.216164523505925 -4.092744899269579 1.4115852813611287 -3.8663766196322484 3.769065021340416 1.3412772250818512 1.8842647078517993 2.530433900603523 1.703677516079365 -2.214546426764594 1.5405549488490653 2.4424595416548107 -4.212709417280218 -1.4507211042074712 0.21709653010095942 1.6501414346286953 0.4487298218285227 1.185294949359676 1.5281423671308483 -0.5974672179787976 1.854837579192807 -2.7394270059817245 -2.8175076166608397 2.1168860133873646 -3.2966852122065995 -0.3766564937540977 1.3513406058240165 -1.9292218162542385 1.5074309570447548 2.8307456387911576 1.4506555523438207 2.4637513431384823 1.3138565162557962 -3.5985794514394835 3.798193997156143 1.0364571599741363 -0.5625428608553298 -0.007073558766117927 1.7940215843280063 1.2277110104214666 -4.3625513048715225 0.740040716191656 -1.4160236021856267 -0.12303537316011415 1.6935138837786927 -0.6409928506937166 2.685073114993421 2.568887593688932 2.4591924647376606 2.373205351746269 2.518527282342167 -3.553440345792903 2.022325178538596 1.0145499856005653 0.2846125767355918 -1.0767888609402183 2.7815711178963434 -0.58760456210966 -0.2744142471886519 2.12012076289488 0.7515986775474559 -1.5623837151090476 1.5167731536872808 -2.1959793129348775 -3.2606725204769895 1.0998697705308105 -1.9828765858334738 -2.4576266089202314 2.494544339853057 -0.1470597818032835 -2.8445853119733617 0.27476138716313925 -3.670493544997477 -0.10096202134371612 2.4307308363358664 2.0162677675474896 -1.1908093113876546 0.7553097952986796 2.8475262534573904 1.113839417475674 1.9406706748965354 0.9594969057351648 -0.8736001878593944 0.36003995993972726 -0.8650509421117314 -2.00686955883892 0.3447377436644505 -2.516533227549075 1.1957238561108188 2.454004103999361 2.4251881743016206 -5.901596555914727 2.248107802175028 1.9615959207709892 3.74894919393451 0.809657585439419 -3.3885055392602315 1.5216188745788601 1.3050964836876107 2.82320479832182 1.535992867603384 2.3531882280904144 1.4701852572651983 -5.243636187885352 0.5417255821193447 -3.8920514459781477 -4.039355110707241 1.6320266010256588 1.646426016060909 -2.2268604084258907 3.0206616003118696 -1.6921071014140643 2.743169826335949 1.891078596040416 -4.0307184624299035 -3.6630901048985995 0.9745643046101073 2.0317626464867526 0.6467603522920156 1.2073925221597754 2.6221452795999944 0.7824368724662891 2.4161708286044066 -2.0020040597390305 -0.7468523169747048 2.8154611206831643 -1.6649025393599155 0.38781267363649174 1.7416928568628371 -0.7132573109339244 1.8963451247410292 1.174074801817992 -4.295629991347607 1.4579871967480313 1.1617029108386943 -0.8054576113935701 -1.7879260299528115 2.34225154942618 -6.015548758484329 -7.184341012260588 -1.6217392854197383 -0.8562317453975341 -0.971918328144862 1.5818100528990409 -0.8562317453975341 -0.971918328144862 1.5818100528990409 5.303085267689261 3.740504355970864 3.7853593912178196
BLK100 1 1 1 1 1 1 1 1 1 1 1 1 0 1 0 1 1 0 1 1 1 1 1 1 1 1 1 1 1 1 1 1 1 0 1 1 0 1 1 1 1 1 1 1 1 1 1 1 1 1
BLK0 1 1 1 1 1 1 1 1 1 1 1 1 0 1 0 1 1 0 1 1 1 1 1 1 1 1 1 1 1 1 1 1 1 0 1 1 0 1 1 1 1 1 1 1 1 1 1 1 1 1
RADII 0 1 2
LOS 0 0 0 0 0 0 0 0 0 0 0 0 0 0 0 0 0 0 0 0 0 0 0 0 0 0 0 0 0 0 0 0 0 0 0 0 1 0 0 0 0 0 1 0 0 0 0 0 0 0 0 1 1 1 0 0 0 0 0 0 0 0 0 0 0 0 0 0 0 0 0 0 0 0 0 0 0 0 0 0 0 0 0 0 0 0 0 0 0 0 0 0 0 0 0 0 0 0 0 1 0 0 0 0 0 0 0 0 1 0 0 0 0 0 0 0 0 0 0 0 0 0 0 0 0 0 0 0 0 0 0 0 0 0 0 0 0 0 0 0 0 0 0 0 0 0 0 0 0 0
CWCOUNTS 0 1899 3843
NCARVE 3
CARVE_CENTER -0.40914945790539947 0.6543615875185762 1.2928865712770974
CARVE_D 0.6
CARVE_N 2
CARVE_NCELL 63
CARVE_CELLS 9 16 0 9 16 3 9 16 6 9 19 0 9 19 3 9 19 6 9 22 0 9 22 3 9 22 6 10 16 0 10 16 3 10 16 6 10 19 0 10 19 3 10 19 6 10 22 0 10 22 3 10 22 6 11 16 0 11 16 3 11 16 6 11 19 0 11 19 3 11 19 6 11 22 0 11 22 3 11 22 6 12 16 0 12 16 3 12 16 6 12 19 0 12 19 3 12 19 6 12 22 0 12 22 3 12 22 6 13 16 0 13 16 3 13 16 6 13 19 0 13 19 3 13 19 6 13 22 0 13 22 3 13 22 6 14 16 0 14 16 3 14 16 6 14 19 0 14 19 3 14 19 6 14 22 0 14 22 3 14 22 6 15 16 0 15 16 3 15 16 6 15 19 0 15 19 3 15 19 6 15 22 0 15 22 3 15 22 6
CARVE_OCC -1 -1 100 100 100 100 -1 -1 100 100 -1 100 100 0 100 100 100 100 100 100 100 100 0 100 100 100 100 100 100 -1 100 0 100 100 100 100 100 100 -1 100 0 100 100 100 100 100 100 -1 100 0 100 100 100 100 100 100 -1 -1 100 100 100 100 100
CARVE_CENTER -0.8562317453975341 -0.971918328144862 1.5818100528990409
CARVE_D 0.45
CARVE_N 2
CARVE_NCELL 63
CARVE_CELLS 8 11 1 8 11 4 8 11 7 8 14 1 8 14 4 8 14 7 8 17 1 8 17 4 8 17 7 9 11 1 9 11 4 9 11 7 9 14 1 9 14 4 9 14 7 9 17 1 9 17 4 9 17 7 10 11 1 10 11 4 10 11 7 10 14 1 10 14 4 10 14 7 10 17 1 10 17 4 10 17 7 11 11 1 11 11 4 11 11 7 11 14 1 11 14 4 11 14 7 11 17 1 11 17 4 11 17 7 12 11 1 12 11 4 12 11 7 12 14 1 12 14 4 12 14 7 12 17 1 12 17 4 12 17 7 13 11 1 13 11 4 13 11 7 13 14 1 13 14 4 13 14 7 13 17 1 13 17 4 13 17 7 14 11 1 14 11 4 14 11 7 14 14 1 14 14 4 14 14 7 14 17 1 14 17 4 14 17 7
CARVE_OCC 100 100 100 100 100 100 100 100 100 100 100 100 100 0 100 -1 -1 100 100 100 -1 -1 0 100 100 -1 100 100 100 -1 -1 0 -1 100 -1 100 -1 100 -1 -1 0 -1 100 100 -1 -1 100 -1 -1 0 -1 100 100 -1 -1 -1 -1 -1 100 -1 100 100 -1
CARVE_CENTER -2.180136017548191 -2.7170648687070913 1.0402128506555903
CARVE_D 1.0
CARVE_N 4
CARVE_NCELL 66
CARVE_CELLS 1 3 2 1 3 7 1 8 2 1 8 7 1 13 2 1 13 7 2 3 2 2 3 7 2 8 2 2 8 7 2 13 2 2 13 7 3 3 2 3 3 7 3 8 2 3 8 7 3 13 2 3 13 7 4 3 2 4 3 7 4 8 2 4 8 7 4 13 2 4 13 7 5 3 2 5 3 7 5 8 2 5 8 7 5 13 2 5 13 7 6 3 2 6 3 7 6 8 2 6 8 7 6 13 2 6 13 7 7 3 2 7 3 7 7 8 2 7 8 7 7 13 2 7 13 7 8 3 2 8 3 7 8 8 2 8 8 7 8 13 2 8 13 7 9 3 2 9 3 7 9 8 2 9 8 7 9 13 2 9 13 7 10 3 2 10 3 7 10 8 2 10 8 7 10 13 2 10 13 7 11 3 2 11 3 7 11 8 2 11 8 7 11 13 2 11 13 7
CARVE_OCC -1 -1 -1 -1 -1 -1 -1 -1 0 -1 -1 -1 -1 -1 0 -1 -1 -1 -1 -1 0 -1 -1 -1 -1 -1 0 -1 -1 -1 -1 -1 0 -1 100 -1 -1 -1 0 -1 100 100 -1 -1 0 -1 100 100 -1 -1 0 -1 100 100 -1 -1 0 -1 100 100 -1 -1 -1 -1 100 -1
END
