t,hid,x,y,r
0.000,0,1.8000,-0.7732,0.299
0.000,1,2.6200,-0.1546,0.289
0.000,2,3.4400,-0.4962,0.267
0.000,3,4.2600,-0.4292,0.276
0.000,4,5.0800,-0.3628,0.329
0.000,5,5.9000,-1.5277,0.307
0.000,6,6.7200,-0.2159,0.328
0.000,7,7.5400,-0.7038,0.305
0.000,8,8.3600,-0.6337,0.282
0.000,9,9.1800,0.4603,0.278
0.000,10,10.0000,-1.2969,0.305
0.000,11,10.8200,0.0249,0.275
0.000,12,11.6400,-1.4798,0.320
0.000,13,12.4600,0.9394,0.266
0.000,14,13.2800,0.7330,0.318
0.000,15,14.1000,0.5628,0.295
0.040,0,1.8000,-0.7926,0.299
0.040,1,2.6200,-0.1504,0.289
0.040,2,3.4400,-0.4832,0.267
0.040,3,4.2600,-0.4075,0.276
0.040,4,5.0800,-0.3870,0.329
0.040,5,5.9000,-1.5523,0.307
0.040,6,6.7200,-0.2244,0.328
0.040,7,7.5400,-0.7215,0.305
0.040,8,8.3600,-0.6338,0.282
0.040,9,9.1800,0.4829,0.278
0.040,10,10.0000,-1.2959,0.305
0.040,11,10.8200,0.0379,0.275
0.040,12,11.6400,-1.4644,0.320
0.040,13,12.4600,0.9232,0.266
0.040,14,13.2800,0.7093,0.318
0.040,15,14.1000,0.5889,0.295
0.080,0,1.8000,-0.8118,0.299
0.080,1,2.6200,-0.1465,0.289
0.080,2,3.4400,-0.4706,0.267
0.080,3,4.2600,-0.3862,0.276
0.080,4,5.0800,-0.4108,0.329
0.080,5,5.9000,-1.5766,0.307
0.080,6,6.7200,-0.2327,0.328
0.080,7,7.5400,-0.7389,0.305
0.080,8,8.3600,-0.6337,0.282
0.080,9,9.1800,0.5052,0.278
0.080,10,10.0000,-1.2952,0.305
0.080,11,10.8200,0.0507,0.275
0.080,12,11.6400,-1.4494,0.320
0.080,13,12.4600,0.9072,0.266
0.080,14,13.2800,0.6860,0.318
0.080,15,14.1000,0.6149,0.295
0.120,0,1.8000,-0.8308,0.299
0.120,1,2.6200,-0.1429,0.289
0.120,2,3.4400,-0.4583,0.267
0.120,3,4.2600,-0.3652,0.276
0.120,4,5.0800,-0.4342,0.329
0.120,5,5.9000,-1.6006,0.307
0.120,6,6.7200,-0.2408,0.328
0.120,7,7.5400,-0.7561,0.305
0.120,8,8.3600,-0.6333,0.282
0.120,9,9.1800,0.5271,0.278
0.120,10,10.0000,-1.2948,0.305
0.120,11,10.8200,0.0631,0.275
0.120,12,11.6400,-1.4347,0.320
0.120,13,12.4600,0.8915,0.266
0.120,14,13.2800,0.6630,0.318
0.120,15,14.1000,0.6407,0.295
0.160,0,1.8000,-0.8496,0.299
0.160,1,2.6200,-0.1396,0.289
0.160,2,3.4400,-0.4463,0.267
0.160,3,4.2600,-0.3445,0.276
0.160,4,5.0800,-0.4574,0.329
0.160,5,5.9000,-1.6243,0.307
0.160,6,6.7200,-0.2486,0.328
0.160,7,7.5400,-0.7729,0.305
0.160,8,8.3600,-0.6326,0.282
0.160,9,9.1800,0.5488,0.278
0.160,10,10.0000,-1.2948,0.305
0.160,11,10.8200,0.0753,0.275
0.160,12,11.6400,-1.4203,0.320
0.160,13,12.4600,0.8759,0.266
0.160,14,13.2800,0.6402,0.318
0.160,15,14.1000,0.6663,0.295
0.200,0,1.8000,-0.8681,0.299
0.200,1,2.6200,-0.1365,0.289
0.200,2,3.4400,-0.4346,0.267
0.200,3,4.2600,-0.3240,0.276
0.200,4,5.0800,-0.4803,0.329
0.200,5,5.9000,-1.6476,0.307
0.200,6,6.7200,-0.2563,0.328
0.200,7,7.5400,-0.7895,0.305
0.200,8,8.3600,-0.6317,0.282
0.200,9,9.1800,0.5701,0.278
0.200,10,10.0000,-1.2952,0.305
0.200,11,10.8200,0.0872,0.275
0.200,12,11.6400,-1.4063,0.320
0.200,13,12.4600,0.8605,0.266
0.200,14,13.2800,0.6178,0.318
0.200,15,14.1000,0.6917,0.295
0.240,0,1.8000,-0.8865,0.299
0.240,1,2.6200,-0.1338,0.289
0.240,2,3.4400,-0.4233,0.267
0.240,3,4.2600,-0.3039,0.276
0.240,4,5.0800,-0.5028,0.329
0.240,5,5.9000,-1.6707,0.307
0.240,6,6.7200,-0.2638,0.328
0.240,7,7.5400,-0.8058,0.305
0.240,8,8.3600,-0.6305,0.282
0.240,9,9.1800,0.5910,0.278
0.240,10,10.0000,-1.2959,0.305
0.240,11,10.8200,0.0989,0.275
0.240,12,11.6400,-1.3926,0.320
0.240,13,12.4600,0.8454,0.266
0.240,14,13.2800,0.5956,0.318
0.240,15,14.1000,0.7169,0.295
0.280,0,1.8000,-0.9046,0.299
0.280,1,2.6200,-0.1313,0.289
0.280,2,3.4400,-0.4122,0.267
0.280,3,4.2600,-0.2841,0.276
0.280,4,5.0800,-0.5250,0.329
0.280,5,5.9000,-1.6935,0.307
0.280,6,6.7200,-0.2711,0.328
0.280,7,7.5400,-0.8219,0.305
0.280,8,8.3600,-0.6290,0.282
0.280,9,9.1800,0.6117,0.278
0.280,10,10.0000,-1.2969,0.305
0.280,11,10.8200,0.1102,0.275
0.280,12,11.6400,-1.3793,0.320
0.280,13,12.4600,0.8305,0.266
0.280,14,13.2800,0.5737,0.318
0.280,15,14.1000,0.7420,0.295
0.320,0,1.8000,-0.9225,0.299
0.320,1,2.6200,-0.1291,0.289
0.320,2,3.4400,-0.4015,0.267
0.320,3,4.2600,-0.2646,0.276
0.320,4,5.0800,-0.5469,0.329
0.320,5,5.9000,-1.7159,0.307
0.320,6,6.7200,-0.2782,0.328
0.320,7,7.5400,-0.8376,0.305
0.320,8,8.3600,-0.6272,0.282
0.320,9,9.1800,0.6320,0.278
0.320,10,10.0000,-1.2982,0.305
0.320,11,10.8200,0.1213,0.275
0.320,12,11.6400,-1.3663,0.320
0.320,13,12.4600,0.8157,0.266
0.320,14,13.2800,0.5522,0.318
0.320,15,14.1000,0.7669,0.295
0.360,0,1.8000,-0.9402,0.299
0.360,1,2.6200,-0.1272,0.289
0.360,2,3.4400,-0.3911,0.267
0.360,3,4.2600,-0.2454,0.276
0.360,4,5.0800,-0.5685,0.329
0.360,5,5.9000,-1.7381,0.307
0.360,6,6.7200,-0.2852,0.328
0.360,7,7.5400,-0.8531,0.305
0.360,8,8.3600,-0.6251,0.282
0.360,9,9.1800,0.6520,0.278
0.360,10,10.0000,-1.2999,0.305
0.360,11,10.8200,0.1321,0.275
0.360,12,11.6400,-1.3537,0.320
0.360,13,12.4600,0.8012,0.266
0.360,14,13.2800,0.5309,0.318
0.360,15,14.1000,0.7916,0.295
0.400,0,1.8000,-0.9577,0.299
0.400,1,2.6200,-0.1256,0.289
0.400,2,3.4400,-0.3810,0.267
0.400,3,4.2600,-0.2265,0.276
0.400,4,5.0800,-0.5898,0.329
0.400,5,5.9000,-1.7599,0.307
0.400,6,6.7200,-0.2919,0.328
0.400,7,7.5400,-0.8683,0.305
0.400,8,8.3600,-0.6228,0.282
0.400,9,9.1800,0.6717,0.278
0.400,10,10.0000,-1.3020,0.305
0.400,11,10.8200,0.1427,0.275
0.400,12,11.6400,-1.3414,0.320
0.400,13,12.4600,0.7869,0.266
0.400,14,13.2800,0.5099,0.318
0.400,15,14.1000,0.8161,0.295
0.440,0,1.8000,-0.9749,0.299
0.440,1,2.6200,-0.1242,0.289
0.440,2,3.4400,-0.3713,0.267
0.440,3,4.2600,-0.2080,0.276
0.440,4,5.0800,-0.6108,0.329
0.440,5,5.9000,-1.7814,0.307
0.440,6,6.7200,-0.2984,0.328
0.440,7,7.5400,-0.8832,0.305
0.440,8,8.3600,-0.6202,0.282
0.440,9,9.1800,0.6910,0.278
0.440,10,10.0000,-1.3044,0.305
0.440,11,10.8200,0.1529,0.275
0.440,12,11.6400,-1.3295,0.320
0.440,13,12.4600,0.7729,0.266
0.440,14,13.2800,0.4892,0.318
0.440,15,14.1000,0.8404,0.295
0.480,0,1.8000,-0.9920,0.299
0.480,1,2.6200,-0.1232,0.289
0.480,2,3.4400,-0.3618,0.267
0.480,3,4.2600,-0.1897,0.276
0.480,4,5.0800,-0.6315,0.329
0.480,5,5.9000,-1.8026,0.307
0.480,6,6.7200,-0.3047,0.328
0.480,7,7.5400,-0.8979,0.305
0.480,8,8.3600,-0.6173,0.282
0.480,9,9.1800,0.7100,0.278
0.480,10,10.0000,-1.3071,0.305
0.480,11,10.8200,0.1629,0.275
0.480,12,11.6400,-1.3179,0.320
0.480,13,12.4600,0.7590,0.266
0.480,14,13.2800,0.4689,0.318
0.480,15,14.1000,0.8645,0.295
0.520,0,1.8000,-1.0088,0.299
0.520,1,2.6200,-0.1224,0.289
0.520,2,3.4400,-0.3527,0.267
0.520,3,4.2600,-0.1717,0.276
0.520,4,5.0800,-0.6518,0.329
0.520,5,5.9000,-1.8235,0.307
0.520,6,6.7200,-0.3109,0.328
0.520,7,7.5400,-0.9123,0.305
0.520,8,8.3600,-0.6141,0.282
0.520,9,9.1800,0.7287,0.278
0.520,10,10.0000,-1.3101,0.305
0.520,11,10.8200,0.1726,0.275
0.520,12,11.6400,-1.3067,0.320
0.520,13,12.4600,0.7453,0.266
0.520,14,13.2800,0.4488,0.318
0.520,15,14.1000,0.8885,0.295
0.560,0,1.8000,-1.0254,0.299
0.560,1,2.6200,-0.1219,0.289
0.560,2,3.4400,-0.3439,0.267
0.560,3,4.2600,-0.1540,0.276
0.560,4,5.0800,-0.6718,0.329
0.560,5,5.9000,-1.8441,0.307
0.560,6,6.7200,-0.3168,0.328
0.560,7,7.5400,-0.9264,0.305
0.560,8,8.3600,-0.6106,0.282
0.560,9,9.1800,0.7470,0.278
0.560,10,10.0000,-1.3136,0.305
0.560,11,10.8200,0.1820,0.275
0.560,12,11.6400,-1.2958,0.320
0.560,13,12.4600,0.7319,0.266
0.560,14,13.2800,0.4290,0.318
0.560,15,14.1000,0.9123,0.295
0.600,0,1.8000,-1.0418,0.299
0.600,1,2.6200,-0.1217,0.289
0.600,2,3.4400,-0.3354,0.267
0.600,3,4.2600,-0.1367,0.276
0.600,4,5.0800,-0.6915,0.329
0.600,5,5.9000,-1.8644,0.307
0.600,6,6.7200,-0.3226,0.328
0.600,7,7.5400,-0.9402,0.305
0.600,8,8.3600,-0.6069,0.282
0.600,9,9.1800,0.7651,0.278
0.600,10,10.0000,-1.3173,0.305
0.600,11,10.8200,0.1912,0.275
0.600,12,11.6400,-1.2852,0.320
0.600,13,12.4600,0.7187,0.266
0.600,14,13.2800,0.4095,0.318
0.600,15,14.1000,0.9359,0.295
0.640,0,1.8000,-1.0580,0.299
0.640,1,2.6200,-0.1218,0.289
0.640,2,3.4400,-0.3272,0.267
0.640,3,4.2600,-0.1196,0.276
0.640,4,5.0800,-0.7109,0.329
0.640,5,5.9000,-1.8844,0.307
0.640,6,6.7200,-0.3281,0.328
0.640,7,7.5400,-0.9537,0.305
0.640,8,8.3600,-0.6029,0.282
0.640,9,9.1800,0.7828,0.278
0.640,10,10.0000,-1.3214,0.305
0.640,11,10.8200,0.2000,0.275
0.640,12,11.6400,-1.2750,0.320
0.640,13,12.4600,0.7056,0.266
0.640,14,13.2800,0.3903,0.318
0.640,15,14.1000,0.9593,0.295
0.680,0,1.8000,-1.0740,0.299
0.680,1,2.6200,-0.1222,0.289
0.680,2,3.4400,-0.3194,0.267
0.680,3,4.2600,-0.1028,0.276
0.680,4,5.0800,-0.7300,0.329
0.680,5,5.9000,-1.9041,0.307
0.680,6,6.7200,-0.3335,0.328
0.680,7,7.5400,-0.9670,0.305
0.680,8,8.3600,-0.5986,0.282
0.680,9,9.1800,0.8002,0.278
0.680,10,10.0000,-1.3258,0.305
0.680,11,10.8200,0.2086,0.275
0.680,12,11.6400,-1.2652,0.320
0.680,13,12.4600,0.6928,0.266
0.680,14,13.2800,0.3714,0.318
0.680,15,14.1000,0.9826,0.295
0.720,0,1.8000,-1.0898,0.299
0.720,1,2.6200,-0.1229,0.289
0.720,2,3.4400,-0.3118,0.267
0.720,3,4.2600,-0.0864,0.276
0.720,4,5.0800,-0.7488,0.329
0.720,5,5.9000,-1.9234,0.307
0.720,6,6.7200,-0.3387,0.328
0.720,7,7.5400,-0.9800,0.305
0.720,8,8.3600,-0.5940,0.282
0.720,9,9.1800,0.8172,0.278
0.720,10,10.0000,-1.3306,0.305
0.720,11,10.8200,0.2169,0.275
0.720,12,11.6400,-1.2557,0.320
0.720,13,12.4600,0.6802,0.266
0.720,14,13.2800,0.3528,0.318
0.720,15,14.1000,1.0056,0.295
0.760,0,1.8000,-1.1053,0.299
0.760,1,2.6200,-0.1238,0.289
0.760,2,3.4400,-0.3046,0.267
0.760,3,4.2600,-0.0702,0.276
0.760,4,5.0800,-0.7672,0.329
0.760,5,5.9000,-1.9425,0.307
0.760,6,6.7200,-0.3436,0.328
0.760,7,7.5400,-0.9927,0.305
0.760,8,8.3600,-0.5892,0.282
0.760,9,9.1800,0.8339,0.278
0.760,10,10.0000,-1.3357,0.305
0.760,11,10.8200,0.2250,0.275
0.760,12,11.6400,-1.2465,0.320
0.760,13,12.4600,0.6678,0.266
0.760,14,13.2800,0.3344,0.318
0.760,15,14.1000,1.0285,0.295
0.800,0,1.8000,-1.1206,0.299
0.800,1,2.6200,-0.1250,0.289
0.800,2,3.4400,-0.2977,0.267
0.800,3,4.2600,-0.0544,0.276
0.800,4,5.0800,-0.7854,0.329
0.800,5,5.9000,-1.9612,0.307
0.800,6,6.7200,-0.3484,0.328
0.800,7,7.5400,-1.0052,0.305
0.800,8,8.3600,-0.5841,0.282
0.800,9,9.1800,0.8503,0.278
0.800,10,10.0000,-1.3411,0.305
0.800,11,10.8200,0.2327,0.275
0.800,12,11.6400,-1.2377,0.320
0.800,13,12.4600,0.6557,0.266
0.800,14,13.2800,0.3164,0.318
0.800,15,14.1000,1.0512,0.295
0.840,0,1.8000,-1.1357,0.299
0.840,1,2.6200,-0.1266,0.289
0.840,2,3.4400,-0.2911,0.267
0.840,3,4.2600,-0.0388,0.276
0.840,4,5.0800,-0.8032,0.329
0.840,5,5.9000,-1.9796,0.307
0.840,6,6.7200,-0.3530,0.328
0.840,7,7.5400,-1.0173,0.305
0.840,8,8.3600,-0.5787,0.282
0.840,9,9.1800,0.8664,0.278
0.840,10,10.0000,-1.3469,0.305
0.840,11,10.8200,0.2402,0.275
0.840,12,11.6400,-1.2292,0.320
0.840,13,12.4600,0.6437,0.266
0.840,14,13.2800,0.2987,0.318
0.840,15,14.1000,1.0737,0.295
0.880,0,1.8000,-1.1506,0.299
0.880,1,2.6200,-0.1284,0.289
0.880,2,3.4400,-0.2848,0.267
0.880,3,4.2600,-0.0236,0.276
0.880,4,5.0800,-0.8207,0.329
0.880,5,5.9000,-1.9978,0.307
0.880,6,6.7200,-0.3574,0.328
0.880,7,7.5400,-1.0292,0.305
0.880,8,8.3600,-0.5730,0.282
0.880,9,9.1800,0.8821,0.278
0.880,10,10.0000,-1.3531,0.305
0.880,11,10.8200,0.2474,0.275
0.880,12,11.6400,-1.2211,0.320
0.880,13,12.4600,0.6320,0.266
0.880,14,13.2800,0.2812,0.318
0.880,15,14.1000,1.0960,0.295
0.920,0,1.8000,-1.1653,0.299
0.920,1,2.6200,-0.1305,0.289
0.920,2,3.4400,-0.2789,0.267
0.920,3,4.2600,-0.0086,0.276
0.920,4,5.0800,-0.8379,0.329
0.920,5,5.9000,-2.0156,0.307
0.920,6,6.7200,-0.3616,0.328
0.920,7,7.5400,-1.0408,0.305
0.920,8,8.3600,-0.5670,0.282
0.920,9,9.1800,0.8975,0.278
0.920,10,10.0000,-1.3595,0.305
0.920,11,10.8200,0.2544,0.275
0.920,12,11.6400,-1.2134,0.320
0.920,13,12.4600,0.6204,0.266
0.920,14,13.2800,0.2641,0.318
0.920,15,14.1000,1.1182,0.295
0.960,0,1.8000,-1.1798,0.299
0.960,1,2.6200,-0.1328,0.289
0.960,2,3.4400,-0.2733,0.267
0.960,3,4.2600,0.0060,0.276
0.960,4,5.0800,-0.8548,0.329
0.960,5,5.9000,-2.0331,0.307
0.960,6,6.7200,-0.3656,0.328
0.960,7,7.5400,-1.0522,0.305
0.960,8,8.3600,-0.5608,0.282
0.960,9,9.1800,0.9126,0.278
0.960,10,10.0000,-1.3664,0.305
0.960,11,10.8200,0.2610,0.275
0.960,12,11.6400,-1.2059,0.320
0.960,13,12.4600,0.6091,0.266
0.960,14,13.2800,0.2473,0.318
0.960,15,14.1000,1.1401,0.295
1.000,0,1.8000,-1.1940,0.299
1.000,1,2.6200,-0.1355,0.289
1.000,2,3.4400,-0.2680,0.267
1.000,3,4.2600,0.0203,0.276
1.000,4,5.0800,-0.8714,0.329
1.000,5,5.9000,-2.0503,0.307
1.000,6,6.7200,-0.3694,0.328
1.000,7,7.5400,-1.0632,0.305
1.000,8,8.3600,-0.5543,0.282
1.000,9,9.1800,0.9274,0.278
1.000,10,10.0000,-1.3735,0.305
1.000,11,10.8200,0.2674,0.275
1.000,12,11.6400,-1.1988,0.320
1.000,13,12.4600,0.5980,0.266
1.000,14,13.2800,0.2307,0.318
1.000,15,14.1000,1.1619,0.295
1.040,0,1.8000,-1.2081,0.299
1.040,1,2.6200,-0.1384,0.289
1.040,2,3.4400,-0.2630,0.267
1.040,3,4.2600,0.0343,0.276
1.040,4,5.0800,-0.8876,0.329
1.040,5,5.9000,-2.0671,0.307
1.040,6,6.7200,-0.3730,0.328
1.040,7,7.5400,-1.0740,0.305
1.040,8,8.3600,-0.5475,0.282
1.040,9,9.1800,0.9418,0.278
1.040,10,10.0000,-1.3810,0.305
1.040,11,10.8200,0.2735,0.275
1.040,12,11.6400,-1.1921,0.320
1.040,13,12.4600,0.5871,0.266
1.040,14,13.2800,0.2145,0.318
1.040,15,14.1000,1.1835,0.295
1.080,0,1.8000,-1.2219,0.299
1.080,1,2.6200,-0.1417,0.289
1.080,2,3.4400,-0.2583,0.267
1.080,3,4.2600,0.0481,0.276
1.080,4,5.0800,-0.9036,0.329
1.080,5,5.9000,-2.0837,0.307
1.080,6,6.7200,-0.3764,0.328
1.080,7,7.5400,-1.0845,0.305
1.080,8,8.3600,-0.5404,0.282
1.080,9,9.1800,0.9559,0.278
1.080,10,10.0000,-1.3889,0.305
1.080,11,10.8200,0.2793,0.275
1.080,12,11.6400,-1.1857,0.320
1.080,13,12.4600,0.5764,0.266
1.080,14,13.2800,0.1985,0.318
1.080,15,14.1000,1.2049,0.295
1.120,0,1.8000,-1.2355,0.299
1.120,1,2.6200,-0.1452,0.289
1.120,2,3.4400,-0.2539,0.267
1.120,3,4.2600,0.0615,0.276
1.120,4,5.0800,-0.9192,0.329
1.120,5,5.9000,-2.1000,0.307
1.120,6,6.7200,-0.3797,0.328
1.120,7,7.5400,-1.0948,0.305
1.120,8,8.3600,-0.5331,0.282
1.120,9,9.1800,0.9697,0.278
1.120,10,10.0000,-1.3970,0.305
1.120,11,10.8200,0.2849,0.275
1.120,12,11.6400,-1.1797,0.320
1.120,13,12.4600,0.5659,0.266
1.120,14,13.2800,0.1828,0.318
1.120,15,14.1000,1.2262,0.295
1.160,0,1.8000,-1.2489,0.299
1.160,1,2.6200,-0.1490,0.289
1.160,2,3.4400,-0.2499,0.267
1.160,3,4.2600,0.0746,0.276
1.160,4,5.0800,-0.9345,0.329
1.160,5,5.9000,-2.1159,0.307
1.160,6,6.7200,-0.3827,0.328
1.160,7,7.5400,-1.1047,0.305
1.160,8,8.3600,-0.5255,0.282
1.160,9,9.1800,0.9832,0.278
1.160,10,10.0000,-1.4056,0.305
1.160,11,10.8200,0.2901,0.275
1.160,12,11.6400,-1.1740,0.320
1.160,13,12.4600,0.5557,0.266
1.160,14,13.2800,0.1675,0.318
1.160,15,14.1000,1.2472,0.295
1.200,0,1.8000,-1.2621,0.299
1.200,1,2.6200,-0.1531,0.289
1.200,2,3.4400,-0.2462,0.267
1.200,3,4.2600,0.0874,0.276
1.200,4,5.0800,-0.9495,0.329
1.200,5,5.9000,-2.1316,0.307
1.200,6,6.7200,-0.3855,0.328
1.200,7,7.5400,-1.1144,0.305
1.200,8,8.3600,-0.5176,0.282
1.200,9,9.1800,0.9963,0.278
1.200,10,10.0000,-1.4144,0.305
1.200,11,10.8200,0.2951,0.275
1.200,12,11.6400,-1.1686,0.320
1.200,13,12.4600,0.5456,0.266
1.200,14,13.2800,0.1524,0.318
1.200,15,14.1000,1.2681,0.295
1.240,0,1.8000,-1.2750,0.299
1.240,1,2.6200,-0.1574,0.289
1.240,2,3.4400,-0.2428,0.267
1.240,3,4.2600,0.0999,0.276
1.240,4,5.0800,-0.9642,0.329
1.240,5,5.9000,-2.1469,0.307
1.240,6,6.7200,-0.3882,0.328
1.240,7,7.5400,-1.1238,0.305
1.240,8,8.3600,-0.5094,0.282
1.240,9,9.1800,1.0091,0.278
1.240,10,10.0000,-1.4236,0.305
1.240,11,10.8200,0.2999,0.275
1.240,12,11.6400,-1.1636,0.320
1.240,13,12.4600,0.5358,0.266
1.240,14,13.2800,0.1376,0.318
1.240,15,14.1000,1.2888,0.295
1.280,0,1.8000,-1.2878,0.299
1.280,1,2.6200,-0.1621,0.289
1.280,2,3.4400,-0.2397,0.267
1.280,3,4.2600,0.1121,0.276
1.280,4,5.0800,-0.9786,0.329
1.280,5,5.9000,-2.1619,0.307
1.280,6,6.7200,-0.3906,0.328
1.280,7,7.5400,-1.1329,0.305
1.280,8,8.3600,-0.5009,0.282
1.280,9,9.1800,1.0216,0.278
1.280,10,10.0000,-1.4332,0.305
1.280,11,10.8200,0.3043,0.275
1.280,12,11.6400,-1.1590,0.320
1.280,13,12.4600,0.5262,0.266
1.280,14,13.2800,0.1231,0.318
1.280,15,14.1000,1.3093,0.295
1.320,0,1.8000,-1.3003,0.299
1.320,1,2.6200,-0.1670,0.289
1.320,2,3.4400,-0.2369,0.267
1.320,3,4.2600,0.1240,0.276
1.320,4,5.0800,-0.9926,0.329
1.320,5,5.9000,-2.1766,0.307
1.320,6,6.7200,-0.3929,0.328
1.320,7,7.5400,-1.1418,0.305
1.320,8,8.3600,-0.4922,0.282
1.320,9,9.1800,1.0337,0.278
1.320,10,10.0000,-1.4430,0.305
1.320,11,10.8200,0.3085,0.275
1.320,12,11.6400,-1.1547,0.320
1.320,13,12.4600,0.5167,0.266
1.320,14,13.2800,0.1090,0.318
1.320,15,14.1000,1.3296,0.295
1.360,0,1.8000,-1.3126,0.299
1.360,1,2.6200,-0.1723,0.289
1.360,2,3.4400,-0.2345,0.267
1.360,3,4.2600,0.1356,0.276
1.360,4,5.0800,-1.0064,0.329
1.360,5,5.9000,-2.1910,0.307
1.360,6,6.7200,-0.3949,0.328
1.360,7,7.5400,-1.1504,0.305
1.360,8,8.3600,-0.4832,0.282
1.360,9,9.1800,1.0455,0.278
1.360,10,10.0000,-1.4533,0.305
1.360,11,10.8200,0.3124,0.275
1.360,12,11.6400,-1.1507,0.320
1.360,13,12.4600,0.5075,0.266
1.360,14,13.2800,0.0951,0.318
1.360,15,14.1000,1.3498,0.295
1.400,0,1.8000,-1.3248,0.299
1.400,1,2.6200,-0.1778,0.289
1.400,2,3.4400,-0.2324,0.267
1.400,3,4.2600,0.1469,0.276
1.400,4,5.0800,-1.0198,0.329
1.400,5,5.9000,-2.2051,0.307
1.400,6,6.7200,-0.3968,0.328
1.400,7,7.5400,-1.1587,0.305
1.400,8,8.3600,-0.4739,0.282
1.400,9,9.1800,1.0570,0.278
1.400,10,10.0000,-1.4638,0.305
1.400,11,10.8200,0.3160,0.275
1.400,12,11.6400,-1.1471,0.320
1.400,13,12.4600,0.4986,0.266
1.400,14,13.2800,0.0815,0.318
1.400,15,14.1000,1.3698,0.295
1.440,0,1.8000,-1.3366,0.299
1.440,1,2.6200,-0.1836,0.289
1.440,2,3.4400,-0.2306,0.267
1.440,3,4.2600,0.1579,0.276
1.440,4,5.0800,-1.0329,0.329
1.440,5,5.9000,-2.2189,0.307
1.440,6,6.7200,-0.3985,0.328
1.440,7,7.5400,-1.1667,0.305
1.440,8,8.3600,-0.4643,0.282
1.440,9,9.1800,1.0682,0.278
1.440,10,10.0000,-1.4747,0.305
1.440,11,10.8200,0.3193,0.275
1.440,12,11.6400,-1.1439,0.320
1.440,13,12.4600,0.4898,0.266
1.440,14,13.2800,0.0682,0.318
1.440,15,14.1000,1.3895,0.295
1.480,0,1.8000,-1.3483,0.299
1.480,1,2.6200,-0.1896,0.289
1.480,2,3.4400,-0.2291,0.267
1.480,3,4.2600,0.1685,0.276
1.480,4,5.0800,-1.0457,0.329
1.480,5,5.9000,-2.2324,0.307
1.480,6,6.7200,-0.3999,0.328
1.480,7,7.5400,-1.1744,0.305
1.480,8,8.3600,-0.4545,0.282
1.480,9,9.1800,1.0790,0.278
1.480,10,10.0000,-1.4860,0.305
1.480,11,10.8200,0.3224,0.275
1.480,12,11.6400,-1.1409,0.320
1.480,13,12.4600,0.4812,0.266
1.480,14,13.2800,0.0552,0.318
1.480,15,14.1000,1.4091,0.295
1.520,0,1.8000,-1.3598,0.299
1.520,1,2.6200,-0.1960,0.289
1.520,2,3.4400,-0.2279,0.267
1.520,3,4.2600,0.1789,0.276
1.520,4,5.0800,-1.0582,0.329
1.520,5,5.9000,-2.2456,0.307
1.520,6,6.7200,-0.4012,0.328
1.520,7,7.5400,-1.1819,0.305
1.520,8,8.3600,-0.4443,0.282
1.520,9,9.1800,1.0895,0.278
1.520,10,10.0000,-1.4976,0.305
1.520,11,10.8200,0.3251,0.275
1.520,12,11.6400,-1.1384,0.320
1.520,13,12.4600,0.4729,0.266
1.520,14,13.2800,0.0424,0.318
1.520,15,14.1000,1.4286,0.295
1.560,0,1.8000,-1.3710,0.299
1.560,1,2.6200,-0.2027,0.289
1.560,2,3.4400,-0.2270,0.267
1.560,3,4.2600,0.1890,0.276
1.560,4,5.0800,-1.0704,0.329
1.560,5,5.9000,-2.2584,0.307
1.560,6,6.7200,-0.4023,0.328
1.560,7,7.5400,-1.1891,0.305
1.560,8,8.3600,-0.4339,0.282
1.560,9,9.1800,1.0997,0.278
1.560,10,10.0000,-1.5095,0.305
1.560,11,10.8200,0.3276,0.275
1.560,12,11.6400,-1.1361,0.320
1.560,13,12.4600,0.4647,0.266
1.560,14,13.2800,0.0300,0.318
1.560,15,14.1000,1.4478,0.295
1.600,0,1.8000,-1.3820,0.299
1.600,1,2.6200,-0.2096,0.289
1.600,2,3.4400,-0.2265,0.267
1.600,3,4.2600,0.1988,0.276
1.600,4,5.0800,-1.0822,0.329
1.600,5,5.9000,-2.2710,0.307
1.600,6,6.7200,-0.4032,0.328
1.600,7,7.5400,-1.1960,0.305
1.600,8,8.3600,-0.4232,0.282
1.600,9,9.1800,1.1096,0.278
1.600,10,10.0000,-1.5218,0.305
1.600,11,10.8200,0.3299,0.275
1.600,12,11.6400,-1.1343,0.320
1.600,13,12.4600,0.4568,0.266
1.600,14,13.2800,0.0179,0.318
1.600,15,14.1000,1.4669,0.295
1.640,0,1.8000,-1.3929,0.299
1.640,1,2.6200,-0.2168,0.289
1.640,2,3.4400,-0.2263,0.267
1.640,3,4.2600,0.2082,0.276
1.640,4,5.0800,-1.0938,0.329
1.640,5,5.9000,-2.2832,0.307
1.640,6,6.7200,-0.4039,0.328
1.640,7,7.5400,-1.2026,0.305
1.640,8,8.3600,-0.4123,0.282
1.640,9,9.1800,1.1191,0.278
1.640,10,10.0000,-1.5344,0.305
1.640,11,10.8200,0.3318,0.275
1.640,12,11.6400,-1.1327,0.320
1.640,13,12.4600,0.4491,0.266
1.640,14,13.2800,0.0061,0.318
1.640,15,14.1000,1.4857,0.295
1.680,0,1.8000,-1.4035,0.299
1.680,1,2.6200,-0.2243,0.289
1.680,2,3.4400,-0.2264,0.267
1.680,3,4.2600,0.2174,0.276
1.680,4,5.0800,-1.1050,0.329
1.680,5,5.9000,-2.2951,0.307
1.680,6,6.7200,-0.4044,0.328
1.680,7,7.5400,-1.2090,0.305
1.680,8,8.3600,-0.4010,0.282
1.680,9,9.1800,1.1283,0.278
1.680,10,10.0000,-1.5473,0.305
1.680,11,10.8200,0.3335,0.275
1.680,12,11.6400,-1.1315,0.320
1.680,13,12.4600,0.4416,0.266
1.680,14,13.2800,-0.0054,0.318
1.680,15,14.1000,1.5044,0.295
1.720,0,1.8000,-1.4138,0.299
1.720,1,2.6200,-0.2321,0.289
1.720,2,3.4400,-0.2268,0.267
1.720,3,4.2600,0.2262,0.276
1.720,4,5.0800,-1.1159,0.329
1.720,5,5.9000,-2.3068,0.307
1.720,6,6.7200,-0.4047,0.328
1.720,7,7.5400,-1.2151,0.305
1.720,8,8.3600,-0.3895,0.282
1.720,9,9.1800,1.1372,0.278
1.720,10,10.0000,-1.5606,0.305
1.720,11,10.8200,0.3349,0.275
1.720,12,11.6400,-1.1307,0.320
1.720,13,12.4600,0.4343,0.266
1.720,14,13.2800,-0.0167,0.318
1.720,15,14.1000,1.5230,0.295
1.760,0,1.8000,-1.4240,0.299
1.760,1,2.6200,-0.2402,0.289
1.760,2,3.4400,-0.2275,0.267
1.760,3,4.2600,0.2348,0.276
1.760,4,5.0800,-1.1265,0.329
1.760,5,5.9000,-2.3181,0.307
1.760,6,6.7200,-0.4048,0.328
1.760,7,7.5400,-1.2209,0.305
1.760,8,8.3600,-0.3777,0.282
1.760,9,9.1800,1.1457,0.278
1.760,10,10.0000,-1.5743,0.305
1.760,11,10.8200,0.3360,0.275
1.760,12,11.6400,-1.1302,0.320
1.760,13,12.4600,0.4272,0.266
1.760,14,13.2800,-0.0276,0.318
1.760,15,14.1000,1.5413,0.295
1.800,0,1.8000,-1.4340,0.299
1.800,1,2.6200,-0.2486,0.289
1.800,2,3.4400,-0.2286,0.267
1.800,3,4.2600,0.2430,0.276
1.800,4,5.0800,-1.1368,0.329
1.800,5,5.9000,-2.3291,0.307
1.800,6,6.7200,-0.4048,0.328
1.800,7,7.5400,-1.2264,0.305
1.800,8,8.3600,-0.3656,0.282
1.800,9,9.1800,1.1539,0.278
1.800,10,10.0000,-1.5882,0.305
1.800,11,10.8200,0.3369,0.275
1.800,12,11.6400,-1.1301,0.320
1.800,13,12.4600,0.4203,0.266
1.800,14,13.2800,-0.0383,0.318
1.800,15,14.1000,1.5594,0.295
1.840,0,1.8000,-1.4437,0.299
1.840,1,2.6200,-0.2572,0.289
1.840,2,3.4400,-0.2300,0.267
1.840,3,4.2600,0.2510,0.276
1.840,4,5.0800,-1.1468,0.329
1.840,5,5.9000,-2.3398,0.307
1.840,6,6.7200,-0.4045,0.328
1.840,7,7.5400,-1.2317,0.305
1.840,8,8.3600,-0.3533,0.282
1.840,9,9.1800,1.1618,0.278
1.840,10,10.0000,-1.6025,0.305
1.840,11,10.8200,0.3374,0.275
1.840,12,11.6400,-1.1303,0.320
1.840,13,12.4600,0.4137,0.266
1.840,14,13.2800,-0.0486,0.318
1.840,15,14.1000,1.5774,0.295
1.880,0,1.8000,-1.4532,0.299
1.880,1,2.6200,-0.2662,0.289
1.880,2,3.4400,-0.2316,0.267
1.880,3,4.2600,0.2586,0.276
1.880,4,5.0800,-1.1564,0.329
1.880,5,5.9000,-2.3502,0.307
1.880,6,6.7200,-0.4040,0.328
1.880,7,7.5400,-1.2367,0.305
1.880,8,8.3600,-0.3407,0.282
1.880,9,9.1800,1.1694,0.278
1.880,10,10.0000,-1.6172,0.305
1.880,11,10.8200,0.3377,0.275
1.880,12,11.6400,-1.1308,0.320
1.880,13,12.4600,0.4072,0.266
1.880,14,13.2800,-0.0587,0.318
1.880,15,14.1000,1.5952,0.295
1.920,0,1.8000,-1.4625,0.299
1.920,1,2.6200,-0.2754,0.289
1.920,2,3.4400,-0.2337,0.267
1.920,3,4.2600,0.2659,0.276
1.920,4,5.0800,-1.1658,0.329
1.920,5,5.9000,-2.3602,0.307
1.920,6,6.7200,-0.4034,0.328
1.920,7,7.5400,-1.2414,0.305
1.920,8,8.3600,-0.3277,0.282
1.920,9,9.1800,1.1766,0.278
1.920,10,10.0000,-1.6322,0.305
1.920,11,10.8200,0.3377,0.275
1.920,12,11.6400,-1.1317,0.320
1.920,13,12.4600,0.4010,0.266
1.920,14,13.2800,-0.0684,0.318
1.920,15,14.1000,1.6128,0.295
1.960,0,1.8000,-1.4716,0.299
1.960,1,2.6200,-0.2849,0.289
1.960,2,3.4400,-0.2360,0.267
1.960,3,4.2600,0.2730,0.276
1.960,4,5.0800,-1.1748,0.329
1.960,5,5.9000,-2.3700,0.307
1.960,6,6.7200,-0.4025,0.328
1.960,7,7.5400,-1.2458,0.305
1.960,8,8.3600,-0.3146,0.282
1.960,9,9.1800,1.1835,0.278
1.960,10,10.0000,-1.6475,0.305
1.960,11,10.8200,0.3375,0.275
1.960,12,11.6400,-1.1329,0.320
1.960,13,12.4600,0.3950,0.266
1.960,14,13.2800,-0.0779,0.318
1.960,15,14.1000,1.6302,0.295
2.000,0,1.8000,-1.4805,0.299
2.000,1,2.6200,-0.2947,0.289
2.000,2,3.4400,-0.2386,0.267
2.000,3,4.2600,0.2797,0.276
2.000,4,5.0800,-1.1835,0.329
2.000,5,5.9000,-2.3795,0.307
2.000,6,6.7200,-0.4015,0.328
2.000,7,7.5400,-1.2500,0.305
2.000,8,8.3600,-0.3011,0.282
2.000,9,9.1800,1.1901,0.278
2.000,10,10.0000,-1.6632,0.305
2.000,11,10.8200,0.3369,0.275
2.000,12,11.6400,-1.1345,0.320
2.000,13,12.4600,0.3892,0.266
2.000,14,13.2800,-0.0871,0.318
2.000,15,14.1000,1.6475,0.295
2.040,0,1.8000,-1.4892,0.299
2.040,1,2.6200,-0.3048,0.289
2.040,2,3.4400,-0.2416,0.267
2.040,3,4.2600,0.2861,0.276
2.040,4,5.0800,-1.1919,0.329
2.040,5,5.9000,-2.3886,0.307
2.040,6,6.7200,-0.4002,0.328
2.040,7,7.5400,-1.2538,0.305
2.040,8,8.3600,-0.2873,0.282
2.040,9,9.1800,1.1964,0.278
2.040,10,10.0000,-1.6792,0.305
2.040,11,10.8200,0.3361,0.275
2.040,12,11.6400,-1.1365,0.320
2.040,13,12.4600,0.3836,0.266
2.040,14,13.2800,-0.0959,0.318
2.040,15,14.1000,1.6645,0.295
2.080,0,1.8000,-1.4976,0.299
2.080,1,2.6200,-0.3151,0.289
2.080,2,3.4400,-0.2449,0.267
2.080,3,4.2600,0.2922,0.276
2.080,4,5.0800,-1.2000,0.329
2.080,5,5.9000,-2.3974,0.307
2.080,6,6.7200,-0.3988,0.328
2.080,7,7.5400,-1.2574,0.305
2.080,8,8.3600,-0.2733,0.282
2.080,9,9.1800,1.2023,0.278
2.080,10,10.0000,-1.6956,0.305
2.080,11,10.8200,0.3350,0.275
2.080,12,11.6400,-1.1387,0.320
2.080,13,12.4600,0.3782,0.266
2.080,14,13.2800,-0.1045,0.318
2.080,15,14.1000,1.6814,0.295
2.120,0,1.8000,-1.5059,0.299
2.120,1,2.6200,-0.3258,0.289
2.120,2,3.4400,-0.2485,0.267
2.120,3,4.2600,0.2980,0.276
2.120,4,5.0800,-1.2078,0.329
2.120,5,5.9000,-2.4060,0.307
2.120,6,6.7200,-0.3972,0.328
2.120,7,7.5400,-1.2608,0.305
2.120,8,8.3600,-0.2590,0.282
2.120,9,9.1800,1.2079,0.278
2.120,10,10.0000,-1.7123,0.305
2.120,11,10.8200,0.3336,0.275
2.120,12,11.6400,-1.1414,0.320
2.120,13,12.4600,0.3731,0.266
2.120,14,13.2800,-0.1128,0.318
2.120,15,14.1000,1.6981,0.295
2.160,0,1.8000,-1.5139,0.299
2.160,1,2.6200,-0.3367,0.289
2.160,2,3.4400,-0.2524,0.267
2.160,3,4.2600,0.3035,0.276
2.160,4,5.0800,-1.2152,0.329
2.160,5,5.9000,-2.4142,0.307
2.160,6,6.7200,-0.3953,0.328
2.160,7,7.5400,-1.2638,0.305
2.160,8,8.3600,-0.2444,0.282
2.160,9,9.1800,1.2132,0.278
2.160,10,10.0000,-1.7293,0.305
2.160,11,10.8200,0.3320,0.275
2.160,12,11.6400,-1.1443,0.320
2.160,13,12.4600,0.3681,0.266
2.160,14,13.2800,-0.1208,0.318
2.160,15,14.1000,1.7146,0.295
2.200,0,1.8000,-1.5217,0.299
2.200,1,2.6200,-0.3479,0.289
2.200,2,3.4400,-0.2566,0.267
2.200,3,4.2600,0.3087,0.276
2.200,4,5.0800,-1.2224,0.329
2.200,5,5.9000,-2.4221,0.307
2.200,6,6.7200,-0.3933,0.328
2.200,7,7.5400,-1.2666,0.305
2.200,8,8.3600,-0.2296,0.282
2.200,9,9.1800,1.2181,0.278
2.200,10,10.0000,-1.7467,0.305
2.200,11,10.8200,0.3301,0.275
2.200,12,11.6400,-1.1477,0.320
2.200,13,12.4600,0.3634,0.266
2.200,14,13.2800,-0.1285,0.318
2.200,15,14.1000,1.7309,0.295
2.240,0,1.8000,-1.5293,0.299
2.240,1,2.6200,-0.3594,0.289
2.240,2,3.4400,-0.2612,0.267
2.240,3,4.2600,0.3136,0.276
2.240,4,5.0800,-1.2292,0.329
2.240,5,5.9000,-2.4297,0.307
2.240,6,6.7200,-0.3911,0.328
2.240,7,7.5400,-1.2691,0.305
2.240,8,8.3600,-0.2144,0.282
2.240,9,9.1800,1.2228,0.278
2.240,10,10.0000,-1.7644,0.305
2.240,11,10.8200,0.3279,0.275
2.240,12,11.6400,-1.1513,0.320
2.240,13,12.4600,0.3588,0.266
2.240,14,13.2800,-0.1359,0.318
2.240,15,14.1000,1.7471,0.295
2.280,0,1.8000,-1.5366,0.299
2.280,1,2.6200,-0.3712,0.289
2.280,2,3.4400,-0.2660,0.267
2.280,3,4.2600,0.3182,0.276
2.280,4,5.0800,-1.2357,0.329
2.280,5,5.9000,-2.4370,0.307
2.280,6,6.7200,-0.3887,0.328
2.280,7,7.5400,-1.2713,0.305
2.280,8,8.3600,-0.1990,0.282
2.280,9,9.1800,1.2271,0.278
2.280,10,10.0000,-1.7825,0.305
2.280,11,10.8200,0.3254,0.275
2.280,12,11.6400,-1.1553,0.320
2.280,13,12.4600,0.3545,0.266
2.280,14,13.2800,-0.1430,0.318
2.280,15,14.1000,1.7631,0.295
2.320,0,1.8000,-1.5438,0.299
2.320,1,2.6200,-0.3833,0.289
2.320,2,3.4400,-0.2712,0.267
2.320,3,4.2600,0.3225,0.276
2.320,4,5.0800,-1.2419,0.329
2.320,5,5.9000,-2.4440,0.307
2.320,6,6.7200,-0.3861,0.328
2.320,7,7.5400,-1.2733,0.305
2.320,8,8.3600,-0.1833,0.282
2.320,9,9.1800,1.2310,0.278
2.320,10,10.0000,-1.8009,0.305
2.320,11,10.8200,0.3226,0.275
2.320,12,11.6400,-1.1597,0.320
2.320,13,12.4600,0.3504,0.266
2.320,14,13.2800,-0.1498,0.318
2.320,15,14.1000,1.7788,0.295
2.360,0,1.8000,-1.5507,0.299
2.360,1,2.6200,-0.3956,0.289
2.360,2,3.4400,-0.2767,0.267
2.360,3,4.2600,0.3265,0.276
2.360,4,5.0800,-1.2478,0.329
2.360,5,5.9000,-2.4506,0.307
2.360,6,6.7200,-0.3833,0.328
2.360,7,7.5400,-1.2749,0.305
2.360,8,8.3600,-0.1674,0.282
2.360,9,9.1800,1.2347,0.278
2.360,10,10.0000,-1.8197,0.305
2.360,11,10.8200,0.3196,0.275
2.360,12,11.6400,-1.1644,0.320
2.360,13,12.4600,0.3465,0.266
2.360,14,13.2800,-0.1563,0.318
2.360,15,14.1000,1.7945,0.295
2.400,0,1.8000,-1.5575,0.299
2.400,1,2.6200,-0.4083,0.289
2.400,2,3.4400,-0.2826,0.267
2.400,3,4.2600,0.3302,0.276
2.400,4,5.0800,-1.2534,0.329
2.400,5,5.9000,-2.4570,0.307
2.400,6,6.7200,-0.3803,0.328
2.400,7,7.5400,-1.2763,0.305
2.400,8,8.3600,-0.1511,0.282
2.400,9,9.1800,1.2380,0.278
2.400,10,10.0000,-1.8387,0.305
2.400,11,10.8200,0.3163,0.275
2.400,12,11.6400,-1.1695,0.320
2.400,13,12.4600,0.3428,0.266
2.400,14,13.2800,-0.1625,0.318
2.400,15,14.1000,1.8099,0.295
2.440,0,1.8000,-1.5640,0.299
2.440,1,2.6200,-0.4212,0.289
2.440,2,3.4400,-0.2887,0.267
2.440,3,4.2600,0.3336,0.276
2.440,4,5.0800,-1.2586,0.329
2.440,5,5.9000,-2.4630,0.307
2.440,6,6.7200,-0.3771,0.328
2.440,7,7.5400,-1.2774,0.305
2.440,8,8.3600,-0.1346,0.282
2.440,9,9.1800,1.2410,0.278
2.440,10,10.0000,-1.8582,0.305
2.440,11,10.8200,0.3127,0.275
2.440,12,11.6400,-1.1749,0.320
2.440,13,12.4600,0.3393,0.266
2.440,14,13.2800,-0.1685,0.318
2.440,15,14.1000,1.8251,0.295
2.480,0,1.8000,-1.5703,0.299
2.480,1,2.6200,-0.4344,0.289
2.480,2,3.4400,-0.2952,0.267
2.480,3,4.2600,0.3367,0.276
2.480,4,5.0800,-1.2636,0.329
2.480,5,5.9000,-2.4688,0.307
2.480,6,6.7200,-0.3737,0.328
2.480,7,7.5400,-1.2783,0.305
2.480,8,8.3600,-0.1178,0.282
2.480,9,9.1800,1.2436,0.278
2.480,10,10.0000,-1.8779,0.305
2.480,11,10.8200,0.3089,0.275
2.480,12,11.6400,-1.1806,0.320
2.480,13,12.4600,0.3361,0.266
2.480,14,13.2800,-0.1741,0.318
2.480,15,14.1000,1.8402,0.295
2.520,0,1.8000,-1.5764,0.299
2.520,1,2.6200,-0.4479,0.289
2.520,2,3.4400,-0.3020,0.267
2.520,3,4.2600,0.3394,0.276
2.520,4,5.0800,-1.2682,0.329
2.520,5,5.9000,-2.4742,0.307
2.520,6,6.7200,-0.3702,0.328
2.520,7,7.5400,-1.2788,0.305
2.520,8,8.3600,-0.1007,0.282
2.520,9,9.1800,1.2460,0.278
2.520,10,10.0000,-1.8980,0.305
2.520,11,10.8200,0.3047,0.275
2.520,12,11.6400,-1.1867,0.320
2.520,13,12.4600,0.3330,0.266
2.520,14,13.2800,-0.1794,0.318
2.520,15,14.1000,1.8551,0.295
2.560,0,1.8000,-1.5822,0.299
2.560,1,2.6200,-0.4617,0.289
2.560,2,3.4400,-0.3091,0.267
2.560,3,4.2600,0.3419,0.276
2.560,4,5.0800,-1.2725,0.329
2.560,5,5.9000,-2.4793,0.307
2.560,6,6.7200,-0.3664,0.328
2.560,7,7.5400,-1.2791,0.305
2.560,8,8.3600,-0.0833,0.282
2.560,9,9.1800,1.2480,0.278
2.560,10,10.0000,-1.9185,0.305
2.560,11,10.8200,0.3003,0.275
2.560,12,11.6400,-1.1931,0.320
2.560,13,12.4600,0.3302,0.266
2.560,14,13.2800,-0.1845,0.318
2.560,15,14.1000,1.8698,0.295
2.600,0,1.8000,-1.5879,0.299
2.600,1,2.6200,-0.4758,0.289
2.600,2,3.4400,-0.3165,0.267
2.600,3,4.2600,0.3441,0.276
2.600,4,5.0800,-1.2765,0.329
2.600,5,5.9000,-2.4841,0.307
2.600,6,6.7200,-0.3624,0.328
2.600,7,7.5400,-1.2791,0.305
2.600,8,8.3600,-0.0657,0.282
2.600,9,9.1800,1.2497,0.278
2.600,10,10.0000,-1.9393,0.305
2.600,11,10.8200,0.2956,0.275
2.600,12,11.6400,-1.1999,0.320
2.600,13,12.4600,0.3276,0.266
2.600,14,13.2800,-0.1892,0.318
2.600,15,14.1000,1.8843,0.295
2.640,0,1.8000,-1.5933,0.299
2.640,1,2.6200,-0.4901,0.289
2.640,2,3.4400,-0.3242,0.267
2.640,3,4.2600,0.3459,0.276
2.640,4,5.0800,-1.2802,0.329
2.640,5,5.9000,-2.4886,0.307
2.640,6,6.7200,-0.3583,0.328
2.640,7,7.5400,-1.2788,0.305
2.640,8,8.3600,-0.0478,0.282
2.640,9,9.1800,1.2510,0.278
2.640,10,10.0000,-1.9604,0.305
2.640,11,10.8200,0.2906,0.275
2.640,12,11.6400,-1.2071,0.320
2.640,13,12.4600,0.3252,0.266
2.640,14,13.2800,-0.1937,0.318
2.640,15,14.1000,1.8986,0.295
2.680,0,1.8000,-1.5986,0.299
2.680,1,2.6200,-0.5048,0.289
2.680,2,3.4400,-0.3323,0.267
2.680,3,4.2600,0.3475,0.276
2.680,4,5.0800,-1.2836,0.329
2.680,5,5.9000,-2.4928,0.307
2.680,6,6.7200,-0.3539,0.328
2.680,7,7.5400,-1.2783,0.305
2.680,8,8.3600,-0.0296,0.282
2.680,9,9.1800,1.2520,0.278
2.680,10,10.0000,-1.9819,0.305
2.680,11,10.8200,0.2854,0.275
2.680,12,11.6400,-1.2145,0.320
2.680,13,12.4600,0.3230,0.266
2.680,14,13.2800,-0.1978,0.318
2.680,15,14.1000,1.9128,0.295
2.720,0,1.8000,-1.6036,0.299
2.720,1,2.6200,-0.5197,0.289
2.720,2,3.4400,-0.3406,0.267
2.720,3,4.2600,0.3487,0.276
2.720,4,5.0800,-1.2866,0.329
2.720,5,5.9000,-2.4967,0.307
2.720,6,6.7200,-0.3494,0.328
2.720,7,7.5400,-1.2775,0.305
2.720,8,8.3600,-0.0111,0.282
2.720,9,9.1800,1.2527,0.278
2.720,10,10.0000,-2.0037,0.305
2.720,11,10.8200,0.2799,0.275
2.720,12,11.6400,-1.2224,0.320
2.720,13,12.4600,0.3210,0.266
2.720,14,13.2800,-0.2017,0.318
2.720,15,14.1000,1.9267,0.295
2.760,0,1.8000,-1.6084,0.299
2.760,1,2.6200,-0.5349,0.289
2.760,2,3.4400,-0.3493,0.267
2.760,3,4.2600,0.3497,0.276
2.760,4,5.0800,-1.2894,0.329
2.760,5,5.9000,-2.5003,0.307
2.760,6,6.7200,-0.3446,0.328
2.760,7,7.5400,-1.2764,0.305
2.760,8,8.3600,0.0076,0.282
2.760,9,9.1800,1.2531,0.278
2.760,10,10.0000,-2.0259,0.305
2.760,11,10.8200,0.2741,0.275
2.760,12,11.6400,-1.2306,0.320
2.760,13,12.4600,0.3192,0.266
2.760,14,13.2800,-0.2052,0.318
2.760,15,14.1000,1.9405,0.295
2.800,0,1.8000,-1.6130,0.299
2.800,1,2.6200,-0.5504,0.289
2.800,2,3.4400,-0.3583,0.267
2.800,3,4.2600,0.3503,0.276
2.800,4,5.0800,-1.2918,0.329
2.800,5,5.9000,-2.5036,0.307
2.800,6,6.7200,-0.3397,0.328
2.800,7,7.5400,-1.2750,0.305
2.800,8,8.3600,0.0267,0.282
2.800,9,9.1800,1.2532,0.278
2.800,10,10.0000,-2.0484,0.305
2.800,11,10.8200,0.2680,0.275
2.800,12,11.6400,-1.2391,0.320
2.800,13,12.4600,0.3177,0.266
2.800,14,13.2800,-0.2085,0.318
2.800,15,14.1000,1.9541,0.295
2.840,0,1.8000,-1.6173,0.299
2.840,1,2.6200,-0.5662,0.289
2.840,2,3.4400,-0.3677,0.267
2.840,3,4.2600,0.3506,0.276
2.840,4,5.0800,-1.2939,0.329
2.840,5,5.9000,-2.5065,0.307
2.840,6,6.7200,-0.3346,0.328
2.840,7,7.5400,-1.2734,0.305
2.840,8,8.3600,0.0460,0.282
2.840,9,9.1800,1.2529,0.278
2.840,10,10.0000,-2.0712,0.305
2.840,11,10.8200,0.2616,0.275
2.840,12,11.6400,-1.2479,0.320
2.840,13,12.4600,0.3163,0.266
2.840,14,13.2800,-0.2115,0.318
2.840,15,14.1000,1.9675,0.295
2.880,0,1.8000,-1.6215,0.299
2.880,1,2.6200,-0.5823,0.289
2.880,2,3.4400,-0.3773,0.267
2.880,3,4.2600,0.3507,0.276
2.880,4,5.0800,-1.2957,0.329
2.880,5,5.9000,-2.5092,0.307
2.880,6,6.7200,-0.3293,0.328
2.880,7,7.5400,-1.2714,0.305
2.880,8,8.3600,0.0656,0.282
2.880,9,9.1800,1.2523,0.278
2.880,10,10.0000,-2.0944,0.305
2.880,11,10.8200,0.2550,0.275
2.880,12,11.6400,-1.2572,0.320
2.880,13,12.4600,0.3152,0.266
2.880,14,13.2800,-0.2141,0.318
2.880,15,14.1000,1.9808,0.295
2.920,0,1.8000,-1.6254,0.299
2.920,1,2.6200,-0.5986,0.289
2.920,2,3.4400,-0.3873,0.267
2.920,3,4.2600,0.3504,0.276
2.920,4,5.0800,-1.2972,0.329
2.920,5,5.9000,-2.5115,0.307
2.920,6,6.7200,-0.3237,0.328
2.920,7,7.5400,-1.2692,0.305
2.920,8,8.3600,0.0854,0.282
2.920,9,9.1800,1.2513,0.278
2.920,10,10.0000,-2.1179,0.305
2.920,11,10.8200,0.2481,0.275
2.920,12,11.6400,-1.2667,0.320
2.920,13,12.4600,0.3142,0.266
2.920,14,13.2800,-0.2165,0.318
2.920,15,14.1000,1.9939,0.295
2.960,0,1.8000,-1.6291,0.299
2.960,1,2.6200,-0.6153,0.289
2.960,2,3.4400,-0.3976,0.267
2.960,3,4.2600,0.3498,0.276
2.960,4,5.0800,-1.2984,0.329
2.960,5,5.9000,-2.5135,0.307
2.960,6,6.7200,-0.3180,0.328
2.960,7,7.5400,-1.2668,0.305
2.960,8,8.3600,0.1056,0.282
2.960,9,9.1800,1.2501,0.278
2.960,10,10.0000,-2.1418,0.305
2.960,11,10.8200,0.2409,0.275
2.960,12,11.6400,-1.2766,0.320
2.960,13,12.4600,0.3135,0.266
2.960,14,13.2800,-0.2186,0.318
2.960,15,14.1000,2.0067,0.295
3.000,0,1.8000,-1.6326,0.299
3.000,1,2.6200,-0.6322,0.289
3.000,2,3.4400,-0.4082,0.267
3.000,3,4.2600,0.3489,0.276
3.000,4,5.0800,-1.2992,0.329
3.000,5,5.9000,-2.5153,0.307
3.000,6,6.7200,-0.3121,0.328
3.000,7,7.5400,-1.2640,0.305
3.000,8,8.3600,0.1260,0.282
3.000,9,9.1800,1.2485,0.278
3.000,10,10.0000,-2.1660,0.305
3.000,11,10.8200,0.2335,0.275
3.000,12,11.6400,-1.2869,0.320
3.000,13,12.4600,0.3130,0.266
3.000,14,13.2800,-0.2204,0.318
3.000,15,14.1000,2.0194,0.295
3.040,0,1.8000,-1.6359,0.299
3.040,1,2.6200,-0.6494,0.289
3.040,2,3.4400,-0.4191,0.267
3.040,3,4.2600,0.3478,0.276
3.040,4,5.0800,-1.2998,0.329
3.040,5,5.9000,-2.5167,0.307
3.040,6,6.7200,-0.3060,0.328
3.040,7,7.5400,-1.2610,0.305
3.040,8,8.3600,0.1467,0.282
3.040,9,9.1800,1.2466,0.278
3.040,10,10.0000,-2.1905,0.305
3.040,11,10.8200,0.2257,0.275
3.040,12,11.6400,-1.2975,0.320
3.040,13,12.4600,0.3127,0.266
3.040,14,13.2800,-0.2219,0.318
3.040,15,14.1000,2.0319,0.295
3.080,0,1.8000,-1.6390,0.299
3.080,1,2.6200,-0.6669,0.289
3.080,2,3.4400,-0.4303,0.267
3.080,3,4.2600,0.3463,0.276
3.080,4,5.0800,-1.3000,0.329
3.080,5,5.9000,-2.5178,0.307
3.080,6,6.7200,-0.2997,0.328
3.080,7,7.5400,-1.2577,0.305
3.080,8,8.3600,0.1677,0.282
3.080,9,9.1800,1.2443,0.278
3.080,10,10.0000,-2.2154,0.305
3.080,11,10.8200,0.2177,0.275
3.080,12,11.6400,-1.3084,0.320
3.080,13,12.4600,0.3127,0.266
3.080,14,13.2800,-0.2231,0.318
3.080,15,14.1000,2.0443,0.295
3.120,0,1.8000,-1.6419,0.299
3.120,1,2.6200,-0.6847,0.289
3.120,2,3.4400,-0.4419,0.267
3.120,3,4.2600,0.3445,0.276
3.120,4,5.0800,-1.2999,0.329
3.120,5,5.9000,-2.5186,0.307
3.120,6,6.7200,-0.2932,0.328
3.120,7,7.5400,-1.2541,0.305
3.120,8,8.3600,0.1889,0.282
3.120,9,9.1800,1.2417,0.278
3.120,10,10.0000,-2.2406,0.305
3.120,11,10.8200,0.2094,0.275
3.120,12,11.6400,-1.3197,0.320
3.120,13,12.4600,0.3128,0.266
3.120,14,13.2800,-0.2240,0.318
3.120,15,14.1000,2.0564,0.295
3.160,0,1.8000,-1.6445,0.299
3.160,1,2.6200,-0.7027,0.289
3.160,2,3.4400,-0.4537,0.267
3.160,3,4.2600,0.3424,0.276
3.160,4,5.0800,-1.2995,0.329
3.160,5,5.9000,-2.5190,0.307
3.160,6,6.7200,-0.2866,0.328
3.160,7,7.5400,-1.2502,0.305
3.160,8,8.3600,0.2104,0.282
3.160,9,9.1800,1.2388,0.278
3.160,10,10.0000,-2.2662,0.305
3.160,11,10.8200,0.2009,0.275
3.160,12,11.6400,-1.3314,0.320
3.160,13,12.4600,0.3132,0.266
3.160,14,13.2800,-0.2246,0.318
3.160,15,14.1000,2.0684,0.295
3.200,0,1.8000,-1.6469,0.299
3.200,1,2.6200,-0.7211,0.289
3.200,2,3.4400,-0.4659,0.267
3.200,3,4.2600,0.3400,0.276
3.200,4,5.0800,-1.2988,0.329
3.200,5,5.9000,-2.5192,0.307
3.200,6,6.7200,-0.2797,0.328
3.200,7,7.5400,-1.2461,0.305
3.200,8,8.3600,0.2323,0.282
3.200,9,9.1800,1.2356,0.278
3.200,10,10.0000,-2.2921,0.305
3.200,11,10.8200,0.1920,0.275
3.200,12,11.6400,-1.3433,0.320
3.200,13,12.4600,0.3137,0.266
3.200,14,13.2800,-0.2249,0.318
3.200,15,14.1000,2.0802,0.295
3.240,0,1.8000,-1.6491,0.299
3.240,1,2.6200,-0.7397,0.289
3.240,2,3.4400,-0.4784,0.267
3.240,3,4.2600,0.3373,0.276
3.240,4,5.0800,-1.2978,0.329
3.240,5,5.9000,-2.5191,0.307
3.240,6,6.7200,-0.2726,0.328
3.240,7,7.5400,-1.2417,0.305
3.240,8,8.3600,0.2543,0.282
3.240,9,9.1800,1.2321,0.278
3.240,10,10.0000,-2.3183,0.305
3.240,11,10.8200,0.1829,0.275
3.240,12,11.6400,-1.3557,0.320
3.240,13,12.4600,0.3145,0.266
3.240,14,13.2800,-0.2250,0.318
3.240,15,14.1000,2.0918,0.295
3.280,0,1.8000,-1.6511,0.299
3.280,1,2.6200,-0.7586,0.289
3.280,2,3.4400,-0.4913,0.267
3.280,3,4.2600,0.3343,0.276
3.280,4,5.0800,-1.2964,0.329
3.280,5,5.9000,-2.5186,0.307
3.280,6,6.7200,-0.2653,0.328
3.280,7,7.5400,-1.2370,0.305
3.280,8,8.3600,0.2767,0.282
3.280,9,9.1800,1.2282,0.278
3.280,10,10.0000,-2.3449,0.305
3.280,11,10.8200,0.1735,0.275
3.280,12,11.6400,-1.3684,0.320
3.280,13,12.4600,0.3155,0.266
3.280,14,13.2800,-0.2247,0.318
3.280,15,14.1000,2.1032,0.295
3.320,0,1.8000,-1.6529,0.299
3.320,1,2.6200,-0.7778,0.289
3.320,2,3.4400,-0.5044,0.267
3.320,3,4.2600,0.3310,0.276
3.320,4,5.0800,-1.2948,0.329
3.320,5,5.9000,-2.5179,0.307
3.320,6,6.7200,-0.2579,0.328
3.320,7,7.5400,-1.2320,0.305
3.320,8,8.3600,0.2994,0.282
3.320,9,9.1800,1.2240,0.278
3.320,10,10.0000,-2.3718,0.305
3.320,11,10.8200,0.1638,0.275
3.320,12,11.6400,-1.3814,0.320
3.320,13,12.4600,0.3167,0.266
3.320,14,13.2800,-0.2241,0.318
3.320,15,14.1000,2.1145,0.295
3.360,0,1.8000,-1.6545,0.299
3.360,1,2.6200,-0.7973,0.289
3.360,2,3.4400,-0.5179,0.267
3.360,3,4.2600,0.3273,0.276
3.360,4,5.0800,-1.2928,0.329
3.360,5,5.9000,-2.5168,0.307
3.360,6,6.7200,-0.2502,0.328
3.360,7,7.5400,-1.2268,0.305
3.360,8,8.3600,0.3223,0.282
3.360,9,9.1800,1.2195,0.278
3.360,10,10.0000,-2.3991,0.305
3.360,11,10.8200,0.1539,0.275
3.360,12,11.6400,-1.3948,0.320
3.360,13,12.4600,0.3181,0.266
3.360,14,13.2800,-0.2232,0.318
3.360,15,14.1000,2.1255,0.295
3.400,0,1.8000,-1.6559,0.299
3.400,1,2.6200,-0.8171,0.289
3.400,2,3.4400,-0.5317,0.267
3.400,3,4.2600,0.3234,0.276
3.400,4,5.0800,-1.2905,0.329
3.400,5,5.9000,-2.5154,0.307
3.400,6,6.7200,-0.2424,0.328
3.400,7,7.5400,-1.2213,0.305
3.400,8,8.3600,0.3455,0.282
3.400,9,9.1800,1.2146,0.278
3.400,10,10.0000,-2.4267,0.305
3.400,11,10.8200,0.1437,0.275
3.400,12,11.6400,-1.4085,0.320
3.400,13,12.4600,0.3197,0.266
3.400,14,13.2800,-0.2221,0.318
3.400,15,14.1000,2.1364,0.295
3.440,0,1.8000,-1.6570,0.299
3.440,1,2.6200,-0.8372,0.289
3.440,2,3.4400,-0.5458,0.267
3.440,3,4.2600,0.3192,0.276
3.440,4,5.0800,-1.2879,0.329
3.440,5,5.9000,-2.5137,0.307
3.440,6,6.7200,-0.2343,0.328
3.440,7,7.5400,-1.2155,0.305
3.440,8,8.3600,0.3690,0.282
3.440,9,9.1800,1.2094,0.278
3.440,10,10.0000,-2.4547,0.305
3.440,11,10.8200,0.1332,0.275
3.440,12,11.6400,-1.4225,0.320
3.440,13,12.4600,0.3215,0.266
3.440,14,13.2800,-0.2206,0.318
3.440,15,14.1000,2.1471,0.295
3.480,0,1.8000,-1.6579,0.299
3.480,1,2.6200,-0.8575,0.289
3.480,2,3.4400,-0.5602,0.267
3.480,3,4.2600,0.3147,0.276
3.480,4,5.0800,-1.2850,0.329
3.480,5,5.9000,-2.5118,0.307
3.480,6,6.7200,-0.2261,0.328
3.480,7,7.5400,-1.2094,0.305
3.480,8,8.3600,0.3927,0.282
3.480,9,9.1800,1.2039,0.278
3.480,10,10.0000,-2.4830,0.305
3.480,11,10.8200,0.1224,0.275
3.480,12,11.6400,-1.4370,0.320
3.480,13,12.4600,0.3236,0.266
3.480,14,13.2800,-0.2189,0.318
3.480,15,14.1000,2.1576,0.295
3.520,0,1.8000,-1.6586,0.299
3.520,1,2.6200,-0.8781,0.289
3.520,2,3.4400,-0.5749,0.267
3.520,3,4.2600,0.3098,0.276
3.520,4,5.0800,-1.2818,0.329
3.520,5,5.9000,-2.5094,0.307
3.520,6,6.7200,-0.2177,0.328
3.520,7,7.5400,-1.2030,0.305
3.520,8,8.3600,0.4168,0.282
3.520,9,9.1800,1.1981,0.278
3.520,10,10.0000,-2.5116,0.305
3.520,11,10.8200,0.1113,0.275
3.520,12,11.6400,-1.4517,0.320
3.520,13,12.4600,0.3258,0.266
3.520,14,13.2800,-0.2168,0.318
3.520,15,14.1000,2.1680,0.295
3.560,0,1.8000,-1.6591,0.299
3.560,1,2.6200,-0.8991,0.289
3.560,2,3.4400,-0.5900,0.267
3.560,3,4.2600,0.3047,0.276
3.560,4,5.0800,-1.2783,0.329
3.560,5,5.9000,-2.5068,0.307
3.560,6,6.7200,-0.2091,0.328
3.560,7,7.5400,-1.1964,0.305
3.560,8,8.3600,0.4411,0.282
3.560,9,9.1800,1.1919,0.278
3.560,10,10.0000,-2.5406,0.305
3.560,11,10.8200,0.1000,0.275
3.560,12,11.6400,-1.4668,0.320
3.560,13,12.4600,0.3283,0.266
3.560,14,13.2800,-0.2145,0.318
3.560,15,14.1000,2.1781,0.295
3.600,0,1.8000,-1.6594,0.299
3.600,1,2.6200,-0.9203,0.289
3.600,2,3.4400,-0.6053,0.267
3.600,3,4.2600,0.2993,0.276
3.600,4,5.0800,-1.2744,0.329
3.600,5,5.9000,-2.5039,0.307
3.600,6,6.7200,-0.2002,0.328
3.600,7,7.5400,-1.1895,0.305
3.600,8,8.3600,0.4657,0.282
3.600,9,9.1800,1.1854,0.278
3.600,10,10.0000,-2.5699,0.305
3.600,11,10.8200,0.0884,0.275
3.600,12,11.6400,-1.4823,0.320
3.600,13,12.4600,0.3310,0.266
3.600,14,13.2800,-0.2119,0.318
3.600,15,14.1000,2.1881,0.295
3.640,0,1.8000,-1.6595,0.299
3.640,1,2.6200,-0.9417,0.289
3.640,2,3.4400,-0.6210,0.267
3.640,3,4.2600,0.2935,0.276
3.640,4,5.0800,-1.2702,0.329
3.640,5,5.9000,-2.5007,0.307
3.640,6,6.7200,-0.1912,0.328
3.640,7,7.5400,-1.1823,0.305
3.640,8,8.3600,0.4905,0.282
3.640,9,9.1800,1.1786,0.278
3.640,10,10.0000,-2.5995,0.305
3.640,11,10.8200,0.0765,0.275
3.640,12,11.6400,-1.4981,0.320
3.640,13,12.4600,0.3339,0.266
3.640,14,13.2800,-0.2089,0.318
3.640,15,14.1000,2.1979,0.295
3.680,0,1.8000,-1.6593,0.299
3.680,1,2.6200,-0.9635,0.289
3.680,2,3.4400,-0.6370,0.267
3.680,3,4.2600,0.2875,0.276
3.680,4,5.0800,-1.2657,0.329
3.680,5,5.9000,-2.4971,0.307
3.680,6,6.7200,-0.1820,0.328
3.680,7,7.5400,-1.1749,0.305
3.680,8,8.3600,0.5157,0.282
3.680,9,9.1800,1.1714,0.278
3.680,10,10.0000,-2.6295,0.305
3.680,11,10.8200,0.0643,0.275
3.680,12,11.6400,-1.5142,0.320
3.680,13,12.4600,0.3370,0.266
3.680,14,13.2800,-0.2057,0.318
3.680,15,14.1000,2.2075,0.295
3.720,0,1.8000,-1.6590,0.299
3.720,1,2.6200,-0.9856,0.289
3.720,2,3.4400,-0.6534,0.267
3.720,3,4.2600,0.2811,0.276
3.720,4,5.0800,-1.2610,0.329
3.720,5,5.9000,-2.4933,0.307
3.720,6,6.7200,-0.1726,0.328
3.720,7,7.5400,-1.1672,0.305
3.720,8,8.3600,0.5411,0.282
3.720,9,9.1800,1.1639,0.278
3.720,10,10.0000,-2.6599,0.305
3.720,11,10.8200,0.0519,0.275
3.720,12,11.6400,-1.5307,0.320
3.720,13,12.4600,0.3403,0.266
3.720,14,13.2800,-0.2022,0.318
3.720,15,14.1000,2.2169,0.295
3.760,0,1.8000,-1.6584,0.299
3.760,1,2.6200,-1.0079,0.289
3.760,2,3.4400,-0.6700,0.267
3.760,3,4.2600,0.2744,0.276
3.760,4,5.0800,-1.2558,0.329
3.760,5,5.9000,-2.4891,0.307
3.760,6,6.7200,-0.1630,0.328
3.760,7,7.5400,-1.1592,0.305
3.760,8,8.3600,0.5668,0.282
3.760,9,9.1800,1.1561,0.278
3.760,10,10.0000,-2.6905,0.305
3.760,11,10.8200,0.0392,0.275
3.760,12,11.6400,-1.5476,0.320
3.760,13,12.4600,0.3439,0.266
3.760,14,13.2800,-0.1984,0.318
3.760,15,14.1000,2.2262,0.295
3.800,0,1.8000,-1.6576,0.299
3.800,1,2.6200,-1.0305,0.289
3.800,2,3.4400,-0.6870,0.267
3.800,3,4.2600,0.2675,0.276
3.800,4,5.0800,-1.2504,0.329
3.800,5,5.9000,-2.4847,0.307
3.800,6,6.7200,-0.1532,0.328
3.800,7,7.5400,-1.1509,0.305
3.800,8,8.3600,0.5928,0.282
3.800,9,9.1800,1.1480,0.278
3.800,10,10.0000,-2.7216,0.305
3.800,11,10.8200,0.0262,0.275
3.800,12,11.6400,-1.5647,0.320
3.800,13,12.4600,0.3476,0.266
3.800,14,13.2800,-0.1943,0.318
3.800,15,14.1000,2.2352,0.295
3.840,0,1.8000,-1.6566,0.299
3.840,1,2.6200,-1.0535,0.289
3.840,2,3.4400,-0.7043,0.267
3.840,3,4.2600,0.2602,0.276
3.840,4,5.0800,-1.2447,0.329
3.840,5,5.9000,-2.4799,0.307
3.840,6,6.7200,-0.1432,0.328
3.840,7,7.5400,-1.1423,0.305
3.840,8,8.3600,0.6191,0.282
3.840,9,9.1800,1.1396,0.278
3.840,10,10.0000,-2.7529,0.305
3.840,11,10.8200,0.0129,0.275
3.840,12,11.6400,-1.5823,0.320
3.840,13,12.4600,0.3516,0.266
3.840,14,13.2800,-0.1899,0.318
3.840,15,14.1000,2.2441,0.295
3.880,0,1.8000,-1.6553,0.299
3.880,1,2.6200,-1.0767,0.289
3.880,2,3.4400,-0.7219,0.267
3.880,3,4.2600,0.2526,0.276
3.880,4,5.0800,-1.2386,0.329
3.880,5,5.9000,-2.4748,0.307
3.880,6,6.7200,-0.1331,0.328
3.880,7,7.5400,-1.1335,0.305
3.880,8,8.3600,0.6456,0.282
3.880,9,9.1800,1.1308,0.278
3.880,10,10.0000,-2.7846,0.305
3.880,11,10.8200,-0.0006,0.275
3.880,12,11.6400,-1.6002,0.320
3.880,13,12.4600,0.3557,0.266
3.880,14,13.2800,-0.1852,0.318
3.880,15,14.1000,2.2528,0.295
3.920,0,1.8000,-1.6539,0.299
3.920,1,2.6200,-1.1001,0.289
3.920,2,3.4400,-0.7398,0.267
3.920,3,4.2600,0.2448,0.276
3.920,4,5.0800,-1.2322,0.329
3.920,5,5.9000,-2.4694,0.307
3.920,6,6.7200,-0.1227,0.328
3.920,7,7.5400,-1.1244,0.305
3.920,8,8.3600,0.6724,0.282
3.920,9,9.1800,1.1217,0.278
3.920,10,10.0000,-2.8167,0.305
3.920,11,10.8200,-0.0145,0.275
3.920,12,11.6400,-1.6184,0.320
3.920,13,12.4600,0.3601,0.266
3.920,14,13.2800,-0.1802,0.318
3.920,15,14.1000,2.2613,0.295
3.960,0,1.8000,-1.6523,0.299
3.960,1,2.6200,-1.1239,0.289
3.960,2,3.4400,-0.7580,0.267
3.960,3,4.2600,0.2366,0.276
3.960,4,5.0800,-1.2256,0.329
3.960,5,5.9000,-2.4637,0.307
3.960,6,6.7200,-0.1121,0.328
3.960,7,7.5400,-1.1150,0.305
3.960,8,8.3600,0.6995,0.282
3.960,9,9.1800,1.1122,0.278
3.960,10,10.0000,-2.8491,0.305
3.960,11,10.8200,-0.0286,0.275
3.960,12,11.6400,-1.6370,0.320
3.960,13,12.4600,0.3647,0.266
3.960,14,13.2800,-0.1749,0.318
3.960,15,14.1000,2.2697,0.295
4.000,0,1.8000,-1.6504,0.299
4.000,1,2.6200,-1.1480,0.289
4.000,2,3.4400,-0.7766,0.267
4.000,3,4.2600,0.2281,0.276
4.000,4,5.0800,-1.2186,0.329
4.000,5,5.9000,-2.4577,0.307
4.000,6,6.7200,-0.1014,0.328
4.000,7,7.5400,-1.1053,0.305
4.000,8,8.3600,0.7269,0.282
4.000,9,9.1800,1.1025,0.278
4.000,10,10.0000,-2.8818,0.305
4.000,11,10.8200,-0.0429,0.275
4.000,12,11.6400,-1.6559,0.320
4.000,13,12.4600,0.3695,0.266
4.000,14,13.2800,-0.1693,0.318
4.000,15,14.1000,2.2778,0.295
4.040,0,1.8000,-1.6483,0.299
4.040,1,2.6200,-1.1723,0.289
4.040,2,3.4400,-0.7954,0.267
4.040,3,4.2600,0.2193,0.276
4.040,4,5.0800,-1.2113,0.329
4.040,5,5.9000,-2.4513,0.307
4.040,6,6.7200,-0.0904,0.328
4.040,7,7.5400,-1.0954,0.305
4.040,8,8.3600,0.7545,0.282
4.040,9,9.1800,1.0924,0.278
4.040,10,10.0000,-2.9148,0.305
4.040,11,10.8200,-0.0576,0.275
4.040,12,11.6400,-1.6751,0.320
4.040,13,12.4600,0.3745,0.266
4.040,14,13.2800,-0.1634,0.318
4.040,15,14.1000,2.2858,0.295
4.080,0,1.8000,-1.6460,0.299
4.080,1,2.6200,-1.1969,0.289
4.080,2,3.4400,-0.8146,0.267
4.080,3,4.2600,0.2102,0.276
4.080,4,5.0800,-1.2036,0.329
4.080,5,5.9000,-2.4447,0.307
4.080,6,6.7200,-0.0793,0.328
4.080,7,7.5400,-1.0852,0.305
4.080,8,8.3600,0.7825,0.282
4.080,9,9.1800,1.0819,0.278
4.080,10,10.0000,-2.9482,0.305
4.080,11,10.8200,-0.0725,0.275
4.080,12,11.6400,-1.6948,0.320
4.080,13,12.4600,0.3798,0.266
4.080,14,13.2800,-0.1572,0.318
4.080,15,14.1000,2.2936,0.295
4.120,0,1.8000,-1.6435,0.299
4.120,1,2.6200,-1.2218,0.289
4.120,2,3.4400,-0.8341,0.267
4.120,3,4.2600,0.2008,0.276
4.120,4,5.0800,-1.1957,0.329
4.120,5,5.9000,-2.4378,0.307
4.120,6,6.7200,-0.0679,0.328
4.120,7,7.5400,-1.0747,0.305
4.120,8,8.3600,0.8107,0.282
4.120,9,9.1800,1.0712,0.278
4.120,10,10.0000,-2.9820,0.305
4.120,11,10.8200,-0.0877,0.275
4.120,12,11.6400,-1.7147,0.320
4.120,13,12.4600,0.3852,0.266
4.120,14,13.2800,-0.1507,0.318
4.120,15,14.1000,2.3012,0.295
4.160,0,1.8000,-1.6408,0.299
4.160,1,2.6200,-1.2470,0.289
4.160,2,3.4400,-0.8540,0.267
4.160,3,4.2600,0.1911,0.276
4.160,4,5.0800,-1.1874,0.329
4.160,5,5.9000,-2.4305,0.307
4.160,6,6.7200,-0.0564,0.328
4.160,7,7.5400,-1.0639,0.305
4.160,8,8.3600,0.8392,0.282
4.160,9,9.1800,1.0601,0.278
4.160,10,10.0000,-3.0161,0.305
4.160,11,10.8200,-0.1032,0.275
4.160,12,11.6400,-1.7350,0.320
4.160,13,12.4600,0.3909,0.266
4.160,14,13.2800,-0.1440,0.318
4.160,15,14.1000,2.3086,0.295
4.200,0,1.8000,-1.6378,0.299
4.200,1,2.6200,-1.2725,0.289
4.200,2,3.4400,-0.8741,0.267
4.200,3,4.2600,0.1811,0.276
4.200,4,5.0800,-1.1789,0.329
4.200,5,5.9000,-2.4229,0.307
4.200,6,6.7200,-0.0446,0.328
4.200,7,7.5400,-1.0529,0.305
4.200,8,8.3600,0.8679,0.282
4.200,9,9.1800,1.0487,0.278
4.200,10,10.0000,-3.0505,0.305
4.200,11,10.8200,-0.1190,0.275
4.200,12,11.6400,-1.7557,0.320
4.200,13,12.4600,0.3967,0.266
4.200,14,13.2800,-0.1369,0.318
4.200,15,14.1000,2.3159,0.295
4.240,0,1.8000,-1.6347,0.299
4.240,1,2.6200,-1.2983,0.289
4.240,2,3.4400,-0.8946,0.267
4.240,3,4.2600,0.1708,0.276
4.240,4,5.0800,-1.1700,0.329
4.240,5,5.9000,-2.4151,0.307
4.240,6,6.7200,-0.0327,0.328
4.240,7,7.5400,-1.0415,0.305
4.240,8,8.3600,0.8970,0.282
4.240,9,9.1800,1.0370,0.278
4.240,10,10.0000,-3.0853,0.305
4.240,11,10.8200,-0.1350,0.275
4.240,12,11.6400,-1.7767,0.320
4.240,13,12.4600,0.4028,0.266
4.240,14,13.2800,-0.1296,0.318
4.240,15,14.1000,2.3229,0.295
4.280,0,1.8000,-1.6313,0.299
4.280,1,2.6200,-1.3243,0.289
4.280,2,3.4400,-0.9154,0.267
4.280,3,4.2600,0.1602,0.276
4.280,4,5.0800,-1.1608,0.329
4.280,5,5.9000,-2.4069,0.307
4.280,6,6.7200,-0.0206,0.328
4.280,7,7.5400,-1.0299,0.305
4.280,8,8.3600,0.9263,0.282
4.280,9,9.1800,1.0249,0.278
4.280,10,10.0000,-3.1204,0.305
4.280,11,10.8200,-0.1513,0.275
4.280,12,11.6400,-1.7980,0.320
4.280,13,12.4600,0.4091,0.266
4.280,14,13.2800,-0.1219,0.318
4.280,15,14.1000,2.3298,0.295
4.320,0,1.8000,-1.6277,0.299
4.320,1,2.6200,-1.3507,0.289
4.320,2,3.4400,-0.9365,0.267
4.320,3,4.2600,0.1493,0.276
4.320,4,5.0800,-1.1513,0.329
4.320,5,5.9000,-2.3984,0.307
4.320,6,6.7200,-0.0083,0.328
4.320,7,7.5400,-1.0181,0.305
4.320,8,8.3600,0.9559,0.282
4.320,9,9.1800,1.0126,0.278
4.320,10,10.0000,-3.1558,0.305
4.320,11,10.8200,-0.1679,0.275
4.320,12,11.6400,-1.8197,0.320
4.320,13,12.4600,0.4156,0.266
4.320,14,13.2800,-0.1140,0.318
4.320,15,14.1000,2.3365,0.295
4.360,0,1.8000,-1.6239,0.299
4.360,1,2.6200,-1.3773,0.289
4.360,2,3.4400,-0.9579,0.267
4.360,3,4.2600,0.1381,0.276
4.360,4,5.0800,-1.1414,0.329
4.360,5,5.9000,-2.3896,0.307
4.360,6,6.7200,0.0042,0.328
4.360,7,7.5400,-1.0059,0.305
4.360,8,8.3600,0.9858,0.282
4.360,9,9.1800,0.9998,0.278
4.360,10,10.0000,-3.1916,0.305
4.360,11,10.8200,-0.1848,0.275
4.360,12,11.6400,-1.8418,0.320
4.360,13,12.4600,0.4223,0.266
4.360,14,13.2800,-0.1057,0.318
4.360,15,14.1000,2.3430,0.295
4.400,0,1.8000,-1.6199,0.299
4.400,1,2.6200,-1.4042,0.289
4.400,2,3.4400,-0.9796,0.267
4.400,3,4.2600,0.1265,0.276
4.400,4,5.0800,-1.1313,0.329
4.400,5,5.9000,-2.3805,0.307
4.400,6,6.7200,0.0169,0.328
4.400,7,7.5400,-0.9935,0.305
4.400,8,8.3600,1.0159,0.282
4.400,9,9.1800,0.9868,0.278
4.400,10,10.0000,-3.2278,0.305
4.400,11,10.8200,-0.2019,0.275
4.400,12,11.6400,-1.8641,0.320
4.400,13,12.4600,0.4292,0.266
4.400,14,13.2800,-0.0972,0.318
4.400,15,14.1000,2.3494,0.295
4.440,0,1.8000,-1.6156,0.299
4.440,1,2.6200,-1.4314,0.289
4.440,2,3.4400,-1.0017,0.267
4.440,3,4.2600,0.1147,0.276
4.440,4,5.0800,-1.1208,0.329
4.440,5,5.9000,-2.3711,0.307
4.440,6,6.7200,0.0298,0.328
4.440,7,7.5400,-0.9808,0.305
4.440,8,8.3600,1.0464,0.282
4.440,9,9.1800,0.9735,0.278
4.440,10,10.0000,-3.2642,0.305
4.440,11,10.8200,-0.2194,0.275
4.440,12,11.6400,-1.8869,0.320
4.440,13,12.4600,0.4364,0.266
4.440,14,13.2800,-0.0883,0.318
4.440,15,14.1000,2.3555,0.295
4.480,0,1.8000,-1.6112,0.299
4.480,1,2.6200,-1.4589,0.289
4.480,2,3.4400,-1.0241,0.267
4.480,3,4.2600,0.1026,0.276
4.480,4,5.0800,-1.1101,0.329
4.480,5,5.9000,-2.3613,0.307
4.480,6,6.7200,0.0429,0.328
4.480,7,7.5400,-0.9678,0.305
4.480,8,8.3600,1.0771,0.282
4.480,9,9.1800,0.9598,0.278
4.480,10,10.0000,-3.3010,0.305
4.480,11,10.8200,-0.2371,0.275
4.480,12,11.6400,-1.9100,0.320
4.480,13,12.4600,0.4437,0.266
4.480,14,13.2800,-0.0792,0.318
4.480,15,14.1000,2.3615,0.295
4.520,0,1.8000,-1.6065,0.299
4.520,1,2.6200,-1.4867,0.289
4.520,2,3.4400,-1.0467,0.267
4.520,3,4.2600,0.0901,0.276
4.520,4,5.0800,-1.0990,0.329
4.520,5,5.9000,-2.3513,0.307
4.520,6,6.7200,0.0562,0.328
4.520,7,7.5400,-0.9546,0.305
4.520,8,8.3600,1.1081,0.282
4.520,9,9.1800,0.9457,0.278
4.520,10,10.0000,-3.3382,0.305
4.520,11,10.8200,-0.2550,0.275
4.520,12,11.6400,-1.9334,0.320
4.520,13,12.4600,0.4513,0.266
4.520,14,13.2800,-0.0698,0.318
4.520,15,14.1000,2.3673,0.295
4.560,0,1.8000,-1.6016,0.299
4.560,1,2.6200,-1.5147,0.289
4.560,2,3.4400,-1.0698,0.267
4.560,3,4.2600,0.0774,0.276
4.560,4,5.0800,-1.0876,0.329
4.560,5,5.9000,-2.3409,0.307
4.560,6,6.7200,0.0697,0.328
4.560,7,7.5400,-0.9410,0.305
4.560,8,8.3600,1.1393,0.282
4.560,9,9.1800,0.9314,0.278
4.560,10,10.0000,-3.3757,0.305
4.560,11,10.8200,-0.2733,0.275
4.560,12,11.6400,-1.9572,0.320
4.560,13,12.4600,0.4591,0.266
4.560,14,13.2800,-0.0601,0.318
4.560,15,14.1000,2.3729,0.295
4.600,0,1.8000,-1.5966,0.299
4.600,1,2.6200,-1.5430,0.289
4.600,2,3.4400,-1.0931,0.267
4.600,3,4.2600,0.0643,0.276
4.600,4,5.0800,-1.0759,0.329
4.600,5,5.9000,-2.3303,0.307
4.600,6,6.7200,0.0834,0.328
4.600,7,7.5400,-0.9272,0.305
4.600,8,8.3600,1.1709,0.282
4.600,9,9.1800,0.9167,0.278
4.600,10,10.0000,-3.4135,0.305
4.600,11,10.8200,-0.2918,0.275
4.600,12,11.6400,-1.9813,0.320
4.600,13,12.4600,0.4671,0.266
4.600,14,13.2800,-0.0501,0.318
4.600,15,14.1000,2.3783,0.295
4.640,0,1.8000,-1.5912,0.299
4.640,1,2.6200,-1.5717,0.289
4.640,2,3.4400,-1.1167,0.267
4.640,3,4.2600,0.0510,0.276
4.640,4,5.0800,-1.0639,0.329
4.640,5,5.9000,-2.3193,0.307
4.640,6,6.7200,0.0972,0.328
4.640,7,7.5400,-0.9131,0.305
4.640,8,8.3600,1.2027,0.282
4.640,9,9.1800,0.9017,0.278
4.640,10,10.0000,-3.4517,0.305
4.640,11,10.8200,-0.3106,0.275
4.640,12,11.6400,-2.0057,0.320
4.640,13,12.4600,0.4753,0.266
4.640,14,13.2800,-0.0398,0.318
4.640,15,14.1000,2.3836,0.295
4.680,0,1.8000,-1.5857,0.299
4.680,1,2.6200,-1.6006,0.289
4.680,2,3.4400,-1.1407,0.267
4.680,3,4.2600,0.0373,0.276
4.680,4,5.0800,-1.0515,0.329
4.680,5,5.9000,-2.3080,0.307
4.680,6,6.7200,0.1113,0.328
4.680,7,7.5400,-0.8988,0.305
4.680,8,8.3600,1.2348,0.282
4.680,9,9.1800,0.8864,0.278
4.680,10,10.0000,-3.4902,0.305
4.680,11,10.8200,-0.3297,0.275
4.680,12,11.6400,-2.0306,0.320
4.680,13,12.4600,0.4837,0.266
4.680,14,13.2800,-0.0292,0.318
4.680,15,14.1000,2.3887,0.295
4.720,0,1.8000,-1.5800,0.299
4.720,1,2.6200,-1.6298,0.289
4.720,2,3.4400,-1.1650,0.267
4.720,3,4.2600,0.0234,0.276
4.720,4,5.0800,-1.0389,0.329
4.720,5,5.9000,-2.2965,0.307
4.720,6,6.7200,0.1255,0.328
4.720,7,7.5400,-0.8841,0.305
4.720,8,8.3600,1.2672,0.282
4.720,9,9.1800,0.8708,0.278
4.720,10,10.0000,-3.5291,0.305
4.720,11,10.8200,-0.3491,0.275
4.720,12,11.6400,-2.0557,0.320
4.720,13,12.4600,0.4923,0.266
4.720,14,13.2800,-0.0183,0.318
4.720,15,14.1000,2.3935,0.295
4.760,0,1.8000,-1.5740,0.299
4.760,1,2.6200,-1.6592,0.289
4.760,2,3.4400,-1.1896,0.267
4.760,3,4.2600,0.0091,0.276
4.760,4,5.0800,-1.0259,0.329
4.760,5,5.9000,-2.2846,0.307
4.760,6,6.7200,0.1400,0.328
4.760,7,7.5400,-0.8692,0.305
4.760,8,8.3600,1.2999,0.282
4.760,9,9.1800,0.8548,0.278
4.760,10,10.0000,-3.5683,0.305
4.760,11,10.8200,-0.3687,0.275
4.760,12,11.6400,-2.0812,0.320
4.760,13,12.4600,0.5011,0.266
4.760,14,13.2800,-0.0071,0.318
4.760,15,14.1000,2.3982,0.295
4.800,0,1.8000,-1.5679,0.299
4.800,1,2.6200,-1.6890,0.289
4.800,2,3.4400,-1.2145,0.267
4.800,3,4.2600,-0.0055,0.276
4.800,4,5.0800,-1.0126,0.329
4.800,5,5.9000,-2.2724,0.307
4.800,6,6.7200,0.1546,0.328
4.800,7,7.5400,-0.8540,0.305
4.800,8,8.3600,1.3328,0.282
4.800,9,9.1800,0.8385,0.278
4.800,10,10.0000,-3.6078,0.305
4.800,11,10.8200,-0.3886,0.275
4.800,12,11.6400,-2.1071,0.320
4.800,13,12.4600,0.5102,0.266
4.800,14,13.2800,0.0044,0.318
4.800,15,14.1000,2.4028,0.295
4.840,0,1.8000,-1.5615,0.299
4.840,1,2.6200,-1.7190,0.289
4.840,2,3.4400,-1.2397,0.267
4.840,3,4.2600,-0.0203,0.276
4.840,4,5.0800,-0.9990,0.329
4.840,5,5.9000,-2.2598,0.307
4.840,6,6.7200,0.1695,0.328
4.840,7,7.5400,-0.8386,0.305
4.840,8,8.3600,1.3660,0.282
4.840,9,9.1800,0.8218,0.278
4.840,10,10.0000,-3.6477,0.305
4.840,11,10.8200,-0.4088,0.275
4.840,12,11.6400,-2.1333,0.320
4.840,13,12.4600,0.5195,0.266
4.840,14,13.2800,0.0162,0.318
4.840,15,14.1000,2.4071,0.295
4.880,0,1.8000,-1.5549,0.299
4.880,1,2.6200,-1.7494,0.289
4.880,2,3.4400,-1.2653,0.267
4.880,3,4.2600,-0.0355,0.276
4.880,4,5.0800,-0.9851,0.329
4.880,5,5.9000,-2.2470,0.307
4.880,6,6.7200,0.1845,0.328
4.880,7,7.5400,-0.8228,0.305
4.880,8,8.3600,1.3995,0.282
4.880,9,9.1800,0.8049,0.278
4.880,10,10.0000,-3.6879,0.305
4.880,11,10.8200,-0.4293,0.275
4.880,12,11.6400,-2.1598,0.320
4.880,13,12.4600,0.5289,0.266
4.880,14,13.2800,0.0283,0.318
4.880,15,14.1000,2.4113,0.295
4.920,0,1.8000,-1.5481,0.299
4.920,1,2.6200,-1.7800,0.289
4.920,2,3.4400,-1.2912,0.267
4.920,3,4.2600,-0.0510,0.276
4.920,4,5.0800,-0.9709,0.329
4.920,5,5.9000,-2.2339,0.307
4.920,6,6.7200,0.1998,0.328
4.920,7,7.5400,-0.8068,0.305
4.920,8,8.3600,1.4333,0.282
4.920,9,9.1800,0.7876,0.278
4.920,10,10.0000,-3.7285,0.305
4.920,11,10.8200,-0.4500,0.275
4.920,12,11.6400,-2.1867,0.320
4.920,13,12.4600,0.5386,0.266
4.920,14,13.2800,0.0407,0.318
4.920,15,14.1000,2.4152,0.295
4.960,0,1.8000,-1.5410,0.299
4.960,1,2.6200,-1.8109,0.289
4.960,2,3.4400,-1.3174,0.267
4.960,3,4.2600,-0.0668,0.276
4.960,4,5.0800,-0.9563,0.329
4.960,5,5.9000,-2.2204,0.307
4.960,6,6.7200,0.2152,0.328
4.960,7,7.5400,-0.7905,0.305
4.960,8,8.3600,1.4673,0.282
4.960,9,9.1800,0.7700,0.278
4.960,10,10.0000,-3.7694,0.305
4.960,11,10.8200,-0.4710,0.275
4.960,12,11.6400,-2.2140,0.320
4.960,13,12.4600,0.5485,0.266
4.960,14,13.2800,0.0533,0.318
4.960,15,14.1000,2.4190,0.295
5.000,0,1.8000,-1.5338,0.299
5.000,1,2.6200,-1.8421,0.289
5.000,2,3.4400,-1.3439,0.267
5.000,3,4.2600,-0.0829,0.276
5.000,4,5.0800,-0.9415,0.329
5.000,5,5.9000,-2.2067,0.307
5.000,6,6.7200,0.2308,0.328
5.000,7,7.5400,-0.7739,0.305
5.000,8,8.3600,1.5017,0.282
5.000,9,9.1800,0.7520,0.278
5.000,10,10.0000,-3.8107,0.305
5.000,11,10.8200,-0.4923,0.275
5.000,12,11.6400,-2.2415,0.320
5.000,13,12.4600,0.5586,0.266
5.000,14,13.2800,0.0663,0.318
5.000,15,14.1000,2.4226,0.295
5.040,0,1.8000,-1.5263,0.299
5.040,1,2.6200,-1.8735,0.289
5.040,2,3.4400,-1.3707,0.267
5.040,3,4.2600,-0.0992,0.276
5.040,4,5.0800,-0.9263,0.329
5.040,5,5.9000,-2.1926,0.307
5.040,6,6.7200,0.2466,0.328
5.040,7,7.5400,-0.7571,0.305
5.040,8,8.3600,1.5363,0.282
5.040,9,9.1800,0.7338,0.278
5.040,10,10.0000,-3.8522,0.305
5.040,11,10.8200,-0.5139,0.275
5.040,12,11.6400,-2.2695,0.320
5.040,13,12.4600,0.5690,0.266
5.040,14,13.2800,0.0796,0.318
5.040,15,14.1000,2.4261,0.295
5.080,0,1.8000,-1.5187,0.299
5.080,1,2.6200,-1.9053,0.289
5.080,2,3.4400,-1.3978,0.267
5.080,3,4.2600,-0.1159,0.276
5.080,4,5.0800,-0.9108,0.329
5.080,5,5.9000,-2.1783,0.307
5.080,6,6.7200,0.2626,0.328
5.080,7,7.5400,-0.7400,0.305
5.080,8,8.3600,1.5711,0.282
5.080,9,9.1800,0.7152,0.278
5.080,10,10.0000,-3.8942,0.305
5.080,11,10.8200,-0.5358,0.275
5.080,12,11.6400,-2.2978,0.320
5.080,13,12.4600,0.5795,0.266
5.080,14,13.2800,0.0931,0.318
5.080,15,14.1000,2.4293,0.295
5.120,0,1.8000,-1.5108,0.299
5.120,1,2.6200,-1.9373,0.289
5.120,2,3.4400,-1.4253,0.267
5.120,3,4.2600,-0.1329,0.276
5.120,4,5.0800,-0.8950,0.329
5.120,5,5.9000,-2.1636,0.307
5.120,6,6.7200,0.2788,0.328
5.120,7,7.5400,-0.7226,0.305
5.120,8,8.3600,1.6063,0.282
5.120,9,9.1800,0.6963,0.278
5.120,10,10.0000,-3.9364,0.305
5.120,11,10.8200,-0.5579,0.275
5.120,12,11.6400,-2.3264,0.320
5.120,13,12.4600,0.5902,0.266
5.120,14,13.2800,0.1070,0.318
5.120,15,14.1000,2.4324,0.295
5.160,0,1.8000,-1.5027,0.299
5.160,1,2.6200,-1.9697,0.289
5.160,2,3.4400,-1.4531,0.267
5.160,3,4.2600,-0.1502,0.276
5.160,4,5.0800,-0.8789,0.329
5.160,5,5.9000,-2.1486,0.307
5.160,6,6.7200,0.2952,0.328
5.160,7,7.5400,-0.7049,0.305
5.160,8,8.3600,1.6417,0.282
5.160,9,9.1800,0.6770,0.278
5.160,10,10.0000,-3.9790,0.305
5.160,11,10.8200,-0.5803,0.275
5.160,12,11.6400,-2.3554,0.320
5.160,13,12.4600,0.6012,0.266
5.160,14,13.2800,0.1211,0.318
5.160,15,14.1000,2.4353,0.295
5.200,0,1.8000,-1.4944,0.299
5.200,1,2.6200,-2.0023,0.289
5.200,2,3.4400,-1.4812,0.267
5.200,3,4.2600,-0.1679,0.276
5.200,4,5.0800,-0.8625,0.329
5.200,5,5.9000,-2.1333,0.307
5.200,6,6.7200,0.3118,0.328
5.200,7,7.5400,-0.6869,0.305
5.200,8,8.3600,1.6775,0.282
5.200,9,9.1800,0.6574,0.278
5.200,10,10.0000,-4.0220,0.305
5.200,11,10.8200,-0.6030,0.275
5.200,12,11.6400,-2.3847,0.320
5.200,13,12.4600,0.6124,0.266
5.200,14,13.2800,0.1356,0.318
5.200,15,14.1000,2.4380,0.295
5.240,0,1.8000,-1.4858,0.299
5.240,1,2.6200,-2.0352,0.289
5.240,2,3.4400,-1.5096,0.267
5.240,3,4.2600,-0.1858,0.276
5.240,4,5.0800,-0.8458,0.329
5.240,5,5.9000,-2.1177,0.307
5.240,6,6.7200,0.3286,0.328
5.240,7,7.5400,-0.6687,0.305
5.240,8,8.3600,1.7135,0.282
5.240,9,9.1800,0.6375,0.278
5.240,10,10.0000,-4.0653,0.305
5.240,11,10.8200,-0.6259,0.275
5.240,12,11.6400,-2.4143,0.320
5.240,13,12.4600,0.6238,0.266
5.240,14,13.2800,0.1503,0.318
5.240,15,14.1000,2.4405,0.295
5.280,0,1.8000,-1.4771,0.299
5.280,1,2.6200,-2.0684,0.289
5.280,2,3.4400,-1.5383,0.267
5.280,3,4.2600,-0.2040,0.276
5.280,4,5.0800,-0.8287,0.329
5.280,5,5.9000,-2.1018,0.307
5.280,6,6.7200,0.3456,0.328
5.280,7,7.5400,-0.6502,0.305
5.280,8,8.3600,1.7497,0.282
5.280,9,9.1800,0.6173,0.278
5.280,10,10.0000,-4.1089,0.305
5.280,11,10.8200,-0.6492,0.275
5.280,12,11.6400,-2.4444,0.320
5.280,13,12.4600,0.6353,0.266
5.280,14,13.2800,0.1653,0.318
5.280,15,14.1000,2.4428,0.295
5.320,0,1.8000,-1.4681,0.299
5.320,1,2.6200,-2.1018,0.289
5.320,2,3.4400,-1.5674,0.267
5.320,3,4.2600,-0.2225,0.276
5.320,4,5.0800,-0.8113,0.329
5.320,5,5.9000,-2.0855,0.307
5.320,6,6.7200,0.3627,0.328
5.320,7,7.5400,-0.6314,0.305
5.320,8,8.3600,1.7863,0.282
5.320,9,9.1800,0.5967,0.278
5.320,10,10.0000,-4.1529,0.305
5.320,11,10.8200,-0.6727,0.275
5.320,12,11.6400,-2.4747,0.320
5.320,13,12.4600,0.6472,0.266
5.320,14,13.2800,0.1806,0.318
5.320,15,14.1000,2.4450,0.295
5.360,0,1.8000,-1.4589,0.299
5.360,1,2.6200,-2.1356,0.289
5.360,2,3.4400,-1.5968,0.267
5.360,3,4.2600,-0.2413,0.276
5.360,4,5.0800,-0.7937,0.329
5.360,5,5.9000,-2.0690,0.307
5.360,6,6.7200,0.3801,0.328
5.360,7,7.5400,-0.6124,0.305
5.360,8,8.3600,1.8231,0.282
5.360,9,9.1800,0.5759,0.278
5.360,10,10.0000,-4.1972,0.305
5.360,11,10.8200,-0.6965,0.275
5.360,12,11.6400,-2.5054,0.320
5.360,13,12.4600,0.6592,0.266
5.360,14,13.2800,0.1963,0.318
5.360,15,14.1000,2.4470,0.295
5.400,0,1.8000,-1.4495,0.299
5.400,1,2.6200,-2.1696,0.289
5.400,2,3.4400,-1.6265,0.267
5.400,3,4.2600,-0.2605,0.276
5.400,4,5.0800,-0.7757,0.329
5.400,5,5.9000,-2.0521,0.307
5.400,6,6.7200,0.3977,0.328
5.400,7,7.5400,-0.5930,0.305
5.400,8,8.3600,1.8602,0.282
5.400,9,9.1800,0.5547,0.278
5.400,10,10.0000,-4.2419,0.305
5.400,11,10.8200,-0.7205,0.275
5.400,12,11.6400,-2.5365,0.320
5.400,13,12.4600,0.6714,0.266
5.400,14,13.2800,0.2122,0.318
5.400,15,14.1000,2.4488,0.295
5.440,0,1.8000,-1.4399,0.299
5.440,1,2.6200,-2.2040,0.289
5.440,2,3.4400,-1.6565,0.267
5.440,3,4.2600,-0.2799,0.276
5.440,4,5.0800,-0.7574,0.329
5.440,5,5.9000,-2.0350,0.307
5.440,6,6.7200,0.4154,0.328
5.440,7,7.5400,-0.5734,0.305
5.440,8,8.3600,1.8976,0.282
5.440,9,9.1800,0.5331,0.278
5.440,10,10.0000,-4.2869,0.305
5.440,11,10.8200,-0.7449,0.275
5.440,12,11.6400,-2.5679,0.320
5.440,13,12.4600,0.6839,0.266
5.440,14,13.2800,0.2284,0.318
5.440,15,14.1000,2.4504,0.295
5.480,0,1.8000,-1.4301,0.299
5.480,1,2.6200,-2.2386,0.289
5.480,2,3.4400,-1.6868,0.267
5.480,3,4.2600,-0.2996,0.276
5.480,4,5.0800,-0.7387,0.329
5.480,5,5.9000,-2.0175,0.307
5.480,6,6.7200,0.4334,0.328
5.480,7,7.5400,-0.5535,0.305
5.480,8,8.3600,1.9353,0.282
5.480,9,9.1800,0.5112,0.278
5.480,10,10.0000,-4.3322,0.305
5.480,11,10.8200,-0.7695,0.275
5.480,12,11.6400,-2.5996,0.320
5.480,13,12.4600,0.6965,0.266
5.480,14,13.2800,0.2449,0.318
5.480,15,14.1000,2.4518,0.295
5.520,0,1.8000,-1.4201,0.299
5.520,1,2.6200,-2.2735,0.289
5.520,2,3.4400,-1.7175,0.267
5.520,3,4.2600,-0.3197,0.276
5.520,4,5.0800,-0.7198,0.329
5.520,5,5.9000,-1.9997,0.307
5.520,6,6.7200,0.4515,0.328
5.520,7,7.5400,-0.5334,0.305
5.520,8,8.3600,1.9732,0.282
5.520,9,9.1800,0.4891,0.278
5.520,10,10.0000,-4.3779,0.305
5.520,11,10.8200,-0.7944,0.275
5.520,12,11.6400,-2.6317,0.320
5.520,13,12.4600,0.7094,0.266
5.520,14,13.2800,0.2617,0.318
5.520,15,14.1000,2.4531,0.295
5.560,0,1.8000,-1.4098,0.299
5.560,1,2.6200,-2.3087,0.289
5.560,2,3.4400,-1.7484,0.267
5.560,3,4.2600,-0.3400,0.276
5.560,4,5.0800,-0.7005,0.329
5.560,5,5.9000,-1.9817,0.307
5.560,6,6.7200,0.4698,0.328
5.560,7,7.5400,-0.5129,0.305
5.560,8,8.3600,2.0115,0.282
5.560,9,9.1800,0.4665,0.278
5.560,10,10.0000,-4.4239,0.305
5.560,11,10.8200,-0.8196,0.275
5.560,12,11.6400,-2.6641,0.320
5.560,13,12.4600,0.7225,0.266
5.560,14,13.2800,0.2788,0.318
5.560,15,14.1000,2.4541,0.295
5.600,0,1.8000,-1.3993,0.299
5.600,1,2.6200,-2.3441,0.289
5.600,2,3.4400,-1.7797,0.267
5.600,3,4.2600,-0.3607,0.276
5.600,4,5.0800,-0.6810,0.329
5.600,5,5.9000,-1.9633,0.307
5.600,6,6.7200,0.4884,0.328
5.600,7,7.5400,-0.4922,0.305
5.600,8,8.3600,2.0500,0.282
5.600,9,9.1800,0.4437,0.278
5.600,10,10.0000,-4.4703,0.305
5.600,11,10.8200,-0.8450,0.275
5.600,12,11.6400,-2.6969,0.320
5.600,13,12.4600,0.7358,0.266
5.600,14,13.2800,0.2962,0.318
5.600,15,14.1000,2.4550,0.295
5.640,0,1.8000,-1.3887,0.299
5.640,1,2.6200,-2.3799,0.289
5.640,2,3.4400,-1.8113,0.267
5.640,3,4.2600,-0.3816,0.276
5.640,4,5.0800,-0.6611,0.329
5.640,5,5.9000,-1.9446,0.307
5.640,6,6.7200,0.5071,0.328
5.640,7,7.5400,-0.4712,0.305
5.640,8,8.3600,2.0887,0.282
5.640,9,9.1800,0.4205,0.278
5.640,10,10.0000,-4.5170,0.305
5.640,11,10.8200,-0.8707,0.275
5.640,12,11.6400,-2.7301,0.320
5.640,13,12.4600,0.7493,0.266
5.640,14,13.2800,0.3139,0.318
5.640,15,14.1000,2.4557,0.295
5.680,0,1.8000,-1.3778,0.299
5.680,1,2.6200,-2.4159,0.289
5.680,2,3.4400,-1.8432,0.267
5.680,3,4.2600,-0.4029,0.276
5.680,4,5.0800,-0.6409,0.329
5.680,5,5.9000,-1.9256,0.307
5.680,6,6.7200,0.5260,0.328
5.680,7,7.5400,-0.4500,0.305
5.680,8,8.3600,2.1278,0.282
5.680,9,9.1800,0.3970,0.278
5.680,10,10.0000,-4.5640,0.305
5.680,11,10.8200,-0.8967,0.275
5.680,12,11.6400,-2.7635,0.320
5.680,13,12.4600,0.7630,0.266
5.680,14,13.2800,0.3319,0.318
5.680,15,14.1000,2.4562,0.295
5.720,0,1.8000,-1.3667,0.299
5.720,1,2.6200,-2.4522,0.289
5.720,2,3.4400,-1.8755,0.267
5.720,3,4.2600,-0.4245,0.276
5.720,4,5.0800,-0.6204,0.329
5.720,5,5.9000,-1.9062,0.307
5.720,6,6.7200,0.5451,0.328
5.720,7,7.5400,-0.4284,0.305
5.720,8,8.3600,2.1671,0.282
5.720,9,9.1800,0.3732,0.278
5.720,10,10.0000,-4.6114,0.305
5.720,11,10.8200,-0.9230,0.275
5.720,12,11.6400,-2.7974,0.320
5.720,13,12.4600,0.7769,0.266
5.720,14,13.2800,0.3501,0.318
5.720,15,14.1000,2.4566,0.295
5.760,0,1.8000,-1.3553,0.299
5.760,1,2.6200,-2.4888,0.289
5.760,2,3.4400,-1.9080,0.267
5.760,3,4.2600,-0.4463,0.276
5.760,4,5.0800,-0.5996,0.329
5.760,5,5.9000,-1.8866,0.307
5.760,6,6.7200,0.5644,0.328
5.760,7,7.5400,-0.4066,0.305
5.760,8,8.3600,2.2067,0.282
5.760,9,9.1800,0.3490,0.278
5.760,10,10.0000,-4.6591,0.305
5.760,11,10.8200,-0.9496,0.275
5.760,12,11.6400,-2.8315,0.320
5.760,13,12.4600,0.7911,0.266
5.760,14,13.2800,0.3687,0.318
5.760,15,14.1000,2.4567,0.295
5.800,0,1.8000,-1.3438,0.299
5.800,1,2.6200,-2.5257,0.289
5.800,2,3.4400,-1.9409,0.267
5.800,3,4.2600,-0.4685,0.276
5.800,4,5.0800,-0.5784,0.329
5.800,5,5.9000,-1.8667,0.307
5.800,6,6.7200,0.5839,0.328
5.800,7,7.5400,-0.3845,0.305
5.800,8,8.3600,2.2466,0.282
5.800,9,9.1800,0.3246,0.278
5.800,10,10.0000,-4.7072,0.305
5.800,11,10.8200,-0.9764,0.275
5.800,12,11.6400,-2.8661,0.320
5.800,13,12.4600,0.8054,0.266
5.800,14,13.2800,0.3876,0.318
5.800,15,14.1000,2.4567,0.295
5.840,0,1.8000,-1.3320,0.299
5.840,1,2.6200,-2.5629,0.289
5.840,2,3.4400,-1.9741,0.267
5.840,3,4.2600,-0.4910,0.276
5.840,4,5.0800,-0.5570,0.329
5.840,5,5.9000,-1.8464,0.307
5.840,6,6.7200,0.6036,0.328
5.840,7,7.5400,-0.3621,0.305
5.840,8,8.3600,2.2868,0.282
5.840,9,9.1800,0.2998,0.278
5.840,10,10.0000,-4.7556,0.305
5.840,11,10.8200,-1.0035,0.275
5.840,12,11.6400,-2.9009,0.320
5.840,13,12.4600,0.8200,0.266
5.840,14,13.2800,0.4067,0.318
5.840,15,14.1000,2.4565,0.295
5.880,0,1.8000,-1.3201,0.299
5.880,1,2.6200,-2.6004,0.289
5.880,2,3.4400,-2.0076,0.267
5.880,3,4.2600,-0.5137,0.276
5.880,4,5.0800,-0.5352,0.329
5.880,5,5.9000,-1.8258,0.307
5.880,6,6.7200,0.6235,0.328
5.880,7,7.5400,-0.3395,0.305
5.880,8,8.3600,2.3273,0.282
5.880,9,9.1800,0.2746,0.278
5.880,10,10.0000,-4.8043,0.305
5.880,11,10.8200,-1.0309,0.275
5.880,12,11.6400,-2.9361,0.320
5.880,13,12.4600,0.8348,0.266
5.880,14,13.2800,0.4262,0.318
5.880,15,14.1000,2.4561,0.295
5.920,0,1.8000,-1.3079,0.299
5.920,1,2.6200,-2.6381,0.289
5.920,2,3.4400,-2.0414,0.267
5.920,3,4.2600,-0.5368,0.276
5.920,4,5.0800,-0.5131,0.329
5.920,5,5.9000,-1.8050,0.307
5.920,6,6.7200,0.6436,0.328
5.920,7,7.5400,-0.3165,0.305
5.920,8,8.3600,2.3680,0.282
5.920,9,9.1800,0.2492,0.278
5.920,10,10.0000,-4.8534,0.305
5.920,11,10.8200,-1.0585,0.275
5.920,12,11.6400,-2.9717,0.320
5.920,13,12.4600,0.8498,0.266
5.920,14,13.2800,0.4459,0.318
5.920,15,14.1000,2.4556,0.295
5.960,0,1.8000,-1.2955,0.299
5.960,1,2.6200,-2.6762,0.289
5.960,2,3.4400,-2.0756,0.267
5.960,3,4.2600,-0.5602,0.276
5.960,4,5.0800,-0.4907,0.329
5.960,5,5.9000,-1.7838,0.307
5.960,6,6.7200,0.6639,0.328
5.960,7,7.5400,-0.2933,0.305
5.960,8,8.3600,2.4090,0.282
5.960,9,9.1800,0.2234,0.278
5.960,10,10.0000,-4.9028,0.305
5.960,11,10.8200,-1.0865,0.275
5.960,12,11.6400,-3.0076,0.320
5.960,13,12.4600,0.8650,0.266
5.960,14,13.2800,0.4660,0.318
5.960,15,14.1000,2.4548,0.295
6.000,0,1.8000,-1.2828,0.299
6.000,1,2.6200,-2.7145,0.289
6.000,2,3.4400,-2.1100,0.267
6.000,3,4.2600,-0.5839,0.276
6.000,4,5.0800,-0.4680,0.329
6.000,5,5.9000,-1.7623,0.307
6.000,6,6.7200,0.6844,0.328
6.000,7,7.5400,-0.2699,0.305
6.000,8,8.3600,2.4503,0.282
6.000,9,9.1800,0.1973,0.278
6.000,10,10.0000,-4.9526,0.305
6.000,11,10.8200,-1.1147,0.275
6.000,12,11.6400,-3.0439,0.320
6.000,13,12.4600,0.8804,0.266
6.000,14,13.2800,0.4863,0.318
6.000,15,14.1000,2.4539,0.295
6.040,0,1.8000,-1.2700,0.299
6.040,1,2.6200,-2.7531,0.289
6.040,2,3.4400,-2.1448,0.267
6.040,3,4.2600,-0.6079,0.276
6.040,4,5.0800,-0.4450,0.329
6.040,5,5.9000,-1.7405,0.307
6.040,6,6.7200,0.7050,0.328
6.040,7,7.5400,-0.2461,0.305
6.040,8,8.3600,2.4918,0.282
6.040,9,9.1800,0.1708,0.278
6.040,10,10.0000,-5.0027,0.305
6.040,11,10.8200,-1.1432,0.275
6.040,12,11.6400,-3.0805,0.320
6.040,13,12.4600,0.8960,0.266
6.040,14,13.2800,0.5070,0.318
6.040,15,14.1000,2.4528,0.295
6.080,0,1.8000,-1.2570,0.299
6.080,1,2.6200,-2.7920,0.289
6.080,2,3.4400,-2.1799,0.267
6.080,3,4.2600,-0.6322,0.276
6.080,4,5.0800,-0.4217,0.329
6.080,5,5.9000,-1.7184,0.307
6.080,6,6.7200,0.7259,0.328
6.080,7,7.5400,-0.2221,0.305
6.080,8,8.3600,2.5337,0.282
6.080,9,9.1800,0.1440,0.278
6.080,10,10.0000,-5.0532,0.305
6.080,11,10.8200,-1.1720,0.275
6.080,12,11.6400,-3.1174,0.320
6.080,13,12.4600,0.9119,0.266
6.080,14,13.2800,0.5279,0.318
6.080,15,14.1000,2.4515,0.295
6.120,0,1.8000,-1.2437,0.299
6.120,1,2.6200,-2.8311,0.289
6.120,2,3.4400,-2.2153,0.267
6.120,3,4.2600,-0.6568,0.276
6.120,4,5.0800,-0.3980,0.329
6.120,5,5.9000,-1.6960,0.307
6.120,6,6.7200,0.7469,0.328
6.120,7,7.5400,-0.1978,0.305
6.120,8,8.3600,2.5758,0.282
6.120,9,9.1800,0.1169,0.278
6.120,10,10.0000,-5.1040,0.305
6.120,11,10.8200,-1.2010,0.275
6.120,12,11.6400,-3.1547,0.320
6.120,13,12.4600,0.9279,0.266
6.120,14,13.2800,0.5491,0.318
6.120,15,14.1000,2.4500,0.295
6.160,0,1.8000,-1.2302,0.299
6.160,1,2.6200,-2.8706,0.289
6.160,2,3.4400,-2.2511,0.267
6.160,3,4.2600,-0.6817,0.276
6.160,4,5.0800,-0.3740,0.329
6.160,5,5.9000,-1.6733,0.307
6.160,6,6.7200,0.7682,0.328
6.160,7,7.5400,-0.1732,0.305
6.160,8,8.3600,2.6182,0.282
6.160,9,9.1800,0.0895,0.278
6.160,10,10.0000,-5.1551,0.305
6.160,11,10.8200,-1.2303,0.275
6.160,12,11.6400,-3.1923,0.320
6.160,13,12.4600,0.9442,0.266
6.160,14,13.2800,0.5707,0.318
6.160,15,14.1000,2.4483,0.295
6.200,0,1.8000,-1.2165,0.299
6.200,1,2.6200,-2.9104,0.289
6.200,2,3.4400,-2.2871,0.267
6.200,3,4.2600,-0.7069,0.276
6.200,4,5.0800,-0.3498,0.329
6.200,5,5.9000,-1.6502,0.307
6.200,6,6.7200,0.7896,0.328
6.200,7,7.5400,-0.1483,0.305
6.200,8,8.3600,2.6609,0.282
6.200,9,9.1800,0.0618,0.278
6.200,10,10.0000,-5.2066,0.305
6.200,11,10.8200,-1.2599,0.275
6.200,12,11.6400,-3.2303,0.320
6.200,13,12.4600,0.9607,0.266
6.200,14,13.2800,0.5925,0.318
6.200,15,14.1000,2.4465,0.295
6.240,0,1.8000,-1.2026,0.299
6.240,1,2.6200,-2.9504,0.289
6.240,2,3.4400,-2.3235,0.267
6.240,3,4.2600,-0.7325,0.276
6.240,4,5.0800,-0.3252,0.329
6.240,5,5.9000,-1.6269,0.307
6.240,6,6.7200,0.8113,0.328
6.240,7,7.5400,-0.1232,0.305
6.240,8,8.3600,2.7038,0.282
6.240,9,9.1800,0.0337,0.278
6.240,10,10.0000,-5.2584,0.305
6.240,11,10.8200,-1.2898,0.275
6.240,12,11.6400,-3.2687,0.320
6.240,13,12.4600,0.9773,0.266
6.240,14,13.2800,0.6146,0.318
6.240,15,14.1000,2.4445,0.295
6.280,0,1.8000,-1.1885,0.299
6.280,1,2.6200,-2.9907,0.289
6.280,2,3.4400,-2.3602,0.267
6.280,3,4.2600,-0.7583,0.276
6.280,4,5.0800,-0.3002,0.329
6.280,5,5.9000,-1.6032,0.307
6.280,6,6.7200,0.8331,0.328
6.280,7,7.5400,-0.0978,0.305
6.280,8,8.3600,2.7470,0.282
6.280,9,9.1800,0.0053,0.278
6.280,10,10.0000,-5.3105,0.305
6.280,11,10.8200,-1.3200,0.275
6.280,12,11.6400,-3.3073,0.320
6.280,13,12.4600,0.9942,0.266
6.280,14,13.2800,0.6370,0.318
6.280,15,14.1000,2.4423,0.295
6.320,0,1.8000,-1.1742,0.299
6.320,1,2.6200,-3.0313,0.289
6.320,2,3.4400,-2.3972,0.267
6.320,3,4.2600,-0.7844,0.276
6.320,4,5.0800,-0.2750,0.329
6.320,5,5.9000,-1.5793,0.307
6.320,6,6.7200,0.8551,0.328
6.320,7,7.5400,-0.0721,0.305
6.320,8,8.3600,2.7905,0.282
6.320,9,9.1800,-0.0234,0.278
6.320,10,10.0000,-5.3630,0.305
6.320,11,10.8200,-1.3504,0.275
6.320,12,11.6400,-3.3464,0.320
6.320,13,12.4600,1.0114,0.266
6.320,14,13.2800,0.6597,0.318
6.320,15,14.1000,2.4399,0.295
6.360,0,1.8000,-1.1596,0.299
6.360,1,2.6200,-3.0722,0.289
6.360,2,3.4400,-2.4345,0.267
6.360,3,4.2600,-0.8108,0.276
6.360,4,5.0800,-0.2495,0.329
6.360,5,5.9000,-1.5550,0.307
6.360,6,6.7200,0.8774,0.328
6.360,7,7.5400,-0.0461,0.305
6.360,8,8.3600,2.8343,0.282
6.360,9,9.1800,-0.0525,0.278
6.360,10,10.0000,-5.4159,0.305
6.360,11,10.8200,-1.3811,0.275
6.360,12,11.6400,-3.3857,0.320
6.360,13,12.4600,1.0287,0.266
6.360,14,13.2800,0.6827,0.318
6.360,15,14.1000,2.4373,0.295
6.400,0,1.8000,-1.1448,0.299
6.400,1,2.6200,-3.1134,0.289
6.400,2,3.4400,-2.4722,0.267
6.400,3,4.2600,-0.8376,0.276
6.400,4,5.0800,-0.2236,0.329
6.400,5,5.9000,-1.5304,0.307
6.400,6,6.7200,0.8998,0.328
6.400,7,7.5400,-0.0199,0.305
6.400,8,8.3600,2.8784,0.282
6.400,9,9.1800,-0.0819,0.278
6.400,10,10.0000,-5.4690,0.305
6.400,11,10.8200,-1.4121,0.275
6.400,12,11.6400,-3.4255,0.320
6.400,13,12.4600,1.0462,0.266
6.400,14,13.2800,0.7060,0.318
6.400,15,14.1000,2.4346,0.295
6.440,0,1.8000,-1.1299,0.299
6.440,1,2.6200,-3.1548,0.289
6.440,2,3.4400,-2.5102,0.267
6.440,3,4.2600,-0.8646,0.276
6.440,4,5.0800,-0.1975,0.329
6.440,5,5.9000,-1.5055,0.307
6.440,6,6.7200,0.9224,0.328
6.440,7,7.5400,0.0066,0.305
6.440,8,8.3600,2.9227,0.282
6.440,9,9.1800,-0.1116,0.278
6.440,10,10.0000,-5.5226,0.305
6.440,11,10.8200,-1.4433,0.275
6.440,12,11.6400,-3.4655,0.320
6.440,13,12.4600,1.0640,0.266
6.440,14,13.2800,0.7296,0.318
6.440,15,14.1000,2.4317,0.295
6.480,0,1.8000,-1.1147,0.299
6.480,1,2.6200,-3.1966,0.289
6.480,2,3.4400,-2.5484,0.267
6.480,3,4.2600,-0.8919,0.276
6.480,4,5.0800,-0.1710,0.329
6.480,5,5.9000,-1.4803,0.307
6.480,6,6.7200,0.9452,0.328
6.480,7,7.5400,0.0334,0.305
6.480,8,8.3600,2.9674,0.282
6.480,9,9.1800,-0.1416,0.278
6.480,10,10.0000,-5.5764,0.305
6.480,11,10.8200,-1.4749,0.275
6.480,12,11.6400,-3.5059,0.320
6.480,13,12.4600,1.0819,0.266
6.480,14,13.2800,0.7535,0.318
6.480,15,14.1000,2.4285,0.295
6.520,0,1.8000,-1.0993,0.299
6.520,1,2.6200,-3.2386,0.289
6.520,2,3.4400,-2.5870,0.267
6.520,3,4.2600,-0.9196,0.276
6.520,4,5.0800,-0.1442,0.329
6.520,5,5.9000,-1.4548,0.307
6.520,6,6.7200,0.9682,0.328
6.520,7,7.5400,0.0605,0.305
6.520,8,8.3600,3.0123,0.282
6.520,9,9.1800,-0.1720,0.278
6.520,10,10.0000,-5.6306,0.305
6.520,11,10.8200,-1.5067,0.275
6.520,12,11.6400,-3.5467,0.320
6.520,13,12.4600,1.1001,0.266
6.520,14,13.2800,0.7777,0.318
6.520,15,14.1000,2.4252,0.295
6.560,0,1.8000,-1.0836,0.299
6.560,1,2.6200,-3.2809,0.289
6.560,2,3.4400,-2.6260,0.267
6.560,3,4.2600,-0.9475,0.276
6.560,4,5.0800,-0.1171,0.329
6.560,5,5.9000,-1.4290,0.307
6.560,6,6.7200,0.9914,0.328
6.560,7,7.5400,0.0879,0.305
6.560,8,8.3600,3.0574,0.282
6.560,9,9.1800,-0.2027,0.278
6.560,10,10.0000,-5.6852,0.305
6.560,11,10.8200,-1.5388,0.275
6.560,12,11.6400,-3.5878,0.320
6.560,13,12.4600,1.1185,0.266
6.560,14,13.2800,0.8021,0.318
6.560,15,14.1000,2.4218,0.295
6.600,0,1.8000,-1.0678,0.299
6.600,1,2.6200,-3.3235,0.289
6.600,2,3.4400,-2.6652,0.267
6.600,3,4.2600,-0.9758,0.276
6.600,4,5.0800,-0.0897,0.329
6.600,5,5.9000,-1.4029,0.307
6.600,6,6.7200,1.0148,0.328
6.600,7,7.5400,0.1155,0.305
6.600,8,8.3600,3.1029,0.282
6.600,9,9.1800,-0.2337,0.278
6.600,10,10.0000,-5.7400,0.305
6.600,11,10.8200,-1.5711,0.275
6.600,12,11.6400,-3.6293,0.320
6.600,13,12.4600,1.1371,0.266
6.600,14,13.2800,0.8269,0.318
6.600,15,14.1000,2.4181,0.295
6.640,0,1.8000,-1.0517,0.299
6.640,1,2.6200,-3.3664,0.289
6.640,2,3.4400,-2.7048,0.267
6.640,3,4.2600,-1.0044,0.276
6.640,4,5.0800,-0.0619,0.329
6.640,5,5.9000,-1.3764,0.307
6.640,6,6.7200,1.0384,0.328
6.640,7,7.5400,0.1434,0.305
6.640,8,8.3600,3.1486,0.282
6.640,9,9.1800,-0.2651,0.278
6.640,10,10.0000,-5.7953,0.305
6.640,11,10.8200,-1.6038,0.275
6.640,12,11.6400,-3.6711,0.320
6.640,13,12.4600,1.1559,0.266
6.640,14,13.2800,0.8520,0.318
6.640,15,14.1000,2.4143,0.295
6.680,0,1.8000,-1.0355,0.299
6.680,1,2.6200,-3.4096,0.289
6.680,2,3.4400,-2.7446,0.267
6.680,3,4.2600,-1.0332,0.276
6.680,4,5.0800,-0.0339,0.329
6.680,5,5.9000,-1.3497,0.307
6.680,6,6.7200,1.0621,0.328
6.680,7,7.5400,0.1716,0.305
6.680,8,8.3600,3.1946,0.282
6.680,9,9.1800,-0.2967,0.278
6.680,10,10.0000,-5.8508,0.305
6.680,11,10.8200,-1.6367,0.275
6.680,12,11.6400,-3.7132,0.320
6.680,13,12.4600,1.1749,0.266
6.680,14,13.2800,0.8773,0.318
6.680,15,14.1000,2.4103,0.295
6.720,0,1.8000,-1.0190,0.299
6.720,1,2.6200,-3.4530,0.289
6.720,2,3.4400,-2.7848,0.267
6.720,3,4.2600,-1.0624,0.276
6.720,4,5.0800,-0.0055,0.329
6.720,5,5.9000,-1.3226,0.307
6.720,6,6.7200,1.0861,0.328
6.720,7,7.5400,0.2000,0.305
6.720,8,8.3600,3.2409,0.282
6.720,9,9.1800,-0.3288,0.278
6.720,10,10.0000,-5.9067,0.305
6.720,11,10.8200,-1.6699,0.275
6.720,12,11.6400,-3.7557,0.320
6.720,13,12.4600,1.1942,0.266
6.720,14,13.2800,0.9030,0.318
6.720,15,14.1000,2.4061,0.295
6.760,0,1.8000,-1.0023,0.299
6.760,1,2.6200,-3.4968,0.289
6.760,2,3.4400,-2.8253,0.267
6.760,3,4.2600,-1.0919,0.276
6.760,4,5.0800,0.0232,0.329
6.760,5,5.9000,-1.2952,0.307
6.760,6,6.7200,1.1103,0.328
6.760,7,7.5400,0.2287,0.305
6.760,8,8.3600,3.2875,0.282
6.760,9,9.1800,-0.3611,0.278
6.760,10,10.0000,-5.9630,0.305
6.760,11,10.8200,-1.7034,0.275
6.760,12,11.6400,-3.7985,0.320
6.760,13,12.4600,1.2136,0.266
6.760,14,13.2800,0.9289,0.318
6.760,15,14.1000,2.4017,0.295
6.800,0,1.8000,-0.9854,0.299
6.800,1,2.6200,-3.5408,0.289
6.800,2,3.4400,-2.8662,0.267
6.800,3,4.2600,-1.1216,0.276
6.800,4,5.0800,0.0522,0.329
6.800,5,5.9000,-1.2676,0.307
6.800,6,6.7200,1.1346,0.328
6.800,7,7.5400,0.2577,0.305
6.800,8,8.3600,3.3343,0.282
6.800,9,9.1800,-0.3937,0.278
6.800,10,10.0000,-6.0196,0.305
6.800,11,10.8200,-1.7371,0.275
6.800,12,11.6400,-3.8417,0.320
6.800,13,12.4600,1.2333,0.266
6.800,14,13.2800,0.9552,0.318
6.800,15,14.1000,2.3971,0.295
6.840,0,1.8000,-0.9682,0.299
6.840,1,2.6200,-3.5851,0.289
6.840,2,3.4400,-2.9073,0.267
6.840,3,4.2600,-1.1517,0.276
6.840,4,5.0800,0.0815,0.329
6.840,5,5.9000,-1.2396,0.307
6.840,6,6.7200,1.1592,0.328
6.840,7,7.5400,0.2870,0.305
6.840,8,8.3600,3.3815,0.282
6.840,9,9.1800,-0.4267,0.278
6.840,10,10.0000,-6.0765,0.305
6.840,11,10.8200,-1.7712,0.275
6.840,12,11.6400,-3.8853,0.320
6.840,13,12.4600,1.2532,0.266
6.840,14,13.2800,0.9817,0.318
6.840,15,14.1000,2.3924,0.295
6.880,0,1.8000,-0.9509,0.299
6.880,1,2.6200,-3.6297,0.289
6.880,2,3.4400,-2.9488,0.267
6.880,3,4.2600,-1.1821,0.276
6.880,4,5.0800,0.1111,0.329
6.880,5,5.9000,-1.2113,0.307
6.880,6,6.7200,1.1839,0.328
6.880,7,7.5400,0.3166,0.305
6.880,8,8.3600,3.4289,0.282
6.880,9,9.1800,-0.4600,0.278
6.880,10,10.0000,-6.1338,0.305
6.880,11,10.8200,-1.8055,0.275
6.880,12,11.6400,-3.9291,0.320
6.880,13,12.4600,1.2733,0.266
6.880,14,13.2800,1.0086,0.318
6.880,15,14.1000,2.3874,0.295
6.920,0,1.8000,-0.9333,0.299
6.920,1,2.6200,-3.6746,0.289
6.920,2,3.4400,-2.9906,0.267
6.920,3,4.2600,-1.2128,0.276
6.920,4,5.0800,0.1410,0.329
6.920,5,5.9000,-1.1827,0.307
6.920,6,6.7200,1.2089,0.328
6.920,7,7.5400,0.3464,0.305
6.920,8,8.3600,3.4765,0.282
6.920,9,9.1800,-0.4937,0.278
6.920,10,10.0000,-6.1914,0.305
6.920,11,10.8200,-1.8400,0.275
6.920,12,11.6400,-3.9734,0.320
6.920,13,12.4600,1.2936,0.266
6.920,14,13.2800,1.0357,0.318
6.920,15,14.1000,2.3823,0.295
6.960,0,1.8000,-0.9155,0.299
6.960,1,2.6200,-3.7197,0.289
6.960,2,3.4400,-3.0327,0.267
6.960,3,4.2600,-1.2438,0.276
6.960,4,5.0800,0.1713,0.329
6.960,5,5.9000,-1.1538,0.307
6.960,6,6.7200,1.2340,0.328
6.960,7,7.5400,0.3765,0.305
6.960,8,8.3600,3.5245,0.282
6.960,9,9.1800,-0.5276,0.278
6.960,10,10.0000,-6.2493,0.305
6.960,11,10.8200,-1.8749,0.275
6.960,12,11.6400,-4.0179,0.320
6.960,13,12.4600,1.3141,0.266
6.960,14,13.2800,1.0631,0.318
6.960,15,14.1000,2.3770,0.295
7.000,0,1.8000,-0.8975,0.299
7.000,1,2.6200,-3.7652,0.289
7.000,2,3.4400,-3.0751,0.267
7.000,3,4.2600,-1.2751,0.276
7.000,4,5.0800,0.2019,0.329
7.000,5,5.9000,-1.1245,0.307
7.000,6,6.7200,1.2593,0.328
7.000,7,7.5400,0.4069,0.305
7.000,8,8.3600,3.5727,0.282
7.000,9,9.1800,-0.5619,0.278
7.000,10,10.0000,-6.3076,0.305
7.000,11,10.8200,-1.9100,0.275
7.000,12,11.6400,-4.0628,0.320
7.000,13,12.4600,1.3348,0.266
7.000,14,13.2800,1.0908,0.318
7.000,15,14.1000,2.3716,0.295
7.040,0,1.8000,-0.8793,0.299
7.040,1,2.6200,-3.8109,0.289
7.040,2,3.4400,-3.1178,0.267
7.040,3,4.2600,-1.3067,0.276
7.040,4,5.0800,0.2327,0.329
7.040,5,5.9000,-1.0950,0.307
7.040,6,6.7200,1.2849,0.328
7.040,7,7.5400,0.4376,0.305
7.040,8,8.3600,3.6212,0.282
7.040,9,9.1800,-0.5965,0.278
7.040,10,10.0000,-6.3662,0.305
7.040,11,10.8200,-1.9454,0.275
7.040,12,11.6400,-4.1081,0.320
7.040,13,12.4600,1.3557,0.266
7.040,14,13.2800,1.1188,0.318
7.040,15,14.1000,2.3659,0.295
7.080,0,1.8000,-0.8609,0.299
7.080,1,2.6200,-3.8569,0.289
7.080,2,3.4400,-3.1609,0.267
7.080,3,4.2600,-1.3386,0.276
7.080,4,5.0800,0.2639,0.329
7.080,5,5.9000,-1.0652,0.307
7.080,6,6.7200,1.3106,0.328
7.080,7,7.5400,0.4685,0.305
7.080,8,8.3600,3.6700,0.282
7.080,9,9.1800,-0.6315,0.278
7.080,10,10.0000,-6.4252,0.305
7.080,11,10.8200,-1.9811,0.275
7.080,12,11.6400,-4.1537,0.320
7.080,13,12.4600,1.3769,0.266
7.080,14,13.2800,1.1472,0.318
7.080,15,14.1000,2.3601,0.295
7.120,0,1.8000,-0.8423,0.299
7.120,1,2.6200,-3.9032,0.289
7.120,2,3.4400,-3.2042,0.267
7.120,3,4.2600,-1.3708,0.276
7.120,4,5.0800,0.2954,0.329
7.120,5,5.9000,-1.0350,0.307
7.120,6,6.7200,1.3365,0.328
7.120,7,7.5400,0.4997,0.305
7.120,8,8.3600,3.7191,0.282
7.120,9,9.1800,-0.6668,0.278
7.120,10,10.0000,-6.4845,0.305
7.120,11,10.8200,-2.0171,0.275
7.120,12,11.6400,-4.1997,0.320
7.120,13,12.4600,1.3982,0.266
7.120,14,13.2800,1.1758,0.318
7.120,15,14.1000,2.3540,0.295
7.160,0,1.8000,-0.8234,0.299
7.160,1,2.6200,-3.9498,0.289
7.160,2,3.4400,-3.2479,0.267
7.160,3,4.2600,-1.4033,0.276
7.160,4,5.0800,0.3273,0.329
7.160,5,5.9000,-1.0045,0.307
7.160,6,6.7200,1.3626,0.328
7.160,7,7.5400,0.5312,0.305
7.160,8,8.3600,3.7685,0.282
7.160,9,9.1800,-0.7024,0.278
7.160,10,10.0000,-6.5442,0.305
7.160,11,10.8200,-2.0533,0.275
7.160,12,11.6400,-4.2460,0.320
7.160,13,12.4600,1.4198,0.266
7.160,14,13.2800,1.2047,0.318
7.160,15,14.1000,2.3478,0.295
7.200,0,1.8000,-0.8044,0.299
7.200,1,2.6200,-3.9967,0.289
7.200,2,3.4400,-3.2920,0.267
7.200,3,4.2600,-1.4361,0.276
7.200,4,5.0800,0.3594,0.329
7.200,5,5.9000,-0.9738,0.307
7.200,6,6.7200,1.3889,0.328
7.200,7,7.5400,0.5630,0.305
7.200,8,8.3600,3.8181,0.282
7.200,9,9.1800,-0.7383,0.278
7.200,10,10.0000,-6.6042,0.305
7.200,11,10.8200,-2.0899,0.275
7.200,12,11.6400,-4.2926,0.320
7.200,13,12.4600,1.4416,0.266
7.200,14,13.2800,1.2339,0.318
7.200,15,14.1000,2.3415,0.295
7.240,0,1.8000,-0.7851,0.299
7.240,1,2.6200,-4.0439,0.289
7.240,2,3.4400,-3.3363,0.267
7.240,3,4.2600,-1.4692,0.276
7.240,4,5.0800,0.3919,0.329
7.240,5,5.9000,-0.9427,0.307
7.240,6,6.7200,1.4154,0.328
7.240,7,7.5400,0.5950,0.305
7.240,8,8.3600,3.8680,0.282
7.240,9,9.1800,-0.7745,0.278
7.240,10,10.0000,-6.6645,0.305
7.240,11,10.8200,-2.1267,0.275
7.240,12,11.6400,-4.3396,0.320
7.240,13,12.4600,1.4636,0.266
7.240,14,13.2800,1.2634,0.318
7.240,15,14.1000,2.3349,0.295
7.280,0,1.8000,-0.7656,0.299
7.280,1,2.6200,-4.0913,0.289
7.280,2,3.4400,-3.3809,0.267
7.280,3,4.2600,-1.5027,0.276
7.280,4,5.0800,0.4246,0.329
7.280,5,5.9000,-0.9113,0.307
7.280,6,6.7200,1.4421,0.328
7.280,7,7.5400,0.6274,0.305
7.280,8,8.3600,3.9182,0.282
7.280,9,9.1800,-0.8111,0.278
7.280,10,10.0000,-6.7252,0.305
7.280,11,10.8200,-2.1637,0.275
7.280,12,11.6400,-4.3870,0.320
7.280,13,12.4600,1.4858,0.266
7.280,14,13.2800,1.2931,0.318
7.280,15,14.1000,2.3281,0.295
7.320,0,1.8000,-0.7459,0.299
7.320,1,2.6200,-4.1391,0.289
7.320,2,3.4400,-3.4259,0.267
7.320,3,4.2600,-1.5364,0.276
7.320,4,5.0800,0.4577,0.329
7.320,5,5.9000,-0.8796,0.307
7.320,6,6.7200,1.4690,0.328
7.320,7,7.5400,0.6600,0.305
7.320,8,8.3600,3.9686,0.282
7.320,9,9.1800,-0.8480,0.278
7.320,10,10.0000,-6.7862,0.305
7.320,11,10.8200,-2.2011,0.275
7.320,12,11.6400,-4.4347,0.320
7.320,13,12.4600,1.5082,0.266
7.320,14,13.2800,1.3232,0.318
7.320,15,14.1000,2.3212,0.295
7.360,0,1.8000,-0.7259,0.299
7.360,1,2.6200,-4.1871,0.289
7.360,2,3.4400,-3.4712,0.267
7.360,3,4.2600,-1.5704,0.276
7.360,4,5.0800,0.4911,0.329
7.360,5,5.9000,-0.8476,0.307
7.360,6,6.7200,1.4961,0.328
7.360,7,7.5400,0.6928,0.305
7.360,8,8.3600,4.0194,0.282
7.360,9,9.1800,-0.8853,0.278
7.360,10,10.0000,-6.8476,0.305
7.360,11,10.8200,-2.2387,0.275
7.360,12,11.6400,-4.4827,0.320
7.360,13,12.4600,1.5308,0.266
7.360,14,13.2800,1.3536,0.318
7.360,15,14.1000,2.3141,0.295
7.400,0,1.8000,-0.7058,0.299
7.400,1,2.6200,-4.2354,0.289
7.400,2,3.4400,-3.5168,0.267
7.400,3,4.2600,-1.6048,0.276
7.400,4,5.0800,0.5248,0.329
7.400,5,5.9000,-0.8153,0.307
7.400,6,6.7200,1.5233,0.328
7.400,7,7.5400,0.7260,0.305
7.400,8,8.3600,4.0704,0.282
7.400,9,9.1800,-0.9228,0.278
7.400,10,10.0000,-6.9093,0.305
7.400,11,10.8200,-2.2766,0.275
7.400,12,11.6400,-4.5311,0.320
7.400,13,12.4600,1.5537,0.266
7.400,14,13.2800,1.3843,0.318
7.400,15,14.1000,2.3068,0.295
7.440,0,1.8000,-0.6854,0.299
7.440,1,2.6200,-4.2840,0.289
7.440,2,3.4400,-3.5627,0.267
7.440,3,4.2600,-1.6394,0.276
7.440,4,5.0800,0.5588,0.329
7.440,5,5.9000,-0.7826,0.307
7.440,6,6.7200,1.5508,0.328
7.440,7,7.5400,0.7594,0.305
7.440,8,8.3600,4.1217,0.282
7.440,9,9.1800,-0.9607,0.278
7.440,10,10.0000,-6.9713,0.305
7.440,11,10.8200,-2.3148,0.275
7.440,12,11.6400,-4.5798,0.320
7.440,13,12.4600,1.5767,0.266
7.440,14,13.2800,1.4152,0.318
7.440,15,14.1000,2.2993,0.295
7.480,0,1.8000,-0.6649,0.299
7.480,1,2.6200,-4.3329,0.289
7.480,2,3.4400,-3.6089,0.267
7.480,3,4.2600,-1.6744,0.276
7.480,4,5.0800,0.5932,0.329
7.480,5,5.9000,-0.7497,0.307
7.480,6,6.7200,1.5785,0.328
7.480,7,7.5400,0.7931,0.305
7.480,8,8.3600,4.1733,0.282
7.480,9,9.1800,-0.9989,0.278
7.480,10,10.0000,-7.0337,0.305
7.480,11,10.8200,-2.3532,0.275
7.480,12,11.6400,-4.6289,0.320
7.480,13,12.4600,1.6000,0.266
7.480,14,13.2800,1.4465,0.318
7.480,15,14.1000,2.2917,0.295
7.520,0,1.8000,-0.6441,0.299
7.520,1,2.6200,-4.3820,0.289
7.520,2,3.4400,-3.6555,0.267
7.520,3,4.2600,-1.7096,0.276
7.520,4,5.0800,0.6278,0.329
7.520,5,5.9000,-0.7165,0.307
7.520,6,6.7200,1.6063,0.328
7.520,7,7.5400,0.8271,0.305
7.520,8,8.3600,4.2251,0.282
7.520,9,9.1800,-1.0375,0.278
7.520,10,10.0000,-7.0964,0.305
7.520,11,10.8200,-2.3920,0.275
7.520,12,11.6400,-4.6783,0.320
7.520,13,12.4600,1.6235,0.266
7.520,14,13.2800,1.4781,0.318
7.520,15,14.1000,2.2839,0.295
7.560,0,1.8000,-0.6231,0.299
7.560,1,2.6200,-4.4315,0.289
7.560,2,3.4400,-3.7024,0.267
7.560,3,4.2600,-1.7452,0.276
7.560,4,5.0800,0.6628,0.329
7.560,5,5.9000,-0.6829,0.307
7.560,6,6.7200,1.6344,0.328
7.560,7,7.5400,0.8614,0.305
7.560,8,8.3600,4.2772,0.282
7.560,9,9.1800,-1.0763,0.278
7.560,10,10.0000,-7.1595,0.305
7.560,11,10.8200,-2.4310,0.275
7.560,12,11.6400,-4.7281,0.320
7.560,13,12.4600,1.6472,0.266
7.560,14,13.2800,1.5099,0.318
7.560,15,14.1000,2.2758,0.295
7.600,0,1.8000,-0.6019,0.299
7.600,1,2.6200,-4.4812,0.289
7.600,2,3.4400,-3.7496,0.267
7.600,3,4.2600,-1.7810,0.276
7.600,4,5.0800,0.6981,0.329
7.600,5,5.9000,-0.6490,0.307
7.600,6,6.7200,1.6626,0.328
7.600,7,7.5400,0.8959,0.305
7.600,8,8.3600,4.3297,0.282
7.600,9,9.1800,-1.1155,0.278
7.600,10,10.0000,-7.2229,0.305
7.600,11,10.8200,-2.4703,0.275
7.600,12,11.6400,-4.7782,0.320
7.600,13,12.4600,1.6711,0.266
7.600,14,13.2800,1.5421,0.318
7.600,15,14.1000,2.2676,0.295
7.640,0,1.8000,-0.5804,0.299
7.640,1,2.6200,-4.5312,0.289
7.640,2,3.4400,-3.7971,0.267
7.640,3,4.2600,-1.8172,0.276
7.640,4,5.0800,0.7337,0.329
7.640,5,5.9000,-0.6149,0.307
7.640,6,6.7200,1.6910,0.328
7.640,7,7.5400,0.9307,0.305
7.640,8,8.3600,4.3823,0.282
7.640,9,9.1800,-1.1550,0.278
7.640,10,10.0000,-7.2866,0.305
7.640,11,10.8200,-2.5098,0.275
7.640,12,11.6400,-4.8287,0.320
7.640,13,12.4600,1.6952,0.266
7.640,14,13.2800,1.5745,0.318
7.640,15,14.1000,2.2593,0.295
7.680,0,1.8000,-0.5588,0.299
7.680,1,2.6200,-4.5815,0.289
7.680,2,3.4400,-3.8449,0.267
7.680,3,4.2600,-1.8537,0.276
7.680,4,5.0800,0.7696,0.329
7.680,5,5.9000,-0.5804,0.307
7.680,6,6.7200,1.7197,0.328
7.680,7,7.5400,0.9658,0.305
7.680,8,8.3600,4.4353,0.282
7.680,9,9.1800,-1.1949,0.278
7.680,10,10.0000,-7.3507,0.305
7.680,11,10.8200,-2.5497,0.275
7.680,12,11.6400,-4.8795,0.320
7.680,13,12.4600,1.7195,0.266
7.680,14,13.2800,1.6072,0.318
7.680,15,14.1000,2.2507,0.295
7.720,0,1.8000,-0.5369,0.299
7.720,1,2.6200,-4.6321,0.289
7.720,2,3.4400,-3.8931,0.267
7.720,3,4.2600,-1.8904,0.276
7.720,4,5.0800,0.8058,0.329
7.720,5,5.9000,-0.5456,0.307
7.720,6,6.7200,1.7485,0.328
7.720,7,7.5400,1.0011,0.305
7.720,8,8.3600,4.4886,0.282
7.720,9,9.1800,-1.2351,0.278
7.720,10,10.0000,-7.4151,0.305
7.720,11,10.8200,-2.5898,0.275
7.720,12,11.6400,-4.9307,0.320
7.720,13,12.4600,1.7441,0.266
7.720,14,13.2800,1.6403,0.318
7.720,15,14.1000,2.2419,0.295
7.760,0,1.8000,-0.5149,0.299
7.760,1,2.6200,-4.6830,0.289
7.760,2,3.4400,-3.9415,0.267
7.760,3,4.2600,-1.9275,0.276
7.760,4,5.0800,0.8423,0.329
7.760,5,5.9000,-0.5105,0.307
7.760,6,6.7200,1.7775,0.328
7.760,7,7.5400,1.0368,0.305
7.760,8,8.3600,4.5421,0.282
7.760,9,9.1800,-1.2756,0.278
7.760,10,10.0000,-7.4799,0.305
7.760,11,10.8200,-2.6302,0.275
7.760,12,11.6400,-4.9822,0.320
7.760,13,12.4600,1.7688,0.266
7.760,14,13.2800,1.6736,0.318
7.760,15,14.1000,2.2330,0.295
7.800,0,1.8000,-0.4926,0.299
7.800,1,2.6200,-4.7341,0.289
7.800,2,3.4400,-3.9903,0.267
7.800,3,4.2600,-1.9649,0.276
7.800,4,5.0800,0.8792,0.329
7.800,5,5.9000,-0.4751,0.307
7.800,6,6.7200,1.8067,0.328
7.800,7,7.5400,1.0727,0.305
7.800,8,8.3600,4.5959,0.282
7.800,9,9.1800,-1.3164,0.278
7.800,10,10.0000,-7.5450,0.305
7.800,11,10.8200,-2.6708,0.275
7.800,12,11.6400,-5.0340,0.320
7.800,13,12.4600,1.7938,0.266
7.800,14,13.2800,1.7072,0.318
7.800,15,14.1000,2.2239,0.295
7.840,0,1.8000,-0.4701,0.299
7.840,1,2.6200,-4.7856,0.289
7.840,2,3.4400,-4.0394,0.267
7.840,3,4.2600,-2.0026,0.276
7.840,4,5.0800,0.9163,0.329
7.840,5,5.9000,-0.4394,0.307
7.840,6,6.7200,1.8361,0.328
7.840,7,7.5400,1.1089,0.305
7.840,8,8.3600,4.6500,0.282
7.840,9,9.1800,-1.3576,0.278
7.840,10,10.0000,-7.6105,0.305
7.840,11,10.8200,-2.7118,0.275
7.840,12,11.6400,-5.0862,0.320
7.840,13,12.4600,1.8190,0.266
7.840,14,13.2800,1.7411,0.318
7.840,15,14.1000,2.2146,0.295
7.880,0,1.8000,-0.4473,0.299
7.880,1,2.6200,-4.8373,0.289
7.880,2,3.4400,-4.0888,0.267
7.880,3,4.2600,-2.0406,0.276
7.880,4,5.0800,0.9538,0.329
7.880,5,5.9000,-0.4033,0.307
7.880,6,6.7200,1.8657,0.328
7.880,7,7.5400,1.1454,0.305
7.880,8,8.3600,4.7043,0.282
7.880,9,9.1800,-1.3991,0.278
7.880,10,10.0000,-7.6763,0.305
7.880,11,10.8200,-2.7530,0.275
7.880,12,11.6400,-5.1388,0.320
7.880,13,12.4600,1.8444,0.266
7.880,14,13.2800,1.7754,0.318
7.880,15,14.1000,2.2052,0.295
7.920,0,1.8000,-0.4244,0.299
7.920,1,2.6200,-4.8893,0.289
7.920,2,3.4400,-4.1386,0.267
7.920,3,4.2600,-2.0789,0.276
7.920,4,5.0800,0.9916,0.329
7.920,5,5.9000,-0.3670,0.307
7.920,6,6.7200,1.8955,0.328
7.920,7,7.5400,1.1821,0.305
7.920,8,8.3600,4.7589,0.282
7.920,9,9.1800,-1.4409,0.278
7.920,10,10.0000,-7.7424,0.305
7.920,11,10.8200,-2.7945,0.275
7.920,12,11.6400,-5.1917,0.320
7.920,13,12.4600,1.8700,0.266
7.920,14,13.2800,1.8099,0.318
7.920,15,14.1000,2.1955,0.295
7.960,0,1.8000,-0.4013,0.299
7.960,1,2.6200,-4.9416,0.289
7.960,2,3.4400,-4.1886,0.267
7.960,3,4.2600,-2.1174,0.276
7.960,4,5.0800,1.0297,0.329
7.960,5,5.9000,-0.3303,0.307
7.960,6,6.7200,1.9255,0.328
7.960,7,7.5400,1.2191,0.305
7.960,8,8.3600,4.8139,0.282
7.960,9,9.1800,-1.4830,0.278
7.960,10,10.0000,-7.8089,0.305
7.960,11,10.8200,-2.8363,0.275
7.960,12,11.6400,-5.2449,0.320
7.960,13,12.4600,1.8958,0.266
7.960,14,13.2800,1.8447,0.318
7.960,15,14.1000,2.1857,0.295
8.000,0,1.8000,-0.3779,0.299
8.000,1,2.6200,-4.9942,0.289
8.000,2,3.4400,-4.2390,0.267
8.000,3,4.2600,-2.1563,0.276
8.000,4,5.0800,1.0681,0.329
8.000,5,5.9000,-0.2934,0.307
8.000,6,6.7200,1.9557,0.328
8.000,7,7.5400,1.2564,0.305
8.000,8,8.3600,4.8690,0.282
8.000,9,9.1800,-1.5255,0.278
8.000,10,10.0000,-7.8757,0.305
8.000,11,10.8200,-2.8783,0.275
8.000,12,11.6400,-5.2985,0.320
8.000,13,12.4600,1.9218,0.266
8.000,14,13.2800,1.8798,0.318
8.000,15,14.1000,2.1756,0.295
8.040,0,1.8000,-0.3543,0.299
8.040,1,2.6200,-5.0471,0.289
8.040,2,3.4400,-4.2897,0.267
8.040,3,4.2600,-2.1956,0.276
8.040,4,5.0800,1.1069,0.329
8.040,5,5.9000,-0.2561,0.307
8.040,6,6.7200,1.9861,0.328
8.040,7,7.5400,1.2940,0.305
8.040,8,8.3600,4.9245,0.282
8.040,9,9.1800,-1.5683,0.278
8.040,10,10.0000,-7.9428,0.305
8.040,11,10.8200,-2.9207,0.275
8.040,12,11.6400,-5.3524,0.320
8.040,13,12.4600,1.9481,0.266
8.040,14,13.2800,1.9152,0.318
8.040,15,14.1000,2.1654,0.295
8.080,0,1.8000,-0.3305,0.299
8.080,1,2.6200,-5.1002,0.289
8.080,2,3.4400,-4.3407,0.267
8.080,3,4.2600,-2.2351,0.276
8.080,4,5.0800,1.1459,0.329
8.080,5,5.9000,-0.2185,0.307
8.080,6,6.7200,2.0167,0.328
8.080,7,7.5400,1.3318,0.305
8.080,8,8.3600,4.9803,0.282
8.080,9,9.1800,-1.6114,0.278
8.080,10,10.0000,-8.0103,0.305
8.080,11,10.8200,-2.9633,0.275
8.080,12,11.6400,-5.4067,0.320
8.080,13,12.4600,1.9745,0.266
8.080,14,13.2800,1.9509,0.318
8.080,15,14.1000,2.1551,0.295
8.120,0,1.8000,-0.3065,0.299
8.120,1,2.6200,-5.1537,0.289
8.120,2,3.4400,-4.3920,0.267
8.120,3,4.2600,-2.2749,0.276
8.120,4,5.0800,1.1853,0.329
8.120,5,5.9000,-0.1806,0.307
8.120,6,6.7200,2.0475,0.328
8.120,7,7.5400,1.3700,0.305
8.120,8,8.3600,5.0363,0.282
8.120,9,9.1800,-1.6548,0.278
8.120,10,10.0000,-8.0782,0.305
8.120,11,10.8200,-3.0062,0.275
8.120,12,11.6400,-5.4613,0.320
8.120,13,12.4600,2.0012,0.266
8.120,14,13.2800,1.9868,0.318
8.120,15,14.1000,2.1445,0.295
8.160,0,1.8000,-0.2823,0.299
8.160,1,2.6200,-5.2074,0.289
8.160,2,3.4400,-4.4437,0.267
8.160,3,4.2600,-2.3150,0.276
8.160,4,5.0800,1.2250,0.329
8.160,5,5.9000,-0.1424,0.307
8.160,6,6.7200,2.0784,0.328
8.160,7,7.5400,1.4084,0.305
8.160,8,8.3600,5.0926,0.282
8.160,9,9.1800,-1.6986,0.278
8.160,10,10.0000,-8.1463,0.305
8.160,11,10.8200,-3.0493,0.275
8.160,12,11.6400,-5.5163,0.320
8.160,13,12.4600,2.0281,0.266
8.160,14,13.2800,2.0231,0.318
8.160,15,14.1000,2.1338,0.295
8.200,0,1.8000,-0.2578,0.299
8.200,1,2.6200,-5.2614,0.289
8.200,2,3.4400,-4.4957,0.267
8.200,3,4.2600,-2.3554,0.276
8.200,4,5.0800,1.2650,0.329
8.200,5,5.9000,-0.1039,0.307
8.200,6,6.7200,2.1096,0.328
8.200,7,7.5400,1.4470,0.305
8.200,8,8.3600,5.1492,0.282
8.200,9,9.1800,-1.7427,0.278
8.200,10,10.0000,-8.2149,0.305
8.200,11,10.8200,-3.0928,0.275
8.200,12,11.6400,-5.5716,0.320
8.200,13,12.4600,2.0551,0.266
8.200,14,13.2800,2.0597,0.318
8.200,15,14.1000,2.1228,0.295
8.240,0,1.8000,-0.2332,0.299
8.240,1,2.6200,-5.3157,0.289
8.240,2,3.4400,-4.5479,0.267
8.240,3,4.2600,-2.3961,0.276
8.240,4,5.0800,1.3053,0.329
8.240,5,5.9000,-0.0651,0.307
8.240,6,6.7200,2.1409,0.328
8.240,7,7.5400,1.4860,0.305
8.240,8,8.3600,5.2060,0.282
8.240,9,9.1800,-1.7871,0.278
8.240,10,10.0000,-8.2837,0.305
8.240,11,10.8200,-3.1365,0.275
8.240,12,11.6400,-5.6273,0.320
8.240,13,12.4600,2.0825,0.266
8.240,14,13.2800,2.0966,0.318
8.240,15,14.1000,2.1117,0.295
8.280,0,1.8000,-0.2083,0.299
8.280,1,2.6200,-5.3703,0.289
8.280,2,3.4400,-4.6005,0.267
8.280,3,4.2600,-2.4372,0.276
8.280,4,5.0800,1.3459,0.329
8.280,5,5.9000,-0.0260,0.307
8.280,6,6.7200,2.1725,0.328
8.280,7,7.5400,1.5252,0.305
8.280,8,8.3600,5.2632,0.282
8.280,9,9.1800,-1.8319,0.278
8.280,10,10.0000,-8.3529,0.305
8.280,11,10.8200,-3.1805,0.275
8.280,12,11.6400,-5.6833,0.320
8.280,13,12.4600,2.1100,0.266
8.280,14,13.2800,2.1337,0.318
8.280,15,14.1000,2.1004,0.295
8.320,0,1.8000,-0.1832,0.299
8.320,1,2.6200,-5.4251,0.289
8.320,2,3.4400,-4.6535,0.267
8.320,3,4.2600,-2.4785,0.276
8.320,4,5.0800,1.3868,0.329
8.320,5,5.9000,0.0135,0.307
8.320,6,6.7200,2.2042,0.328
8.320,7,7.5400,1.5647,0.305
8.320,8,8.3600,5.3206,0.282
8.320,9,9.1800,-1.8770,0.278
8.320,10,10.0000,-8.4225,0.305
8.320,11,10.8200,-3.2247,0.275
8.320,12,11.6400,-5.7397,0.320
8.320,13,12.4600,2.1377,0.266
8.320,14,13.2800,2.1712,0.318
8.320,15,14.1000,2.0890,0.295
8.360,0,1.8000,-0.1579,0.299
8.360,1,2.6200,-5.4803,0.289
8.360,2,3.4400,-4.7067,0.267
8.360,3,4.2600,-2.5201,0.276
8.360,4,5.0800,1.4281,0.329
8.360,5,5.9000,0.0532,0.307
8.360,6,6.7200,2.2361,0.328
8.360,7,7.5400,1.6045,0.305
8.360,8,8.3600,5.3783,0.282
8.360,9,9.1800,-1.9224,0.278
8.360,10,10.0000,-8.4923,0.305
8.360,11,10.8200,-3.2693,0.275
8.360,12,11.6400,-5.7964,0.320
8.360,13,12.4600,2.1656,0.266
8.360,14,13.2800,2.2090,0.318
8.360,15,14.1000,2.0773,0.295
8.400,0,1.8000,-0.1324,0.299
8.400,1,2.6200,-5.5357,0.289
8.400,2,3.4400,-4.7603,0.267
8.400,3,4.2600,-2.5621,0.276
8.400,4,5.0800,1.4696,0.329
8.400,5,5.9000,0.0932,0.307
8.400,6,6.7200,2.2683,0.328
8.400,7,7.5400,1.6446,0.305
8.400,8,8.3600,5.4362,0.282
8.400,9,9.1800,-1.9681,0.278
8.400,10,10.0000,-8.5626,0.305
8.400,11,10.8200,-3.3141,0.275
8.400,12,11.6400,-5.8534,0.320
8.400,13,12.4600,2.1938,0.266
8.400,14,13.2800,2.2470,0.318
8.400,15,14.1000,2.0655,0.295
8.440,0,1.8000,-0.1067,0.299
8.440,1,2.6200,-5.5914,0.289
8.440,2,3.4400,-4.8141,0.267
8.440,3,4.2600,-2.6043,0.276
8.440,4,5.0800,1.5115,0.329
8.440,5,5.9000,0.1336,0.307
8.440,6,6.7200,2.3006,0.328
8.440,7,7.5400,1.6849,0.305
8.440,8,8.3600,5.4945,0.282
8.440,9,9.1800,-2.0142,0.278
8.440,10,10.0000,-8.6331,0.305
8.440,11,10.8200,-3.3592,0.275
8.440,12,11.6400,-5.9108,0.320
8.440,13,12.4600,2.2221,0.266
8.440,14,13.2800,2.2853,0.318
8.440,15,14.1000,2.0535,0.295
8.480,0,1.8000,-0.0807,0.299
8.480,1,2.6200,-5.6475,0.289
8.480,2,3.4400,-4.8683,0.267
8.480,3,4.2600,-2.6469,0.276
8.480,4,5.0800,1.5537,0.329
8.480,5,5.9000,0.1743,0.307
8.480,6,6.7200,2.3331,0.328
8.480,7,7.5400,1.7255,0.305
8.480,8,8.3600,5.5530,0.282
8.480,9,9.1800,-2.0606,0.278
8.480,10,10.0000,-8.7040,0.305
8.480,11,10.8200,-3.4046,0.275
8.480,12,11.6400,-5.9686,0.320
8.480,13,12.4600,2.2507,0.266
8.480,14,13.2800,2.3240,0.318
8.480,15,14.1000,2.0413,0.295
8.520,0,1.8000,-0.0546,0.299
8.520,1,2.6200,-5.7037,0.289
8.520,2,3.4400,-4.9228,0.267
8.520,3,4.2600,-2.6897,0.276
8.520,4,5.0800,1.5962,0.329
8.520,5,5.9000,0.2153,0.307
8.520,6,6.7200,2.3658,0.328
8.520,7,7.5400,1.7664,0.305
8.520,8,8.3600,5.6118,0.282
8.520,9,9.1800,-2.1073,0.278
8.520,10,10.0000,-8.7753,0.305
8.520,11,10.8200,-3.4502,0.275
8.520,12,11.6400,-6.0267,0.320
8.520,13,12.4600,2.2795,0.266
8.520,14,13.2800,2.3629,0.318
8.520,15,14.1000,2.0289,0.295
8.560,0,1.8000,-0.0282,0.299
8.560,1,2.6200,-5.7603,0.289
8.560,2,3.4400,-4.9777,0.267
8.560,3,4.2600,-2.7329,0.276
8.560,4,5.0800,1.6390,0.329
8.560,5,5.9000,0.2566,0.307
8.560,6,6.7200,2.3987,0.328
8.560,7,7.5400,1.8076,0.305
8.560,8,8.3600,5.6709,0.282
8.560,9,9.1800,-2.1543,0.278
8.560,10,10.0000,-8.8469,0.305
8.560,11,10.8200,-3.4961,0.275
8.560,12,11.6400,-6.0851,0.320
8.560,13,12.4600,2.3085,0.266
8.560,14,13.2800,2.4022,0.318
8.560,15,14.1000,2.0163,0.295
8.600,0,1.8000,-0.0016,0.299
8.600,1,2.6200,-5.8172,0.289
8.600,2,3.4400,-5.0328,0.267
8.600,3,4.2600,-2.7764,0.276
8.600,4,5.0800,1.6822,0.329
8.600,5,5.9000,0.2982,0.307
8.600,6,6.7200,2.4318,0.328
8.600,7,7.5400,1.8490,0.305
8.600,8,8.3600,5.7303,0.282
8.600,9,9.1800,-2.2017,0.278
8.600,10,10.0000,-8.9188,0.305
8.600,11,10.8200,-3.5423,0.275
8.600,12,11.6400,-6.1439,0.320
8.600,13,12.4600,2.3377,0.266
8.600,14,13.2800,2.4417,0.318
8.600,15,14.1000,2.0036,0.295
8.640,0,1.8000,0.0252,0.299
8.640,1,2.6200,-5.8743,0.289
8.640,2,3.4400,-5.0883,0.267
8.640,3,4.2600,-2.8201,0.276
8.640,4,5.0800,1.7256,0.329
8.640,5,5.9000,0.3401,0.307
8.640,6,6.7200,2.4651,0.328
8.640,7,7.5400,1.8907,0.305
8.640,8,8.3600,5.7899,0.282
8.640,9,9.1800,-2.2494,0.278
8.640,10,10.0000,-8.9911,0.305
8.640,11,10.8200,-3.5888,0.275
8.640,12,11.6400,-6.2030,0.320
8.640,13,12.4600,2.3671,0.266
8.640,14,13.2800,2.4815,0.318
8.640,15,14.1000,1.9907,0.295
8.680,0,1.8000,0.0522,0.299
8.680,1,2.6200,-5.9318,0.289
8.680,2,3.4400,-5.1441,0.267
8.680,3,4.2600,-2.8642,0.276
8.680,4,5.0800,1.7694,0.329
8.680,5,5.9000,0.3823,0.307
8.680,6,6.7200,2.4986,0.328
8.680,7,7.5400,1.9327,0.305
8.680,8,8.3600,5.8498,0.282
8.680,9,9.1800,-2.2974,0.278
8.680,10,10.0000,-9.0637,0.305
8.680,11,10.8200,-3.6356,0.275
8.680,12,11.6400,-6.2625,0.320
8.680,13,12.4600,2.3968,0.266
8.680,14,13.2800,2.5216,0.318
8.680,15,14.1000,1.9776,0.295
8.720,0,1.8000,0.0795,0.299
8.720,1,2.6200,-5.9895,0.289
8.720,2,3.4400,-5.2002,0.267
8.720,3,4.2600,-2.9086,0.276
8.720,4,5.0800,1.8135,0.329
8.720,5,5.9000,0.4248,0.307
8.720,6,6.7200,2.5323,0.328
8.720,7,7.5400,1.9750,0.305
8.720,8,8.3600,5.9100,0.282
8.720,9,9.1800,-2.3458,0.278
8.720,10,10.0000,-9.1366,0.305
8.720,11,10.8200,-3.6826,0.275
8.720,12,11.6400,-6.3223,0.320
8.720,13,12.4600,2.4266,0.266
8.720,14,13.2800,2.5620,0.318
8.720,15,14.1000,1.9643,0.295
8.760,0,1.8000,0.1069,0.299
8.760,1,2.6200,-6.0475,0.289
8.760,2,3.4400,-5.2566,0.267
8.760,3,4.2600,-2.9533,0.276
8.760,4,5.0800,1.8579,0.329
8.760,5,5.9000,0.4677,0.307
8.760,6,6.7200,2.5662,0.328
8.760,7,7.5400,2.0175,0.305
8.760,8,8.3600,5.9705,0.282
8.760,9,9.1800,-2.3945,0.278
8.760,10,10.0000,-9.2099,0.305
8.760,11,10.8200,-3.7299,0.275
8.760,12,11.6400,-6.3825,0.320
8.760,13,12.4600,2.4567,0.266
8.760,14,13.2800,2.6027,0.318
8.760,15,14.1000,1.9508,0.295
8.800,0,1.8000,0.1346,0.299
8.800,1,2.6200,-6.1058,0.289
8.800,2,3.4400,-5.3133,0.267
8.800,3,4.2600,-2.9982,0.276
8.800,4,5.0800,1.9026,0.329
8.800,5,5.9000,0.5108,0.307
8.800,6,6.7200,2.6002,0.328
8.800,7,7.5400,2.0604,0.305
8.800,8,8.3600,6.0313,0.282
8.800,9,9.1800,-2.4435,0.278
8.800,10,10.0000,-9.2835,0.305
8.800,11,10.8200,-3.7775,0.275
8.800,12,11.6400,-6.4430,0.320
8.800,13,12.4600,2.4870,0.266
8.800,14,13.2800,2.6437,0.318
8.800,15,14.1000,1.9371,0.295
8.840,0,1.8000,0.1625,0.299
8.840,1,2.6200,-6.1644,0.289
8.840,2,3.4400,-5.3704,0.267
8.840,3,4.2600,-3.0435,0.276
8.840,4,5.0800,1.9476,0.329
8.840,5,5.9000,0.5543,0.307
8.840,6,6.7200,2.6345,0.328
8.840,7,7.5400,2.1034,0.305
8.840,8,8.3600,6.0923,0.282
8.840,9,9.1800,-2.4928,0.278
8.840,10,10.0000,-9.3575,0.305
8.840,11,10.8200,-3.8254,0.275
8.840,12,11.6400,-6.5039,0.320
8.840,13,12.4600,2.5174,0.266
8.840,14,13.2800,2.6850,0.318
8.840,15,14.1000,1.9233,0.295
8.880,0,1.8000,0.1905,0.299
8.880,1,2.6200,-6.2232,0.289
8.880,2,3.4400,-5.4278,0.267
8.880,3,4.2600,-3.0891,0.276
8.880,4,5.0800,1.9929,0.329
8.880,5,5.9000,0.5980,0.307
8.880,6,6.7200,2.6690,0.328
8.880,7,7.5400,2.1468,0.305
8.880,8,8.3600,6.1536,0.282
8.880,9,9.1800,-2.5425,0.278
8.880,10,10.0000,-9.4318,0.305
8.880,11,10.8200,-3.8735,0.275
8.880,12,11.6400,-6.5651,0.320
8.880,13,12.4600,2.5481,0.266
8.880,14,13.2800,2.7266,0.318
8.880,15,14.1000,1.9093,0.295
8.920,0,1.8000,0.2189,0.299
8.920,1,2.6200,-6.2824,0.289
8.920,2,3.4400,-5.4855,0.267
8.920,3,4.2600,-3.1350,0.276
8.920,4,5.0800,2.0386,0.329
8.920,5,5.9000,0.6421,0.307
8.920,6,6.7200,2.7036,0.328
8.920,7,7.5400,2.1905,0.305
8.920,8,8.3600,6.2152,0.282
8.920,9,9.1800,-2.5925,0.278
8.920,10,10.0000,-9.5065,0.305
8.920,11,10.8200,-3.9219,0.275
8.920,12,11.6400,-6.6266,0.320
8.920,13,12.4600,2.5790,0.266
8.920,14,13.2800,2.7685,0.318
8.920,15,14.1000,1.8951,0.295
8.960,0,1.8000,0.2474,0.299
8.960,1,2.6200,-6.3418,0.289
8.960,2,3.4400,-5.5435,0.267
8.960,3,4.2600,-3.1812,0.276
8.960,4,5.0800,2.0845,0.329
8.960,5,5.9000,0.6865,0.307
8.960,6,6.7200,2.7385,0.328
8.960,7,7.5400,2.2344,0.305
8.960,8,8.3600,6.2771,0.282
8.960,9,9.1800,-2.6428,0.278
8.960,10,10.0000,-9.5815,0.305
8.960,11,10.8200,-3.9706,0.275
8.960,12,11.6400,-6.6885,0.320
8.960,13,12.4600,2.6102,0.266
8.960,14,13.2800,2.8107,0.318
8.960,15,14.1000,1.8807,0.295
9.000,0,1.8000,0.2761,0.299
9.000,1,2.6200,-6.4015,0.289
9.000,2,3.4400,-5.6018,0.267
9.000,3,4.2600,-3.2277,0.276
9.000,4,5.0800,2.1308,0.329
9.000,5,5.9000,0.7312,0.307
9.000,6,6.7200,2.7735,0.328
9.000,7,7.5400,2.2786,0.305
9.000,8,8.3600,6.3392,0.282
9.000,9,9.1800,-2.6934,0.278
9.000,10,10.0000,-9.6568,0.305
9.000,11,10.8200,-4.0196,0.275
9.000,12,11.6400,-6.7508,0.320
9.000,13,12.4600,2.6415,0.266
9.000,14,13.2800,2.8532,0.318
9.000,15,14.1000,1.8662,0.295
9.040,0,1.8000,0.3051,0.299
9.040,1,2.6200,-6.4615,0.289
9.040,2,3.4400,-5.6604,0.267
9.040,3,4.2600,-3.2745,0.276
9.040,4,5.0800,2.1774,0.329
9.040,5,5.9000,0.7762,0.307
9.040,6,6.7200,2.8088,0.328
9.040,7,7.5400,2.3231,0.305
9.040,8,8.3600,6.4016,0.282
9.040,9,9.1800,-2.7444,0.278
9.040,10,10.0000,-9.7325,0.305
9.040,11,10.8200,-4.0689,0.275
9.040,12,11.6400,-6.8134,0.320
9.040,13,12.4600,2.6730,0.266
9.040,14,13.2800,2.8960,0.318
9.040,15,14.1000,1.8514,0.295
9.080,0,1.8000,0.3342,0.299
9.080,1,2.6200,-6.5218,0.289
9.080,2,3.4400,-5.7194,0.267
9.080,3,4.2600,-3.3216,0.276
9.080,4,5.0800,2.2243,0.329
9.080,5,5.9000,0.8215,0.307
9.080,6,6.7200,2.8442,0.328
9.080,7,7.5400,2.3678,0.305
9.080,8,8.3600,6.4643,0.282
9.080,9,9.1800,-2.7957,0.278
9.080,10,10.0000,-9.8085,0.305
9.080,11,10.8200,-4.1184,0.275
9.080,12,11.6400,-6.8763,0.320
9.080,13,12.4600,2.7048,0.266
9.080,14,13.2800,2.9390,0.318
9.080,15,14.1000,1.8365,0.295
9.120,0,1.8000,0.3636,0.299
9.120,1,2.6200,-6.5824,0.289
9.120,2,3.4400,-5.7787,0.267
9.120,3,4.2600,-3.3691,0.276
9.120,4,5.0800,2.2715,0.329
9.120,5,5.9000,0.8671,0.307
9.120,6,6.7200,2.8798,0.328
9.120,7,7.5400,2.4129,0.305
9.120,8,8.3600,6.5273,0.282
9.120,9,9.1800,-2.8473,0.278
9.120,10,10.0000,-9.8849,0.305
9.120,11,10.8200,-4.1682,0.275
9.120,12,11.6400,-6.9396,0.320
9.120,13,12.4600,2.7368,0.266
9.120,14,13.2800,2.9824,0.318
9.120,15,14.1000,1.8214,0.295
9.160,0,1.8000,0.3932,0.299
9.160,1,2.6200,-6.6432,0.289
9.160,2,3.4400,-5.8383,0.267
9.160,3,4.2600,-3.4168,0.276
9.160,4,5.0800,2.3191,0.329
9.160,5,5.9000,0.9131,0.307
9.160,6,6.7200,2.9156,0.328
9.160,7,7.5400,2.4582,0.305
9.160,8,8.3600,6.5906,0.282
9.160,9,9.1800,-2.8992,0.278
9.160,10,10.0000,-9.9616,0.305
9.160,11,10.8200,-4.2183,0.275
9.160,12,11.6400,-7.0033,0.320
9.160,13,12.4600,2.7690,0.266
9.160,14,13.2800,3.0260,0.318
9.160,15,14.1000,1.8061,0.295
9.200,0,1.8000,0.4230,0.299
9.200,1,2.6200,-6.7044,0.289
9.200,2,3.4400,-5.8982,0.267
9.200,3,4.2600,-3.4648,0.276
9.200,4,5.0800,2.3669,0.329
9.200,5,5.9000,0.9593,0.307
9.200,6,6.7200,2.9516,0.328
9.200,7,7.5400,2.5038,0.305
9.200,8,8.3600,6.6541,0.282
9.200,9,9.1800,-2.9515,0.278
9.200,10,10.0000,-10.0386,0.305
9.200,11,10.8200,-4.2686,0.275
9.200,12,11.6400,-7.0673,0.320
9.200,13,12.4600,2.8014,0.266
9.200,14,13.2800,3.0700,0.318
9.200,15,14.1000,1.7906,0.295
9.240,0,1.8000,0.4531,0.299
9.240,1,2.6200,-6.7658,0.289
9.240,2,3.4400,-5.9585,0.267
9.240,3,4.2600,-3.5131,0.276
9.240,4,5.0800,2.4151,0.329
9.240,5,5.9000,1.0059,0.307
9.240,6,6.7200,2.9879,0.328
9.240,7,7.5400,2.5496,0.305
9.240,8,8.3600,6.7179,0.282
9.240,9,9.1800,-3.0041,0.278
9.240,10,10.0000,-10.1160,0.305
9.240,11,10.8200,-4.3193,0.275
9.240,12,11.6400,-7.1316,0.320
9.240,13,12.4600,2.8340,0.266
9.240,14,13.2800,3.1142,0.318
9.240,15,14.1000,1.7750,0.295
9.280,0,1.8000,0.4833,0.299
9.280,1,2.6200,-6.8275,0.289
9.280,2,3.4400,-6.0190,0.267
9.280,3,4.2600,-3.5618,0.276
9.280,4,5.0800,2.4636,0.329
9.280,5,5.9000,1.0527,0.307
9.280,6,6.7200,3.0243,0.328
9.280,7,7.5400,2.5958,0.305
9.280,8,8.3600,6.7820,0.282
9.280,9,9.1800,-3.0571,0.278
9.280,10,10.0000,-10.1937,0.305
9.280,11,10.8200,-4.3702,0.275
9.280,12,11.6400,-7.1963,0.320
9.280,13,12.4600,2.8668,0.266
9.280,14,13.2800,3.1588,0.318
9.280,15,14.1000,1.7592,0.295
9.320,0,1.8000,0.5138,0.299
9.320,1,2.6200,-6.8895,0.289
9.320,2,3.4400,-6.0799,0.267
9.320,3,4.2600,-3.6107,0.276
9.320,4,5.0800,2.5124,0.329
9.320,5,5.9000,1.0999,0.307
9.320,6,6.7200,3.0609,0.328
9.320,7,7.5400,2.6422,0.305
9.320,8,8.3600,6.8464,0.282
9.320,9,9.1800,-3.1103,0.278
9.320,10,10.0000,-10.2718,0.305
9.320,11,10.8200,-4.4214,0.275
9.320,12,11.6400,-7.2613,0.320
9.320,13,12.4600,2.8998,0.266
9.320,14,13.2800,3.2036,0.318
9.320,15,14.1000,1.7431,0.295
9.360,0,1.8000,0.5445,0.299
9.360,1,2.6200,-6.9518,0.289
9.360,2,3.4400,-6.1411,0.267
9.360,3,4.2600,-3.6600,0.276
9.360,4,5.0800,2.5615,0.329
9.360,5,5.9000,1.1474,0.307
9.360,6,6.7200,3.0976,0.328
9.360,7,7.5400,2.6889,0.305
9.360,8,8.3600,6.9110,0.282
9.360,9,9.1800,-3.1639,0.278
9.360,10,10.0000,-10.3502,0.305
9.360,11,10.8200,-4.4728,0.275
9.360,12,11.6400,-7.3267,0.320
9.360,13,12.4600,2.9331,0.266
9.360,14,13.2800,3.2488,0.318
9.360,15,14.1000,1.7269,0.295
9.400,0,1.8000,0.5753,0.299
9.400,1,2.6200,-7.0144,0.289
9.400,2,3.4400,-6.2026,0.267
9.400,3,4.2600,-3.7095,0.276
9.400,4,5.0800,2.6109,0.329
9.400,5,5.9000,1.1952,0.307
9.400,6,6.7200,3.1346,0.328
9.400,7,7.5400,2.7358,0.305
9.400,8,8.3600,6.9760,0.282
9.400,9,9.1800,-3.2178,0.278
9.400,10,10.0000,-10.4289,0.305
9.400,11,10.8200,-4.5246,0.275
9.400,12,11.6400,-7.3924,0.320
9.400,13,12.4600,2.9665,0.266
9.400,14,13.2800,3.2942,0.318
9.400,15,14.1000,1.7106,0.295
